id,name,address,district,lng,lat,type,facility_type,keyword
BV10006454,北京南站(地铁站),14号线;4号线/大兴线,丰台区,116.379008,39.865012,交通设施服务;地铁站;地铁站,地铁站,地铁站
BV10000102,北京西站(地铁站),7号线;9号线,丰台区,116.321262,39.894763,交通设施服务;地铁站;地铁站,地铁站,地铁站
BV10013461,国贸(地铁站),10号线;1号线/八通线,朝阳区,116.461841,39.909104,交通设施服务;地铁站;地铁站,地铁站,地铁站
BV10000222,草桥(地铁站),(在建)大兴机场线北延;10号线;19号线;大兴机场线,丰台区,116.351387,39.845869,交通设施服务;地铁站;地铁站,地铁站,地铁站
BV10013367,十里河(地铁站),10号线;14号线;17号线,朝阳区,116.458103,39.866135,交通设施服务;地铁站;地铁站,地铁站,地铁站
BV10000743,宋家庄(地铁站),10号线;5号线;亦庄线,丰台区,116.428368,39.845849,交通设施服务;地铁站;地铁站,地铁站,地铁站
BV10003869,天宫院(地铁站),4号线/大兴线,大兴区,116.319932,39.670342,交通设施服务;地铁站;地铁站,地铁站,地铁站
BV10013475,六里桥(地铁站),10号线;9号线,丰台区,116.302808,39.880239,交通设施服务;地铁站;地铁站,地铁站,地铁站
BV10001595,西直门(地铁站),13号线;2号线;4号线/大兴线,西城区,116.355426,39.940474,交通设施服务;地铁站;地铁站,地铁站,地铁站
BV10006496,王府井(地铁站),1号线/八通线;8号线,东城区,116.411571,39.908069,交通设施服务;地铁站;地铁站,地铁站,地铁站
BV10002731,东直门(地铁站),(在建)13B号线;13号线;2号线;首都机场线,东城区,116.435842,39.941626,交通设施服务;地铁站;地铁站,地铁站,地铁站
BV10013495,丰台站(地铁站),10号线;16号线,丰台区,116.304501,39.850249,交通设施服务;地铁站;地铁站,地铁站,地铁站
BV10000571,朱辛庄(地铁站),8号线;昌平线,昌平区,116.313698,40.104297,交通设施服务;地铁站;地铁站,地铁站,地铁站
BV10006813,北京站(地铁站),2号线,东城区,116.427287,39.904983,交通设施服务;地铁站;地铁站,地铁站,地铁站
BV10013457,五棵松(地铁站),1号线/八通线,海淀区,116.273987,39.907456,交通设施服务;地铁站;地铁站,地铁站,地铁站
BV10000017,牡丹园(地铁站),10号线;19号线,海淀区,116.369619,39.976388,交通设施服务;地铁站;地铁站,地铁站,地铁站
BV10006791,西单(地铁站),1号线/八通线;4号线/大兴线,西城区,116.374276,39.907379,交通设施服务;地铁站;地铁站,地铁站,地铁站
BV10013385,双井(地铁站),10号线;7号线,朝阳区,116.463738,39.893352,交通设施服务;地铁站;地铁站,地铁站,地铁站
BV10000199,三元桥(地铁站),10号线;12号线;首都机场线,朝阳区,116.456997,39.961508,交通设施服务;地铁站;地铁站,地铁站,地铁站
BV10000338,沙河(地铁站),昌平线,昌平区,116.288865,40.148278,交通设施服务;地铁站;地铁站,地铁站,地铁站
BV10013482,昌平(地铁站),昌平线,昌平区,116.233590,40.220550,交通设施服务;地铁站;地铁站,地铁站,地铁站
BV10013356,望京(地铁站),14号线;15号线,朝阳区,116.469409,39.998521,交通设施服务;地铁站;地铁站,地铁站,地铁站
BV10006575,芍药居(地铁站),(在建)13B号线;10号线;13号线,朝阳区,116.435914,39.977636,交通设施服务;地铁站;地铁站,地铁站,地铁站
BV10013418,新宫(地铁站),19号线;4号线/大兴线,丰台区,116.365549,39.812592,交通设施服务;地铁站;地铁站,地铁站,地铁站
BV10013364,大望路(地铁站),(在建)28号线;14号线;1号线/八通线,朝阳区,116.475783,39.908287,交通设施服务;地铁站;地铁站,地铁站,地铁站
BV10006499,天安门东(地铁站),1号线/八通线,东城区,116.401216,39.907780,交通设施服务;地铁站;地铁站,地铁站,地铁站
BV10013446,天通苑(地铁站),18号线;5号线,昌平区,116.412890,40.075248,交通设施服务;地铁站;地铁站,地铁站,地铁站
BV10013462,什刹海(地铁站),8号线,西城区,116.396219,39.937583,交通设施服务;地铁站;地铁站,地铁站,地铁站
BV10004298,朝阳门(地铁站),2号线;6号线,朝阳区,116.434508,39.924487,交通设施服务;地铁站;地铁站,地铁站,地铁站
BV10007027,西二旗(地铁站),13号线;昌平线,海淀区,116.306295,40.053034,交通设施服务;地铁站;地铁站,地铁站,地铁站
BV10013514,回龙观(地铁站),(在建)13B号线;13号线,昌平区,116.336116,40.070800,交通设施服务;地铁站;地铁站,地铁站,地铁站
BV10005884,前门(地铁站),2号线;8号线,东城区,116.397937,39.900192,交通设施服务;地铁站;地铁站,地铁站,地铁站
BV10009387,后沙峪(地铁站),15号线,顺义区,116.564211,40.114127,交通设施服务;地铁站;地铁站,地铁站,地铁站
BV10013405,顺义(地铁站),15号线,顺义区,116.657023,40.129994,交通设施服务;地铁站;地铁站,地铁站,地铁站
BV10006886,五道口(地铁站),13号线,海淀区,116.337742,39.992894,交通设施服务;地铁站;地铁站,地铁站,地铁站
BV10416639,潞城(地铁站),6号线,通州区,116.747507,39.902827,交通设施服务;地铁站;地铁站,地铁站,地铁站
BV10013465,北土城(地铁站),10号线;8号线,朝阳区,116.394194,39.977601,交通设施服务;地铁站;地铁站,地铁站,地铁站
BV10000383,西红门(地铁站),4号线/大兴线,大兴区,116.328689,39.789800,交通设施服务;地铁站;地铁站,地铁站,地铁站
BV10013425,长阳(地铁站),房山线,房山区,116.212692,39.763871,交通设施服务;地铁站;地铁站,地铁站,地铁站
BV10416643,通州北关(地铁站),(在建)22号线/平谷线;6号线,通州区,116.661482,39.918368,交通设施服务;地铁站;地铁站,地铁站,地铁站
BV10881789,牛街(地铁站),19号线,西城区,116.363475,39.890719,交通设施服务;地铁站;地铁站,地铁站,地铁站
BV10013377,望京西(地铁站),(在建)13B号线;13号线;15号线;17号线,朝阳区,116.447987,39.994160,交通设施服务;地铁站;地铁站,地铁站,地铁站
BV10000548,东大桥(地铁站),(在建)22号线/平谷线;(在建)28号线;17号线;6号线,朝阳区,116.450379,39.922852,交通设施服务;地铁站;地铁站,地铁站,地铁站
BV10013392,南锣鼓巷(地铁站),6号线;8号线,东城区,116.404192,39.933848,交通设施服务;地铁站;地铁站,地铁站,地铁站
BV11640690,瀛海(地铁站),8号线,大兴区,116.448982,39.760713,交通设施服务;地铁站;地铁站,地铁站,地铁站
BV10000461,立水桥(地铁站),(在建)13B号线;13号线;5号线,朝阳区,116.412316,40.052987,交通设施服务;地铁站;地铁站,地铁站,地铁站
BV10002186,俸伯(地铁站),15号线,顺义区,116.684732,40.132573,交通设施服务;地铁站;地铁站,地铁站,地铁站
BV11467455,清河站(地铁站),13号线;昌平线,海淀区,116.314961,40.041164,交通设施服务;地铁站;地铁站,地铁站,地铁站
BV10013488,太阳宫(地铁站),10号线;17号线,朝阳区,116.448213,39.973816,交通设施服务;地铁站;地铁站,地铁站,地铁站
BV10013443,北新桥(地铁站),5号线;首都机场线,东城区,116.416884,39.940782,交通设施服务;地铁站;地铁站,地铁站,地铁站
BV10000543,潘家园(地铁站),10号线,朝阳区,116.460926,39.875387,交通设施服务;地铁站;地铁站,地铁站,地铁站
BV10000306,公主坟(地铁站),10号线;1号线/八通线,海淀区,116.310290,39.907478,交通设施服务;地铁站;地铁站,地铁站,地铁站
BV10013417,角门西(地铁站),10号线;4号线/大兴线,丰台区,116.371154,39.845850,交通设施服务;地铁站;地铁站,地铁站,地铁站
BV10013433,崇文门(地铁站),2号线;5号线,东城区,116.416909,39.901085,交通设施服务;地铁站;地铁站,地铁站,地铁站
BV10011994,团结湖(地铁站),10号线;3号线,朝阳区,116.460186,39.933734,交通设施服务;地铁站;地铁站,地铁站,地铁站
BV10013489,呼家楼(地铁站),10号线;6号线,朝阳区,116.461601,39.923317,交通设施服务;地铁站;地铁站,地铁站,地铁站
BV10000647,百子湾(地铁站),7号线,朝阳区,116.497768,39.892530,交通设施服务;地铁站;地铁站,地铁站,地铁站
BV10007921,同济南路(地铁站),亦庄线,通州区,116.539835,39.772900,交通设施服务;地铁站;地铁站,地铁站,地铁站
BV11640695,金鱼胡同(地铁站),8号线,东城区,116.411186,39.916372,交通设施服务;地铁站;地铁站,地铁站,地铁站
BV10000295,古城(地铁站),1号线/八通线,石景山区,116.190337,39.907450,交通设施服务;地铁站;地铁站,地铁站,地铁站
BV10000188,军事博物馆(地铁站),1号线/八通线;9号线,海淀区,116.321459,39.907422,交通设施服务;地铁站;地铁站,地铁站,地铁站
BV10013494,首经贸(地铁站),10号线;房山线,丰台区,116.320202,39.844463,交通设施服务;地铁站;地铁站,地铁站,地铁站
BV10006429,常营(地铁站),6号线,朝阳区,116.599722,39.925696,交通设施服务;地铁站;地铁站,地铁站,地铁站
BV10013430,积水潭(地铁站),19号线;2号线,西城区,116.373126,39.948653,交通设施服务;地铁站;地铁站,地铁站,地铁站
BV10000335,旧宫(地铁站),亦庄线,大兴区,116.460789,39.806910,交通设施服务;地铁站;地铁站,地铁站,地铁站
BV10013507,青年路(地铁站),6号线,朝阳区,116.517510,39.922919,交通设施服务;地铁站;地铁站,地铁站,地铁站
BV10000269,六里桥东(地铁站),9号线,丰台区,116.315024,39.887125,交通设施服务;地铁站;地铁站,地铁站,地铁站
BV10006917,张郭庄(地铁站),(在建)1号线支线;14号线,丰台区,116.187193,39.858100,交通设施服务;地铁站;地铁站,地铁站,地铁站
BV10013413,平安里(地铁站),19号线;4号线/大兴线;6号线,西城区,116.372883,39.933949,交通设施服务;地铁站;地铁站,地铁站,地铁站
BV10013411,海淀黄庄(地铁站),10号线;4号线/大兴线,海淀区,116.317564,39.975996,交通设施服务;地铁站;地铁站,地铁站,地铁站
BV10000302,八宝山(地铁站),1号线/八通线,石景山区,116.235907,39.907417,交通设施服务;地铁站;地铁站,地铁站,地铁站
BV10013519,双桥(地铁站),1号线/八通线,朝阳区,116.576754,39.910142,交通设施服务;地铁站;地铁站,地铁站,地铁站
BV10013442,东四(地铁站),5号线;6号线,东城区,116.417492,39.924562,交通设施服务;地铁站;地铁站,地铁站,地铁站
BV10007162,劲松(地铁站),10号线,朝阳区,116.461422,39.884467,交通设施服务;地铁站;地铁站,地铁站,地铁站
BV10013381,珠市口(地铁站),7号线;8号线,东城区,116.398372,39.891334,交通设施服务;地铁站;地铁站,地铁站,地铁站
BV10013439,天坛东门(地铁站),5号线,东城区,116.420833,39.882558,交通设施服务;地铁站;地铁站,地铁站,地铁站
BV10004138,土桥(地铁站),1号线/八通线,通州区,116.686349,39.871926,交通设施服务;地铁站;地铁站,地铁站,地铁站
BV10006224,九龙山(地铁站),14号线;7号线,朝阳区,116.478879,39.893210,交通设施服务;地铁站;地铁站,地铁站,地铁站
BV10013431,鼓楼大街(地铁站),2号线;8号线,西城区,116.393776,39.948972,交通设施服务;地铁站;地铁站,地铁站,地铁站
BV10013410,中关村(地铁站),4号线/大兴线,海淀区,116.316467,39.983991,交通设施服务;地铁站;地铁站,地铁站,地铁站
BV10013447,天通苑北(地铁站),5号线,昌平区,116.412888,40.083668,交通设施服务;地铁站;地铁站,地铁站,地铁站
BV10000275,四惠(地铁站),1号线/八通线,朝阳区,116.495456,39.908749,交通设施服务;地铁站;地铁站,地铁站,地铁站
BV10004378,回龙观东大街(地铁站),18号线;8号线,昌平区,116.363027,40.081194,交通设施服务;地铁站;地铁站,地铁站,地铁站
BV10006603,蒲黄榆(地铁站),14号线;5号线,丰台区,116.423087,39.865584,交通设施服务;地铁站;地铁站,地铁站,地铁站
BV10416588,来广营(地铁站),14号线,朝阳区,116.466999,40.020430,交通设施服务;地铁站;地铁站,地铁站,地铁站
BV10000877,生命科学园(地铁站),昌平线,昌平区,116.294230,40.094790,交通设施服务;地铁站;地铁站,地铁站,地铁站
BV10000636,七里庄(地铁站),14号线;9号线,丰台区,116.294293,39.866981,交通设施服务;地铁站;地铁站,地铁站,地铁站
BV10013404,石门(地铁站),15号线,顺义区,116.641117,40.129802,交通设施服务;地铁站;地铁站,地铁站,地铁站
BV10006563,雍和宫(地铁站),2号线;5号线,东城区,116.417537,39.949333,交通设施服务;地铁站;地铁站,地铁站,地铁站
BV10000215,西局(地铁站),10号线;14号线,丰台区,116.304106,39.866676,交通设施服务;地铁站;地铁站,地铁站,地铁站
BV10013453,亦庄桥(地铁站),亦庄线,大兴区,116.480307,39.803011,交通设施服务;地铁站;地铁站,地铁站,地铁站
BV10013438,刘家窑(地铁站),5号线,丰台区,116.422119,39.857521,交通设施服务;地铁站;地铁站,地铁站,地铁站
BV11494889,金安桥(地铁站),11号线;6号线;S1线,石景山区,116.162586,39.923298,交通设施服务;地铁站;地铁站,地铁站,地铁站
BV10013486,西土城(地铁站),10号线;昌平线,海淀区,116.354314,39.976372,交通设施服务;地铁站;地铁站,地铁站,地铁站
BV10740318,马连洼(地铁站),(在建)13B号线;16号线;18号线,海淀区,116.274280,40.032713,交通设施服务;地铁站;地铁站,地铁站,地铁站
BV10416645,物资学院路(地铁站),6号线,通州区,116.639316,39.926801,交通设施服务;地铁站;地铁站,地铁站,地铁站
BV10000737,大红门(地铁站),10号线;8号线,丰台区,116.399154,39.845383,交通设施服务;地铁站;地铁站,地铁站,地铁站
BV10000920,西苑(地铁站),16号线;4号线/大兴线,海淀区,116.290908,39.998258,交通设施服务;地铁站;地铁站,地铁站,地铁站
BV10007658,霍营(地铁站),(在建)13B号线;13号线;8号线,昌平区,116.360286,40.071857,交通设施服务;地铁站;地铁站,地铁站,地铁站
BV10013485,苏州街(地铁站),10号线;16号线,海淀区,116.306332,39.975642,交通设施服务;地铁站;地铁站,地铁站,地铁站
BV10001218,知春路(地铁站),10号线;13号线,海淀区,116.339960,39.976476,交通设施服务;地铁站;地铁站,地铁站,地铁站
BV10000481,十里堡(地铁站),6号线,朝阳区,116.502052,39.922919,交通设施服务;地铁站;地铁站,地铁站,地铁站
BV10013432,建国门(地铁站),1号线/八通线;2号线,朝阳区,116.435782,39.908561,交通设施服务;地铁站;地铁站,地铁站,地铁站
BV10011266,次渠(地铁站),17号线;亦庄线,通州区,116.591563,39.803550,交通设施服务;地铁站;地铁站,地铁站,地铁站
BV10013515,龙泽(地铁站),(在建)13B号线;13号线,昌平区,116.319429,40.070882,交通设施服务;地铁站;地铁站,地铁站,地铁站
BV10006882,草房(地铁站),6号线,朝阳区,116.615574,39.924477,交通设施服务;地铁站;地铁站,地铁站,地铁站
BV11253781,花庄(地铁站),1号线/八通线;7号线,通州区,116.695495,39.856722,交通设施服务;地铁站;地铁站,地铁站,地铁站
BV10013460,永安里(地铁站),17号线;1号线/八通线,朝阳区,116.450300,39.910083,交通设施服务;地铁站;地铁站,地铁站,地铁站
BV10740319,永丰(地铁站),16号线,海淀区,116.238481,40.071868,交通设施服务;地铁站;地铁站,地铁站,地铁站
BV10013383,磁器口(地铁站),5号线;7号线,东城区,116.419940,39.893172,交通设施服务;地铁站;地铁站,地铁站,地铁站
BV09159778,未来科学城(地铁站),17号线,昌平区,116.466838,40.115628,交通设施服务;地铁站;地铁站,地铁站,地铁站
BV10008284,金台路(地铁站),14号线;6号线,朝阳区,116.478115,39.923556,交通设施服务;地铁站;地铁站,地铁站,地铁站
BV10013379,菜市口(地铁站),4号线/大兴线;7号线,西城区,116.374425,39.889296,交通设施服务;地铁站;地铁站,地铁站,地铁站
BV10416642,六道口(地铁站),15号线;昌平线,海淀区,116.352750,40.000014,交通设施服务;地铁站;地铁站,地铁站,地铁站
BV10002455,梨园(地铁站),1号线/八通线,通州区,116.668720,39.883677,交通设施服务;地铁站;地铁站,地铁站,地铁站
BV10012561,方庄(地铁站),14号线,丰台区,116.440244,39.865864,交通设施服务;地铁站;地铁站,地铁站,地铁站
BV10003965,良乡大学城(地铁站),房山线,房山区,116.176541,39.723159,交通设施服务;地铁站;地铁站,地铁站,地铁站
BV10013508,北海北(地铁站),6号线,西城区,116.386829,39.933247,交通设施服务;地铁站;地铁站,地铁站,地铁站
BV10013456,玉泉路(地铁站),1号线/八通线,石景山区,116.252888,39.907433,交通设施服务;地铁站;地铁站,地铁站,地铁站
BV10000252,国家图书馆(地铁站),16号线;4号线/大兴线;9号线,海淀区,116.325141,39.943174,交通设施服务;地铁站;地铁站,地铁站,地铁站
BV10007779,郭公庄(地铁站),9号线;房山线,丰台区,116.301889,39.814322,交通设施服务;地铁站;地铁站,地铁站,地铁站
BV10013375,奥林匹克公园(地铁站),15号线;8号线,朝阳区,116.391758,40.002207,交通设施服务;地铁站;地铁站,地铁站,地铁站
BV10005412,惠新西街南口(地铁站),10号线;5号线,朝阳区,116.417537,39.977121,交通设施服务;地铁站;地铁站,地铁站,地铁站
BV10013415,宣武门(地铁站),2号线;4号线/大兴线,西城区,116.374355,39.899784,交通设施服务;地铁站;地铁站,地铁站,地铁站
BV10004143,通州北苑(地铁站),1号线/八通线,通州区,116.637252,39.903864,交通设施服务;地铁站;地铁站,地铁站,地铁站
BV10013376,大屯路东(地铁站),15号线;5号线,朝阳区,116.417377,40.003841,交通设施服务;地铁站;地铁站,地铁站,地铁站
BV10877516,大兴新城(地铁站),大兴机场线,大兴区,116.365522,39.735583,交通设施服务;地铁站;地铁站,地铁站,地铁站
BV10013491,成寿寺(地铁站),10号线,朝阳区,116.447635,39.845874,交通设施服务;地铁站;地铁站,地铁站,地铁站
BV10013422,生物医药基地(地铁站),4号线/大兴线,大兴区,116.321662,39.686510,交通设施服务;地铁站;地铁站,地铁站,地铁站
BV10000196,亮马桥(地铁站),10号线,朝阳区,116.462156,39.949381,交通设施服务;地铁站;地铁站,地铁站,地铁站
BV11031728,北神树(地铁站),17号线,通州区,116.552736,39.818596,交通设施服务;地铁站;地铁站,地铁站,地铁站
BV10005975,达官营(地铁站),16号线;7号线,西城区,116.335761,39.889902,交通设施服务;地铁站;地铁站,地铁站,地铁站
BV10008170,公益西桥(地铁站),4号线/大兴线,丰台区,116.370837,39.836981,交通设施服务;地铁站;地铁站,地铁站,地铁站
BV10001298,九棵树(地铁站),1号线/八通线,通州区,116.657533,39.890278,交通设施服务;地铁站;地铁站,地铁站,地铁站
BV10740313,西北旺(地铁站),16号线,海淀区,116.257923,40.048703,交通设施服务;地铁站;地铁站,地铁站,地铁站
BV10013493,角门东(地铁站),10号线,丰台区,116.385649,39.845135,交通设施服务;地铁站;地铁站,地铁站,地铁站
BV10000255,魏公村(地铁站),4号线/大兴线,海淀区,116.323220,39.957904,交通设施服务;地铁站;地铁站,地铁站,地铁站
BV10013408,圆明园(地铁站),4号线/大兴线,海淀区,116.309879,39.999581,交通设施服务;地铁站;地铁站,地铁站,地铁站
BV10013440,东单(地铁站),1号线/八通线;5号线,东城区,116.418480,39.908325,交通设施服务;地铁站;地铁站,地铁站,地铁站
BV10013420,高米店南(地铁站),4号线/大兴线,大兴区,116.331605,39.763489,交通设施服务;地铁站;地铁站,地铁站,地铁站
BV10416648,北运河西(地铁站),6号线,通州区,116.688358,39.903024,交通设施服务;地铁站;地铁站,地铁站,地铁站
BV10013469,育新(地铁站),8号线,海淀区,116.347160,40.060275,交通设施服务;地铁站;地铁站,地铁站,地铁站
BV10002190,南法信(地铁站),15号线,顺义区,116.609535,40.128478,交通设施服务;地铁站;地铁站,地铁站,地铁站
BV10001633,南邵(地铁站),昌平线,昌平区,116.287631,40.207532,交通设施服务;地铁站;地铁站,地铁站,地铁站
BV10001036,阜成门(地铁站),2号线,西城区,116.356215,39.923677,交通设施服务;地铁站;地铁站,地铁站,地铁站
BV10001047,东四十条(地铁站),2号线;3号线,东城区,116.434137,39.933704,交通设施服务;地铁站;地铁站,地铁站,地铁站
BV10001016,大钟寺(地铁站),12号线;13号线,海淀区,116.345139,39.966612,交通设施服务;地铁站;地铁站,地铁站,地铁站
BV10013372,丽泽商务区(地铁站),(在建)大兴机场线北延;14号线;16号线,丰台区,116.331582,39.867988,交通设施服务;地铁站;地铁站,地铁站,地铁站
BV10013510,海淀五路居(地铁站),6号线,海淀区,116.276636,39.932415,交通设施服务;地铁站;地铁站,地铁站,地铁站
BV10013518,传媒大学(地铁站),1号线/八通线,朝阳区,116.554639,39.909215,交通设施服务;地铁站;地铁站,地铁站,地铁站
BV10004294,管庄(地铁站),(在建)22号线/平谷线;1号线/八通线,朝阳区,116.599002,39.909090,交通设施服务;地铁站;地铁站,地铁站,地铁站
BV10013477,沙河高教园(地铁站),昌平线,昌平区,116.280465,40.164666,交通设施服务;地铁站;地铁站,地铁站,地铁站
BV10013454,苹果园(地铁站),1号线/八通线;6号线;S1线,石景山区,116.178401,39.925789,交通设施服务;地铁站;地铁站,地铁站,地铁站
BV10416595,将台(地铁站),14号线,朝阳区,116.490213,39.971026,交通设施服务;地铁站;地铁站,地铁站,地铁站
BV10005941,天安门西(地铁站),1号线/八通线,西城区,116.391278,39.907472,交通设施服务;地铁站;地铁站,地铁站,地铁站
BV10013437,车公庄(地铁站),2号线;6号线,西城区,116.354357,39.932397,交通设施服务;地铁站;地铁站,地铁站,地铁站
BV10013449,经海路(地铁站),亦庄线,通州区,116.562245,39.783587,交通设施服务;地铁站;地铁站,地铁站,地铁站
BV10000150,北苑(地铁站),(在建)13B号线;13号线,朝阳区,116.434518,40.042997,交通设施服务;地铁站;地铁站,地铁站,地铁站
BV10007589,四惠东(地铁站),1号线/八通线,朝阳区,116.515664,39.908495,交通设施服务;地铁站;地铁站,地铁站,地铁站
BV10009949,马家堡(地铁站),4号线/大兴线,丰台区,116.371402,39.853428,交通设施服务;地铁站;地铁站,地铁站,地铁站
BV10840912,天通苑东(地铁站),17号线;18号线,昌平区,116.442340,40.068348,交通设施服务;地铁站;地铁站,地铁站,地铁站
BV10013471,丰台科技园(地铁站),9号线,丰台区,116.297176,39.825233,交通设施服务;地铁站;地铁站,地铁站,地铁站
BV10013416,陶然亭(地铁站),4号线/大兴线,西城区,116.374383,39.878470,交通设施服务;地铁站;地铁站,地铁站,地铁站
BV10013516,上地(地铁站),13号线,海淀区,116.320193,40.033007,交通设施服务;地铁站;地铁站,地铁站,地铁站
BV10013407,北宫门(地铁站),4号线/大兴线,海淀区,116.277347,40.002417,交通设施服务;地铁站;地铁站,地铁站,地铁站
BV10013421,枣园(地铁站),4号线/大兴线,大兴区,116.332204,39.753458,交通设施服务;地铁站;地铁站,地铁站,地铁站
BV10004058,健德门(地铁站),10号线,朝阳区,116.381356,39.976545,交通设施服务;地铁站;地铁站,地铁站,地铁站
BV10000258,人民大学(地铁站),12号线;4号线/大兴线,海淀区,116.321371,39.966934,交通设施服务;地铁站;地铁站,地铁站,地铁站
BV10006633,广渠门内(地铁站),7号线,东城区,116.433877,39.893673,交通设施服务;地铁站;地铁站,地铁站,地铁站
BV10013487,安贞门(地铁站),10号线,朝阳区,116.405954,39.977005,交通设施服务;地铁站;地铁站,地铁站,地铁站
BV10590953,北工大西门(地铁站),14号线,朝阳区,116.477282,39.875294,交通设施服务;地铁站;地铁站,地铁站,地铁站
BV10013458,万寿路(地铁站),1号线/八通线,海淀区,116.294765,39.907474,交通设施服务;地铁站;地铁站,地铁站,地铁站
BV10013496,慈寿寺(地铁站),10号线;6号线,海淀区,116.295303,39.933353,交通设施服务;地铁站;地铁站,地铁站,地铁站
BV10013517,高碑店(地铁站),1号线/八通线,朝阳区,116.531421,39.909448,交通设施服务;地铁站;地铁站,地铁站,地铁站
BV10013368,永定门外(地铁站),14号线;8号线,东城区,116.399253,39.867686,交通设施服务;地铁站;地铁站,地铁站,地铁站
BV10840911,未来科学城北(地铁站),17号线,昌平区,116.468858,40.130075,交通设施服务;地铁站;地铁站,地铁站,地铁站
BV10013399,亦庄火车站(地铁站),亦庄线,通州区,116.601913,39.812607,交通设施服务;地铁站;地铁站,地铁站,地铁站
BV10002783,黄村西大街(地铁站),4号线/大兴线,大兴区,116.332631,39.731769,交通设施服务;地铁站;地铁站,地铁站,地铁站
BV10013450,荣昌东街(地铁站),亦庄线,大兴区,116.521737,39.782799,交通设施服务;地铁站;地铁站,地铁站,地铁站
BV09319999,朝阳站(地铁站),3号线,朝阳区,116.505761,39.943773,交通设施服务;地铁站;地铁站,地铁站,地铁站
BV10000887,平西府(地铁站),8号线,昌平区,116.350415,40.090124,交通设施服务;地铁站;地铁站,地铁站,地铁站
BV10013506,褡裢坡(地铁站),6号线,朝阳区,116.563961,39.924021,交通设施服务;地铁站;地铁站,地铁站,地铁站
BV10416641,东夏园(地铁站),6号线,通州区,116.733841,39.903233,交通设施服务;地铁站;地铁站,地铁站,地铁站
BV09269671,东坝(地铁站),3号线,朝阳区,116.547126,39.965732,交通设施服务;地铁站;地铁站,地铁站,地铁站
BV10013412,新街口(地铁站),4号线/大兴线,西城区,116.367588,39.940684,交通设施服务;地铁站;地铁站,地铁站,地铁站
BV10013424,稻田(地铁站),房山线,房山区,116.218840,39.794885,交通设施服务;地铁站;地铁站,地铁站,地铁站
BV10740312,北安河(地铁站),16号线,海淀区,116.130618,40.068023,交通设施服务;地铁站;地铁站,地铁站,地铁站
BV10416591,望京南(地铁站),14号线,朝阳区,116.481880,39.984670,交通设施服务;地铁站;地铁站,地铁站,地铁站
BV10013492,石榴庄(地铁站),10号线,丰台区,116.414103,39.845905,交通设施服务;地铁站;地铁站,地铁站,地铁站
BV10007127,垡头(地铁站),7号线,朝阳区,116.511821,39.860728,交通设施服务;地铁站;地铁站,地铁站,地铁站
BV10006616,和平里北街(地铁站),5号线,东城区,116.418504,39.958734,交通设施服务;地铁站;地铁站,地铁站,地铁站
BV10007375,复兴门(地铁站),1号线/八通线;2号线,西城区,116.356866,39.907242,交通设施服务;地铁站;地铁站,地铁站,地铁站
BV10011274,马泉营(地铁站),15号线,朝阳区,116.503480,40.033721,交通设施服务;地铁站;地铁站,地铁站,地铁站
BV10006707,惠新西街北口(地铁站),5号线,朝阳区,116.417028,39.987836,交通设施服务;地铁站;地铁站,地铁站,地铁站
BV11640699,木樨园(地铁站),8号线,丰台区,116.399839,39.859262,交通设施服务;地铁站;地铁站,地铁站,地铁站
BV11103939,田村(地铁站),6号线,海淀区,116.252914,39.929503,交通设施服务;地铁站;地铁站,地铁站,地铁站
BV10013427,良乡南关(地铁站),房山线,房山区,116.140804,39.723202,交通设施服务;地铁站;地铁站,地铁站,地铁站
BV10850689,环球度假区(地铁站),1号线/八通线;7号线,通州区,116.679099,39.849152,交通设施服务;地铁站;地铁站,地铁站,地铁站
BV10827741,杨庄(地铁站),6号线,石景山区,116.187004,39.927850,交通设施服务;地铁站;地铁站,地铁站,地铁站
BV10002223,花梨坎(地铁站),15号线,顺义区,116.557593,40.084436,交通设施服务;地铁站;地铁站,地铁站,地铁站
BV10013444,北苑路北(地铁站),5号线,朝阳区,116.418089,40.030436,交通设施服务;地铁站;地铁站,地铁站,地铁站
BV10001936,安定门(地铁站),2号线,东城区,116.408227,39.949087,交通设施服务;地铁站;地铁站,地铁站,地铁站
BV10013414,西四(地铁站),4号线/大兴线,西城区,116.373332,39.924206,交通设施服务;地铁站;地铁站,地铁站,地铁站
BV10013406,安河桥北(地铁站),4号线/大兴线,海淀区,116.269956,40.012195,交通设施服务;地铁站;地铁站,地铁站,地铁站
BV10013459,木樨地(地铁站),16号线;1号线/八通线,西城区,116.337583,39.907379,交通设施服务;地铁站;地铁站,地铁站,地铁站
BV10001221,和平西桥(地铁站),12号线;5号线,朝阳区,116.417970,39.968258,交通设施服务;地铁站;地铁站,地铁站,地铁站
BV10002778,西钓鱼台(地铁站),10号线,海淀区,116.297901,39.923359,交通设施服务;地铁站;地铁站,地铁站,地铁站
BV10012008,小红门(地铁站),亦庄线,朝阳区,116.459260,39.828050,交通设施服务;地铁站;地铁站,地铁站,地铁站
BV10013394,巴沟(地铁站),10号线;西郊线,海淀区,116.293357,39.974414,交通设施服务;地铁站;地铁站,地铁站,地铁站
BV10013509,花园桥(地铁站),6号线,海淀区,116.310522,39.932341,交通设施服务;地铁站;地铁站,地铁站,地铁站
BV10001096,篱笆房(地铁站),房山线,房山区,116.189486,39.760636,交通设施服务;地铁站;地铁站,地铁站,地铁站
BV10013505,黄渠(地铁站),6号线,朝阳区,116.578266,39.924201,交通设施服务;地铁站;地铁站,地铁站,地铁站
BV09373669,潞阳(地铁站),6号线,通州区,116.757063,39.890059,交通设施服务;地铁站;地铁站,地铁站,地铁站
BV10013441,灯市口(地铁站),5号线,东城区,116.417783,39.917113,交通设施服务;地铁站;地铁站,地铁站,地铁站
BV10396212,广安门内(地铁站),7号线,西城区,116.358239,39.889418,交通设施服务;地铁站;地铁站,地铁站,地铁站
BV10013403,国展(地铁站),15号线,顺义区,116.555127,40.070030,交通设施服务;地铁站;地铁站,地铁站,地铁站
BV10000372,黄村火车站(地铁站),4号线/大兴线,大兴区,116.332611,39.722966,交通设施服务;地铁站;地铁站,地铁站,地铁站
BV10007475,平乐园(地铁站),14号线,朝阳区,116.477307,39.885275,交通设施服务;地铁站;地铁站,地铁站,地铁站
BV10010394,义和庄(地铁站),4号线/大兴线,大兴区,116.319079,39.712387,交通设施服务;地铁站;地铁站,地铁站,地铁站
BV10000061,白石桥南(地铁站),6号线;9号线,海淀区,116.325550,39.933070,交通设施服务;地铁站;地铁站,地铁站,地铁站
BV10013468,西小口(地铁站),8号线,海淀区,116.351644,40.046873,交通设施服务;地铁站;地铁站,地铁站,地铁站
BV10416650,北沙滩(地铁站),15号线,海淀区,116.368281,40.001518,交通设施服务;地铁站;地铁站,地铁站,地铁站
BV10006599,湾子(地铁站),7号线,西城区,116.327753,39.889954,交通设施服务;地铁站;地铁站,地铁站,地铁站
BV11303298,黄厂(地铁站),7号线,朝阳区,116.553759,39.848979,交通设施服务;地铁站;地铁站,地铁站,地铁站
BV10013386,大郊亭(地铁站),(在建)28号线;7号线,朝阳区,116.487935,39.893183,交通设施服务;地铁站;地铁站,地铁站,地铁站
BV10550716,昌平东关(地铁站),昌平线,昌平区,116.262059,40.221729,交通设施服务;地铁站;地铁站,地铁站,地铁站
BV10000769,永泰庄(地铁站),8号线,海淀区,116.354580,40.037728,交通设施服务;地铁站;地铁站,地铁站,地铁站
BV10813543,上岸(地铁站),S1线,门头沟区,116.122225,39.905138,交通设施服务;地铁站;地铁站,地铁站,地铁站
BV10013384,广渠门外(地铁站),17号线;7号线,东城区,116.448998,39.893648,交通设施服务;地铁站;地铁站,地铁站,地铁站
BV10711029,稻香湖路(地铁站),16号线,海淀区,116.188145,40.068936,交通设施服务;地铁站;地铁站,地铁站,地铁站
BV10550714,昌平西山口(地铁站),昌平线,昌平区,116.195369,40.244629,交通设施服务;地铁站;地铁站,地铁站,地铁站
BV10701089,工人体育场(地铁站),17号线;3号线,朝阳区,116.450448,39.934058,交通设施服务;地铁站;地铁站,地铁站,地铁站
BV10013464,安华桥(地铁站),12号线;8号线,朝阳区,116.394159,39.968653,交通设施服务;地铁站;地铁站,地铁站,地铁站
BV10740317,温阳路(地铁站),16号线,海淀区,116.161361,40.068516,交通设施服务;地铁站;地铁站,地铁站,地铁站
BV10013466,奥体中心(地铁站),8号线,朝阳区,116.393759,39.985837,交通设施服务;地铁站;地铁站,地铁站,地铁站
BV10847817,蓟门桥(地铁站),12号线;昌平线,海淀区,116.355970,39.967747,交通设施服务;地铁站;地铁站,地铁站,地铁站
BV10590951,景泰(地铁站),14号线,东城区,116.411026,39.865250,交通设施服务;地铁站;地铁站,地铁站,地铁站
BV10013402,望京东(地铁站),15号线,朝阳区,116.487032,40.003176,交通设施服务;地铁站;地铁站,地铁站,地铁站
BV10416596,善各庄(地铁站),14号线,朝阳区,116.478195,40.027160,交通设施服务;地铁站;地铁站,地铁站,地铁站
BV10003977,苏庄(地铁站),房山线,房山区,116.125306,39.723188,交通设施服务;地铁站;地铁站,地铁站,地铁站
BV10881788,新发地(地铁站),19号线,丰台区,116.346349,39.823561,交通设施服务;地铁站;地铁站,地铁站,地铁站
BV10416577,双合(地铁站),7号线,朝阳区,116.526836,39.859691,交通设施服务;地铁站;地铁站,地铁站,地铁站
BV10001045,张自忠路(地铁站),5号线,东城区,116.417403,39.933635,交通设施服务;地铁站;地铁站,地铁站,地铁站
BV10013400,郭庄子(地铁站),14号线,丰台区,116.253068,39.864841,交通设施服务;地铁站;地铁站,地铁站,地铁站
BV10874516,北太平庄(地铁站),12号线;19号线,海淀区,116.370037,39.967882,交通设施服务;地铁站;地铁站,地铁站,地铁站
BV10000309,南礼士路(地铁站),1号线/八通线,西城区,116.352583,39.907234,交通设施服务;地铁站;地铁站,地铁站,地铁站
BV10006086,纪家庙(地铁站),10号线,丰台区,116.333381,39.844433,交通设施服务;地铁站;地铁站,地铁站,地铁站
BV10013490,金台夕照(地铁站),(在建)22号线/平谷线;(在建)28号线;10号线,朝阳区,116.461703,39.916786,交通设施服务;地铁站;地铁站,地铁站,地铁站
BV10007288,苏州桥(地铁站),12号线;16号线,海淀区,116.307831,39.962314,交通设施服务;地铁站;地铁站,地铁站,地铁站
BV10013435,长椿街(地铁站),2号线,西城区,116.363355,39.899433,交通设施服务;地铁站;地铁站,地铁站,地铁站
BX09907258,天安门东地铁站B东北口,1号线/八通线,东城区,116.402330,39.908174,交通设施服务;地铁站;出入口,地铁站,地铁口
BX09907260,天安门东地铁站C东南口,1号线/八通线,东城区,116.402025,39.906967,交通设施服务;地铁站;出入口,地铁站,地铁口
BX09907257,天安门东地铁站D西南口,1号线/八通线,东城区,116.400732,39.906918,交通设施服务;地铁站;出入口,地铁站,地铁口
BX09907437,王府井地铁站C3西南口,1号线/八通线,东城区,116.411019,39.907822,交通设施服务;地铁站;出入口,地铁站,地铁口
BX09907436,王府井地铁站C1西北口,1号线/八通线,东城区,116.410603,39.908239,交通设施服务;地铁站;出入口,地铁站,地铁口
BX09907229,前门地铁站G东南口,8号线,东城区,116.400519,39.899104,交通设施服务;地铁站;出入口,地铁站,地铁口
BX09907440,王府井地铁站E1口,8号线,东城区,116.410982,39.909865,交通设施服务;地铁站;出入口,地铁站,地铁口
BX09907435,王府井地铁站E3东北口,8号线,东城区,116.411489,39.910862,交通设施服务;地铁站;出入口,地铁站,地铁口
BX09907259,天安门东地铁站A西北入口,1号线/八通线,东城区,116.399948,39.908021,交通设施服务;地铁站;出入口,地铁站,地铁口
BX09907438,王府井地铁站B1东北口,1号线/八通线,东城区,116.412036,39.908412,交通设施服务;地铁站;出入口,地铁站,地铁口
BX09907433,王府井地铁站A东北口,1号线/八通线,东城区,116.411968,39.909404,交通设施服务;地铁站;出入口,地铁站,地铁口
BX09907232,前门地铁站C西南口,2号线,东城区,116.396835,39.899878,交通设施服务;地铁站;出入口,地铁站,地铁口
BX10035823,金鱼胡同地铁站C西南口,8号线,东城区,116.410430,39.915595,交通设施服务;地铁站;出入口,地铁站,地铁口
BX09907234,前门地铁站I西南口,8号线,东城区,116.398665,39.898611,交通设施服务;地铁站;出入口,地铁站,地铁口
BX09907441,王府井地铁站B2东南口,1号线/八通线,东城区,116.412301,39.907868,交通设施服务;地铁站;出入口,地铁站,地铁口
BX09907395,崇文门地铁站G东南口,5号线,东城区,116.418936,39.899720,交通设施服务;地铁站;出入口,地铁站,地铁口
BX09907400,崇文门地铁站E西北口,5号线,东城区,116.417964,39.901799,交通设施服务;地铁站;出入口,地铁站,地铁口
BX09907439,王府井地铁站F1东口,8号线,东城区,116.411654,39.909636,交通设施服务;地铁站;出入口,地铁站,地铁口
BX09907231,前门地铁站A东北口,2号线,东城区,116.398894,39.900394,交通设施服务;地铁站;出入口,地铁站,地铁口
BX09907393,崇文门地铁站H西南口,5号线,东城区,116.418257,39.899707,交通设施服务;地铁站;出入口,地铁站,地铁口
BX09907404,天安门西地铁站B东北口,1号线/八通线,西城区,116.392230,39.907859,交通设施服务;地铁站;出入口,地铁站,地铁口
BX09907399,崇文门地铁站D西南口,2号线,东城区,116.416026,39.900856,交通设施服务;地铁站;出入口,地铁站,地铁口
BX10014896,东单地铁站F东北口,5号线,东城区,116.419024,39.909105,交通设施服务;地铁站;出入口,地铁站,地铁口
BX10019431,东单地铁站E西北口,5号线,东城区,116.417250,39.908478,交通设施服务;地铁站;出入口,地铁站,地铁口
BX09907235,前门地铁站B东南口,2号线,东城区,116.398946,39.899940,交通设施服务;地铁站;出入口,地铁站,地铁口
BX09907230,前门地铁站E2北口,8号线,东城区,116.399912,39.899696,交通设施服务;地铁站;出入口,地铁站,地铁口
BX09907443,王府井地铁站C4西南口,1号线/八通线,东城区,116.410718,39.907822,交通设施服务;地铁站;出入口,地铁站,地铁口
BX09907401,崇文门地铁站A1西北口,2号线,东城区,116.415885,39.901237,交通设施服务;地铁站;出入口,地铁站,地铁口
BX10035824,金鱼胡同地铁站B东口,8号线,东城区,116.411960,39.915638,交通设施服务;地铁站;出入口,地铁站,地铁口
BX10019387,珠市口地铁站A西北口,7号线,西城区,116.397707,39.891535,交通设施服务;地铁站;出入口,地铁站,地铁口
BX10015542,磁器口地铁站A西北口,5号线,东城区,116.418011,39.893447,交通设施服务;地铁站;出入口,地铁站,地铁口
BX10015541,磁器口地铁站D西南口,5号线,东城区,116.418023,39.892656,交通设施服务;地铁站;出入口,地铁站,地铁口
BX10014891,东单地铁站A西北口,1号线/八通线,东城区,116.419216,39.908756,交通设施服务;地铁站;出入口,地铁站,地铁口
BX09907434,王府井地铁站C2西北口,1号线/八通线,东城区,116.411068,39.908239,交通设施服务;地铁站;出入口,地铁站,地铁口
BX10019388,珠市口地铁站C东南口,7号线,东城区,116.399513,39.891271,交通设施服务;地铁站;出入口,地铁站,地铁口
BX10015499,灯市口地铁站A西北口,5号线,东城区,116.417500,39.917582,交通设施服务;地铁站;出入口,地铁站,地铁口
BX10015500,灯市口地铁站C东南口,5号线,东城区,116.418487,39.916874,交通设施服务;地铁站;出入口,地铁站,地铁口
BX09907228,前门地铁站E3北口,8号线,东城区,116.399229,39.899397,交通设施服务;地铁站;出入口,地铁站,地铁口
BX09907405,天安门西地铁站C西南口,1号线/八通线,西城区,116.390699,39.907083,交通设施服务;地铁站;出入口,地铁站,地铁口
BX09907233,前门地铁站E1北口,8号线,东城区,116.399442,39.899622,交通设施服务;地铁站;出入口,地铁站,地铁口
BX09907093,桥湾地铁站B东北口,7号线,东城区,116.409825,39.893008,交通设施服务;地铁站;出入口,地铁站,地铁口
BX10035519,金鱼胡同地铁站出入口,8号线,东城区,116.411464,39.916423,交通设施服务;地铁站;出入口,地铁站,地铁口
BX09907396,崇文门地铁站C东南口,2号线,东城区,116.417908,39.900887,交通设施服务;地铁站;出入口,地铁站,地铁口
BX09906959,北京站地铁站B东北口,2号线,东城区,116.427700,39.905220,交通设施服务;地铁站;出入口,地铁站,地铁口
BX10015543,磁器口地铁站F1东北口,7号线,东城区,116.421587,39.893442,交通设施服务;地铁站;出入口,地铁站,地铁口
BX10019389,珠市口地铁站D西南口,7号线,西城区,116.397184,39.890587,交通设施服务;地铁站;出入口,地铁站,地铁口
BX10015540,磁器口地铁站G东南口,7号线,东城区,116.421670,39.892961,交通设施服务;地铁站;出入口,地铁站,地铁口
BX09907095,桥湾地铁站C东南口,7号线,东城区,116.409764,39.892523,交通设施服务;地铁站;出入口,地铁站,地铁口
BX10035822,金鱼胡同地铁站出入口,8号线,东城区,116.411579,39.914831,交通设施服务;地铁站;出入口,地铁站,地铁口
BX09907403,崇文门地铁站A2西北口,2号线,东城区,116.416398,39.901246,交通设施服务;地铁站;出入口,地铁站,地铁口
BX09907394,崇文门地铁站F东北口,5号线,东城区,116.419338,39.901558,交通设施服务;地铁站;出入口,地铁站,地铁口
BX10035528,珠市口地铁站G西南口,8号线,西城区,116.398118,39.888963,交通设施服务;地铁站;出入口,地铁站,地铁口
BX10014890,东单地铁站G东南口,5号线,东城区,116.419065,39.907524,交通设施服务;地铁站;出入口,地铁站,地铁口
BX09907094,桥湾地铁站D西南口,7号线,东城区,116.407227,39.892441,交通设施服务;地铁站;出入口,地铁站,地铁口
BX10014892,东单地铁站D西南口,1号线/八通线,东城区,116.418894,39.908013,交通设施服务;地铁站;出入口,地铁站,地铁口
BX09907442,王府井地铁站B3东南口,1号线/八通线,东城区,116.412015,39.907868,交通设施服务;地铁站;出入口,地铁站,地铁口
BX10014889,东单地铁站B东北口,1号线/八通线,东城区,116.421686,39.908794,交通设施服务;地铁站;出入口,地铁站,地铁口
BX09907402,崇文门地铁站出入口,5号线,东城区,116.419474,39.899078,交通设施服务;地铁站;出入口,地铁站,地铁口
BX09906961,北京站地铁站A西北口,2号线,东城区,116.426612,39.905184,交通设施服务;地铁站;出入口,地铁站,地铁口
BX10014895,东单地铁站C东南口,1号线/八通线,东城区,116.420403,39.908063,交通设施服务;地铁站;出入口,地铁站,地铁口
BX10035529,珠市口地铁站F东南口,8号线,东城区,116.398675,39.889025,交通设施服务;地铁站;出入口,地铁站,地铁口
BX09907407,天安门西地铁站A西北入口,1号线/八通线,西城区,116.390645,39.907832,交通设施服务;地铁站;出入口,地铁站,地铁口
BX09906960,北京站地铁站D西南入口,2号线,东城区,116.426040,39.904712,交通设施服务;地铁站;出入口,地铁站,地铁口
BX10025910,中国美术馆地铁站A西北口,8号线,东城区,116.409638,39.924542,交通设施服务;地铁站;出入口,地铁站,地铁口
BX10015584,东四地铁站C东南口,5号线,东城区,116.418156,39.924058,交通设施服务;地铁站;出入口,地铁站,地铁口
BX09907397,崇文门地铁站B2东北口,2号线,东城区,116.417914,39.901274,交通设施服务;地铁站;出入口,地铁站,地铁口
BX09907406,天安门西地铁站出入口,1号线/八通线,西城区,116.389669,39.906431,交通设施服务;地铁站;出入口,地铁站,地铁口
BX09914145,金鱼胡同地铁站出入口,8号线,东城区,116.410586,39.915703,交通设施服务;地铁站;出入口,地铁站,地铁口
BX09907398,崇文门地铁站B1东北口,2号线,东城区,116.417464,39.901267,交通设施服务;地铁站;出入口,地铁站,地铁口
BX10014894,东单地铁站H西南口,5号线,东城区,116.417309,39.907973,交通设施服务;地铁站;出入口,地铁站,地铁口
BX10036992,金鱼胡同地铁站出入口,8号线,东城区,116.410601,39.917040,交通设施服务;地铁站;出入口,地铁站,地铁口
BX10015224,和平门地铁站C1东南口,2号线,西城区,116.384745,39.899926,交通设施服务;地铁站;出入口,地铁站,地铁口
BX10015587,东四地铁站E西北口,6号线,东城区,116.415382,39.924835,交通设施服务;地铁站;出入口,地铁站,地铁口
BX09915499,金鱼胡同地铁站出入口,8号线,东城区,116.411697,39.916325,交通设施服务;地铁站;出入口,地铁站,地铁口
BX10019394,虎坊桥地铁站C东南口,7号线,西城区,116.385749,39.889225,交通设施服务;地铁站;出入口,地铁站,地铁口
BX10015586,东四地铁站G西南口,6号线,东城区,116.416611,39.924034,交通设施服务;地铁站;出入口,地铁站,地铁口
BX10015588,东四地铁站B东北口,5号线,东城区,116.418071,39.925092,交通设施服务;地铁站;出入口,地铁站,地铁口
BX10015501,天坛东门地铁站A2西北口,5号线,东城区,116.420393,39.884389,交通设施服务;地铁站;出入口,地铁站,地铁口
BX10025911,中国美术馆地铁站B东北口,8号线,东城区,116.411047,39.924629,交通设施服务;地铁站;出入口,地铁站,地铁口
BX10015539,磁器口地铁站H西南口,7号线,东城区,116.419473,39.892684,交通设施服务;地铁站;出入口,地铁站,地铁口
BX10015217,和平门地铁站A1西北口,2号线,西城区,116.383225,39.900217,交通设施服务;地铁站;出入口,地铁站,地铁口
BX10035527,珠市口地铁站E西北口,8号线,西城区,116.398073,39.889905,交通设施服务;地铁站;出入口,地铁站,地铁口
BX10014872,建国门地铁站B东北口,1号线/八通线;2号线,朝阳区,116.436877,39.909005,交通设施服务;地铁站;出入口,地铁站,地铁口
BX10015583,东四地铁站D西南口,5号线,东城区,116.416948,39.924032,交通设施服务;地铁站;出入口,地铁站,地铁口
BX10014871,建国门地铁站A西北口,1号线/八通线;2号线,东城区,116.434329,39.909042,交通设施服务;地铁站;出入口,地铁站,地铁口
BX10019396,虎坊桥地铁站B东北口,7号线,西城区,116.385325,39.889878,交通设施服务;地铁站;出入口,地铁站,地铁口
BX10015221,和平门地铁站C2东南口,2号线,西城区,116.385187,39.899932,交通设施服务;地铁站;出入口,地铁站,地铁口
BX09906978,天桥地铁站C东南口,8号线,东城区,116.399714,39.881218,交通设施服务;地铁站;出入口,地铁站,地铁口
BX10015503,天坛东门地铁站B东北口,5号线,东城区,116.421580,39.883693,交通设施服务;地铁站;出入口,地铁站,地铁口
BX09907306,广渠门内地铁站D西南口,7号线,东城区,116.433631,39.893414,交通设施服务;地铁站;出入口,地铁站,地铁口
BX10015220,和平门地铁站B2东北口,2号线,西城区,116.385226,39.900244,交通设施服务;地铁站;出入口,地铁站,地铁口
BX10015222,和平门地铁站A2西北口,2号线,西城区,116.383734,39.900222,交通设施服务;地铁站;出入口,地铁站,地铁口
BX10014873,建国门地铁站C西南口,1号线/八通线;2号线,东城区,116.434356,39.908075,交通设施服务;地铁站;出入口,地铁站,地铁口
BX09907308,广渠门内地铁站B东北口,7号线,东城区,116.435220,39.893915,交通设施服务;地铁站;出入口,地铁站,地铁口
BX09906977,天桥地铁站A西北口,8号线,西城区,116.398315,39.883217,交通设施服务;地铁站;出入口,地铁站,地铁口
BX09907307,广渠门内地铁站A西北口,7号线,东城区,116.432346,39.893890,交通设施服务;地铁站;出入口,地铁站,地铁口
BX10015218,和平门地铁站D1西南口,2号线,西城区,116.383251,39.899916,交通设施服务;地铁站;出入口,地铁站,地铁口
BX10014809,西单地铁站C东北口,1号线/八通线,西城区,116.377520,39.907778,交通设施服务;地铁站;出入口,地铁站,地铁口
BX10015504,天坛东门地铁站C东南口,5号线,东城区,116.421360,39.881480,交通设施服务;地铁站;出入口,地铁站,地铁口
BX10014804,西单地铁站B北口,1号线/八通线,西城区,116.376439,39.908005,交通设施服务;地铁站;出入口,地铁站,地铁口
BX10014813,西单地铁站A西北口,1号线/八通线,西城区,116.374779,39.907545,交通设施服务;地铁站;出入口,地铁站,地铁口
BX10026259,中国美术馆地铁站D1西南口,8号线,东城区,116.409874,39.924185,交通设施服务;地铁站;出入口,地铁站,地铁口
BX09906979,天桥地铁站D西南口,8号线,西城区,116.398310,39.881197,交通设施服务;地铁站;出入口,地铁站,地铁口
BX10026260,中国美术馆地铁站D2西南口,8号线,东城区,116.410311,39.924187,交通设施服务;地铁站;出入口,地铁站,地铁口
BX10020623,东四地铁站F东北口,6号线,东城区,116.417178,39.924627,交通设施服务;地铁站;出入口,地铁站,地铁口
BX10014811,西单地铁站D东南口,1号线/八通线,西城区,116.377465,39.906816,交通设施服务;地铁站;出入口,地铁站,地铁口
BX10020686,西单地铁站F1西北口,4号线/大兴线,西城区,116.373656,39.908047,交通设施服务;地铁站;出入口,地铁站,地铁口
BX10015223,和平门地铁站B1东北口,2号线,西城区,116.384697,39.900239,交通设施服务;地铁站;出入口,地铁站,地铁口
BX10015229,朝阳门地铁站A东北口,2号线,朝阳区,116.435778,39.924878,交通设施服务;地铁站;出入口,地铁站,地铁口
BX10020563,天坛东门地铁站A1西北口,5号线,东城区,116.420077,39.883625,交通设施服务;地铁站;出入口,地铁站,地铁口
BX09907247,宣武门地铁站G东南口,4号线/大兴线,西城区,116.374897,39.898318,交通设施服务;地铁站;出入口,地铁站,地铁口
BX09907126,南锣鼓巷地铁站E西北口,8号线,东城区,116.403075,39.933658,交通设施服务;地铁站;出入口,地铁站,地铁口
BX10015225,朝阳门地铁站G东南口,6号线,东城区,116.432786,39.923997,交通设施服务;地铁站;出入口,地铁站,地铁口
BX10015226,朝阳门地铁站H西南口,6号线,东城区,116.431374,39.924105,交通设施服务;地铁站;出入口,地铁站,地铁口
BX10019393,虎坊桥地铁站A西北口,7号线,西城区,116.383314,39.889830,交通设施服务;地铁站;出入口,地铁站,地铁口
BX09907248,宣武门地铁站B东北口,4号线/大兴线,西城区,116.376154,39.900146,交通设施服务;地铁站;出入口,地铁站,地铁口
BX09907250,宣武门地铁站H西南口,4号线/大兴线,西城区,116.373994,39.899083,交通设施服务;地铁站;出入口,地铁站,地铁口
BX10019395,虎坊桥地铁站D西南口,7号线,西城区,116.383410,39.889002,交通设施服务;地铁站;出入口,地铁站,地铁口
BX09914594,东四地铁站A西北口,5号线,东城区,116.417198,39.925428,交通设施服务;地铁站;出入口,地铁站,地铁口
BX09907284,张自忠路地铁站B东北口,5号线,东城区,116.417762,39.934062,交通设施服务;地铁站;出入口,地铁站,地铁口
BX10015691,北海北地铁站B东北口,6号线,西城区,116.388184,39.933673,交通设施服务;地铁站;出入口,地铁站,地铁口
BX09906980,天桥地铁站B东北口,8号线,东城区,116.399352,39.882376,交通设施服务;地铁站;出入口,地铁站,地铁口
BX10019279,菜市口地铁站D西南口,4号线/大兴线,西城区,116.373598,39.888898,交通设施服务;地铁站;出入口,地铁站,地铁口
BX10015219,和平门地铁站D2西南口,2号线,西城区,116.383685,39.899918,交通设施服务;地铁站;出入口,地铁站,地铁口
BX10015622,什刹海地铁站A2西北口,8号线,西城区,116.395822,39.938272,交通设施服务;地铁站;出入口,地铁站,地铁口
BX10019281,菜市口地铁站C东南口,4号线/大兴线,西城区,116.375030,39.888523,交通设施服务;地铁站;出入口,地铁站,地铁口
BX10015227,朝阳门地铁站E西北口,6号线,东城区,116.432360,39.924706,交通设施服务;地铁站;出入口,地铁站,地铁口
BX09907125,南锣鼓巷地铁站A西北口,6号线,东城区,116.402183,39.933217,交通设施服务;地铁站;出入口,地铁站,地铁口
BX10014812,西单地铁站H东南口,4号线/大兴线,西城区,116.375139,39.906794,交通设施服务;地铁站;出入口,地铁站,地铁口
BX09907251,宣武门地铁站E西北口,4号线/大兴线,西城区,116.373697,39.900543,交通设施服务;地铁站;出入口,地铁站,地铁口
BX10015430,西四地铁站D西南口,4号线/大兴线,西城区,116.372750,39.923046,交通设施服务;地铁站;出入口,地铁站,地铁口
BX09907249,宣武门地铁站F东北口,4号线/大兴线,西城区,116.374710,39.901488,交通设施服务;地铁站;出入口,地铁站,地铁口
BX09907252,宣武门地铁站C东南口,2号线,西城区,116.374850,39.899617,交通设施服务;地铁站;出入口,地铁站,地铁口
BX10019278,菜市口地铁站F东北口,7号线,西城区,116.375450,39.889741,交通设施服务;地铁站;出入口,地铁站,地铁口
BX09916182,西单地铁站出入口,1号线/八通线,西城区,116.375062,39.908214,交通设施服务;地铁站;出入口,地铁站,地铁口
BX10015459,灵境胡同地铁站B东北口,4号线/大兴线,西城区,116.373943,39.916226,交通设施服务;地铁站;出入口,地铁站,地铁口
BX10015690,北海北地铁站D西南口,6号线,西城区,116.385448,39.933015,交通设施服务;地铁站;出入口,地铁站,地铁口
BX10015623,什刹海地铁站A1西北口,8号线,西城区,116.395829,39.937830,交通设施服务;地铁站;出入口,地铁站,地铁口
BX09907128,南锣鼓巷地铁站F东北口,8号线,东城区,116.405292,39.933632,交通设施服务;地铁站;出入口,地铁站,地铁口
BX10015624,什刹海地铁站C东南口,8号线,东城区,116.396460,39.937310,交通设施服务;地铁站;出入口,地铁站,地铁口
BX10015458,灵境胡同地铁站C东南口,4号线/大兴线,西城区,116.373967,39.915613,交通设施服务;地铁站;出入口,地铁站,地铁口
BX10020573,灵境胡同地铁站D西南口,4号线/大兴线,西城区,116.373310,39.915603,交通设施服务;地铁站;出入口,地铁站,地铁口
BX09907265,牛街地铁站C口,19号线,西城区,116.363885,39.889996,交通设施服务;地铁站;出入口,地铁站,地铁口
BX10024908,天坛东门地铁站D西南口,5号线,东城区,116.420610,39.882330,交通设施服务;地铁站;出入口,地铁站,地铁口
BX09907266,牛街地铁站D2口,19号线,西城区,116.362657,39.889670,交通设施服务;地铁站;出入口,地铁站,地铁口
BX09907035,长椿街地铁站C1东南口,2号线,西城区,116.363875,39.899263,交通设施服务;地铁站;出入口,地铁站,地铁口
BX09907352,太平桥地铁站A口,19号线,西城区,116.363018,39.909855,交通设施服务;地铁站;出入口,地铁站,地铁口
BX10015429,西四地铁站B东北口,4号线/大兴线,西城区,116.373713,39.924753,交通设施服务;地铁站;出入口,地铁站,地铁口
BX10025566,菜市口地铁站G西南口,7号线,西城区,116.373801,39.888865,交通设施服务;地铁站;出入口,地铁站,地铁口
BX10015554,陶然亭地铁站C东南口,4号线/大兴线,西城区,116.374814,39.877870,交通设施服务;地铁站;出入口,地铁站,地铁口
BX10019357,永安里地铁站C南口,1号线/八通线,朝阳区,116.451216,39.908171,交通设施服务;地铁站;出入口,地铁站,地铁口
BX10019390,广渠门外地铁站D西南口,7号线,东城区,116.448257,39.893231,交通设施服务;地铁站;出入口,地铁站,地铁口
BX09906877,东大桥地铁站A西北口,6号线,朝阳区,116.450703,39.923625,交通设施服务;地铁站;出入口,地铁站,地铁口
BX09905139,西单地铁站G东北口,4号线/大兴线,西城区,116.374940,39.908097,交通设施服务;地铁站;出入口,地铁站,地铁口
BX10015228,朝阳门地铁站F东北口,6号线,东城区,116.433465,39.925588,交通设施服务;地铁站;出入口,地铁站,地铁口
BX09907006,东四十条地铁站A西北口,2号线;3号线,东城区,116.433241,39.934075,交通设施服务;地铁站;出入口,地铁站,地铁口
BX09907327,复兴门地铁站A西北口,1号线/八通线;2号线,西城区,116.357531,39.908271,交通设施服务;地铁站;出入口,地铁站,地铁口
BX10014908,永安里地铁站B东北口,1号线/八通线,朝阳区,116.451234,39.908910,交通设施服务;地铁站;出入口,地铁站,地铁口
BX10019391,广渠门外地铁站B东北口,7号线,东城区,116.449266,39.894109,交通设施服务;地铁站;出入口,地铁站,地铁口
BX10015564,北新桥地铁站B东北口,5号线;首都机场线,东城区,116.417392,39.941415,交通设施服务;地铁站;出入口,地铁站,地铁口
BX10020685,西单地铁站F2西北口,4号线/大兴线,西城区,116.373143,39.907437,交通设施服务;地铁站;出入口,地铁站,地铁口
BX10015567,北新桥地铁站C东南口,5号线;首都机场线,东城区,116.417657,39.940263,交通设施服务;地铁站;出入口,地铁站,地铁口
BX09907127,南锣鼓巷地铁站B东北口,6号线,东城区,116.403903,39.933224,交通设施服务;地铁站;出入口,地铁站,地铁口
BX09907283,张自忠路地铁站A西北口,5号线,东城区,116.416563,39.933890,交通设施服务;地铁站;出入口,地铁站,地铁口
BX10015565,北新桥地铁站D西南口,5号线;首都机场线,东城区,116.416580,39.940617,交通设施服务;地铁站;出入口,地铁站,地铁口
BX09907285,张自忠路地铁站C东南口,5号线,东城区,116.417765,39.933243,交通设施服务;地铁站;出入口,地铁站,地铁口
BX09913082,天桥地铁站出入口,8号线,西城区,116.398195,39.881681,交通设施服务;地铁站;出入口,地铁站,地铁口
BX10015553,陶然亭地铁站D西南口,4号线/大兴线,西城区,116.373641,39.878325,交通设施服务;地铁站;出入口,地铁站,地铁口
BX09907354,太平桥地铁站D口,19号线,西城区,116.363063,39.908797,交通设施服务;地铁站;出入口,地铁站,地铁口
BX10020218,景泰地铁站B东北口,14号线,东城区,116.411816,39.865476,交通设施服务;地铁站;出入口,地铁站,地铁口
BX09916925,永安里地铁站F口,17号线,朝阳区,116.450543,39.911413,交通设施服务;地铁站;出入口,地铁站,地铁口
BX10035758,北新桥地铁站A口,5号线;首都机场线,东城区,116.416483,39.941331,交通设施服务;地铁站;出入口,地铁站,地铁口
BX09906948,双井地铁站A西北口,10号线,朝阳区,116.460429,39.893774,交通设施服务;地铁站;出入口,地铁站,地铁口
BX09907377,国贸地铁站C东南口,1号线/八通线,朝阳区,116.460705,39.907537,交通设施服务;地铁站;出入口,地铁站,地铁口
BX09916617,东大桥地铁站G口,17号线,朝阳区,116.450081,39.922086,交通设施服务;地铁站;出入口,地铁站,地铁口
BX10015552,陶然亭地铁站A西北口,4号线/大兴线,西城区,116.373698,39.878768,交通设施服务;地铁站;出入口,地铁站,地铁口
BX10015473,平安里地铁站B东北口,4号线/大兴线,西城区,116.373168,39.934511,交通设施服务;地铁站;出入口,地铁站,地铁口
BX10026276,永定门外地铁站F西南口,8号线,东城区,116.399110,39.865723,交通设施服务;地铁站;出入口,地铁站,地铁口
BX09907264,牛街地铁站B口,19号线,西城区,116.364404,39.891080,交通设施服务;地铁站;出入口,地铁站,地铁口
BX10020221,永定门外地铁站A西北口,14号线,东城区,116.398460,39.867881,交通设施服务;地铁站;出入口,地铁站,地铁口
BX09907286,张自忠路地铁站D西南口,5号线,东城区,116.416873,39.933157,交通设施服务;地铁站;出入口,地铁站,地铁口
BX10014810,西单地铁站E西南口,1号线/八通线,西城区,116.375249,39.906797,交通设施服务;地铁站;出入口,地铁站,地铁口
BX09907376,国贸地铁站A西北口,1号线/八通线,朝阳区,116.458940,39.908890,交通设施服务;地铁站;出入口,地铁站,地铁口
BX10019277,菜市口地铁站A西北口,4号线/大兴线,西城区,116.373929,39.890165,交通设施服务;地铁站;出入口,地铁站,地铁口
BX10019280,菜市口地铁站E西北口,7号线,西城区,116.373498,39.889727,交通设施服务;地铁站;出入口,地铁站,地铁口
BX09907381,国贸地铁站E2西北口,10号线,朝阳区,116.460879,39.909947,交通设施服务;地铁站;出入口,地铁站,地铁口
BX09907340,东直门地铁站C东南口,2号线,东城区,116.435041,39.940862,交通设施服务;地铁站;出入口,地铁站,地铁口
BX09907385,国贸地铁站F东北口,10号线,朝阳区,116.463072,39.909752,交通设施服务;地铁站;出入口,地铁站,地铁口
BX09907384,国贸地铁站D西南口,1号线/八通线,朝阳区,116.458473,39.907903,交通设施服务;地铁站;出入口,地铁站,地铁口
BX09906876,东大桥地铁站B东北口,6号线,朝阳区,116.452586,39.923612,交通设施服务;地铁站;出入口,地铁站,地铁口
BX10019224,西四地铁站A西北口,4号线/大兴线,西城区,116.372815,39.924859,交通设施服务;地铁站;出入口,地铁站,地铁口
BX10015472,平安里地铁站C东南口,4号线/大兴线,西城区,116.373209,39.933228,交通设施服务;地铁站;出入口,地铁站,地铁口
BX10020687,西单地铁站J1西南口,4号线/大兴线,西城区,116.373679,39.906287,交通设施服务;地铁站;出入口,地铁站,地铁口
BX10020684,西单地铁站J2西南口,4号线/大兴线,西城区,116.373152,39.906906,交通设施服务;地铁站;出入口,地铁站,地铁口
BX10020222,永定门外地铁站C东南口,14号线,东城区,116.400168,39.867025,交通设施服务;地铁站;出入口,地铁站,地铁口
BX09907341,东直门地铁站B1东北口,2号线,东城区,116.435105,39.941362,交通设施服务;地铁站;出入口,地铁站,地铁口
BX09907300,蒲黄榆地铁站C东南口,5号线,丰台区,116.422110,39.864916,交通设施服务;地铁站;出入口,地铁站,地铁口
BX09907380,国贸地铁站G东南口,10号线,朝阳区,116.463879,39.908803,交通设施服务;地铁站;出入口,地铁站,地铁口
BX09907005,东四十条地铁站B东北口,2号线;3号线,东城区,116.435245,39.933979,交通设施服务;地铁站;出入口,地铁站,地铁口
BX09907271,广安门内地铁站A西北口,7号线,西城区,116.357021,39.889803,交通设施服务;地铁站;出入口,地铁站,地铁口
BX10015689,北海北地铁站A西北口,6号线,西城区,116.385117,39.933399,交通设施服务;地铁站;出入口,地铁站,地铁口
BX10035757,北新桥地铁站E口,5号线;首都机场线,东城区,116.416413,39.940617,交通设施服务;地铁站;出入口,地铁站,地铁口
BX09907036,长椿街地铁站D1西南口,2号线,西城区,116.362405,39.899254,交通设施服务;地铁站;出入口,地铁站,地铁口
BX10014907,永安里地铁站A1北口,1号线/八通线,朝阳区,116.449723,39.908620,交通设施服务;地铁站;出入口,地铁站,地铁口
BX10019392,广渠门外地铁站A西北口,7号线,东城区,116.448075,39.894113,交通设施服务;地铁站;出入口,地铁站,地铁口
BX09907008,东四十条地铁站D西南口,2号线;3号线,东城区,116.433128,39.933327,交通设施服务;地铁站;出入口,地铁站,地铁口
BX09907032,长椿街地铁站B1东北口,2号线,西城区,116.363869,39.899630,交通设施服务;地铁站;出入口,地铁站,地铁口
BX09906878,东大桥地铁站D1西南口,6号线,朝阳区,116.452358,39.923013,交通设施服务;地铁站;出入口,地铁站,地铁口
BX10015470,平安里地铁站H西南口,6号线,西城区,116.370222,39.932304,交通设施服务;地铁站;出入口,地铁站,地铁口
BX09907120,阜成门地铁站B东北口,2号线,西城区,116.357582,39.924261,交通设施服务;地铁站;出入口,地铁站,地铁口
BX09907031,长椿街地铁站A1西北口,2号线,西城区,116.362385,39.899579,交通设施服务;地铁站;出入口,地铁站,地铁口
BX09907338,东直门地铁站E口,首都机场线,东城区,116.435372,39.941358,交通设施服务;地铁站;出入口,地铁站,地铁口
BX09907299,蒲黄榆地铁站D西南口,5号线,丰台区,116.421313,39.864923,交通设施服务;地铁站;出入口,地铁站,地铁口
BX09907295,蒲黄榆地铁站E西北口,5号线,丰台区,116.421981,39.866375,交通设施服务;地铁站;出入口,地铁站,地铁口
BX09916618,东大桥地铁站E口,17号线,朝阳区,116.450171,39.923462,交通设施服务;地铁站;出入口,地铁站,地铁口
BX09906949,双井地铁站D西南口,10号线,朝阳区,116.460420,39.893160,交通设施服务;地铁站;出入口,地铁站,地铁口
BX09907297,蒲黄榆地铁站F东北口,14号线,丰台区,116.424391,39.865796,交通设施服务;地铁站;出入口,地铁站,地铁口
BX10026487,永安里地铁站出入口,1号线/八通线,朝阳区,116.449249,39.907897,交通设施服务;地铁站;出入口,地铁站,地铁口
BX09907342,东直门地铁站D西南口,2号线,东城区,116.433240,39.940231,交通设施服务;地铁站;出入口,地铁站,地铁口
BX10015233,鼓楼大街地铁站G东南口,8号线,东城区,116.394111,39.946917,交通设施服务;地铁站;出入口,地铁站,地铁口
BX10020920,永安里地铁站A2南口,1号线/八通线,朝阳区,116.449864,39.908320,交通设施服务;地铁站;出入口,地铁站,地铁口
BX09906950,双井地铁站G东南口,7号线,朝阳区,116.462684,39.893096,交通设施服务;地铁站;出入口,地铁站,地铁口
BX09907002,雍和宫地铁站F东南口,5号线,东城区,116.416753,39.947482,交通设施服务;地铁站;出入口,地铁站,地铁口
BX09907337,东直门地铁站A西北口,2号线,东城区,116.433159,39.941962,交通设施服务;地铁站;出入口,地铁站,地铁口
BX09917828,东四地铁站出入口,5号线,东城区,116.416500,39.924885,交通设施服务;地铁站;出入口,地铁站,地铁口
BX10015382,金台夕照地铁站A西北口,10号线,朝阳区,116.460658,39.916784,交通设施服务;地铁站;出入口,地铁站,地铁口
BX09907276,北京南站地铁站A北出口,14号线;4号线/大兴线,丰台区,116.378671,39.865266,交通设施服务;地铁站;出入口,地铁站,地铁口
BX09907270,广安门内地铁站B东北口,7号线,西城区,116.359353,39.889736,交通设施服务;地铁站;出入口,地铁站,地铁口
BX09907007,东四十条地铁站C东南口,2号线;3号线,东城区,116.435391,39.933329,交通设施服务;地铁站;出入口,地铁站,地铁口
BX09907298,蒲黄榆地铁站B东北口,5号线,丰台区,116.422699,39.865929,交通设施服务;地铁站;出入口,地铁站,地铁口
BX09900456,呼家楼地铁站C东南口,10号线,朝阳区,116.462027,39.922989,交通设施服务;地铁站;出入口,地铁站,地铁口
BX10020219,景泰地铁站D西南口,14号线,东城区,116.409888,39.865001,交通设施服务;地铁站;出入口,地铁站,地铁口
BX10020581,劲松地铁站A西北口,10号线,朝阳区,116.460276,39.884710,交通设施服务;地铁站;出入口,地铁站,地铁口
BX10020840,方庄地铁站A西北口,14号线,丰台区,116.439327,39.866509,交通设施服务;地铁站;出入口,地铁站,地铁口
BX09907296,蒲黄榆地铁站G东南口,14号线,丰台区,116.424423,39.865451,交通设施服务;地铁站;出入口,地铁站,地铁口
BX10036803,平安里地铁站L口,19号线,西城区,116.368513,39.932761,交通设施服务;地铁站;出入口,地铁站,地铁口
BX10015177,呼家楼地铁站B东北口,10号线,朝阳区,116.462007,39.924484,交通设施服务;地铁站;出入口,地铁站,地铁口
BX09907383,国贸地铁站B东北口,1号线/八通线,朝阳区,116.460723,39.908869,交通设施服务;地铁站;出入口,地铁站,地铁口
BX09907382,国贸地铁站E1西北口,10号线,朝阳区,116.460789,39.909201,交通设施服务;地铁站;出入口,地铁站,地铁口
BX10019786,刘家窑地铁站C东南口,5号线,丰台区,116.422937,39.856980,交通设施服务;地铁站;出入口,地铁站,地铁口
BX09906988,南礼士路地铁站A西北口,1号线/八通线,西城区,116.352344,39.907433,交通设施服务;地铁站;出入口,地铁站,地铁口
BX09916924,永安里地铁站E口,17号线,朝阳区,116.450052,39.910671,交通设施服务;地铁站;出入口,地铁站,地铁口
BX10015267,劲松地铁站C东南口,10号线,朝阳区,116.461744,39.883987,交通设施服务;地铁站;出入口,地铁站,地铁口
BX09907363,安定门地铁站A西北口,2号线,东城区,116.407598,39.949815,交通设施服务;地铁站;出入口,地铁站,地铁口
BX09907117,阜成门地铁站C东南口,2号线,西城区,116.357259,39.922885,交通设施服务;地铁站;出入口,地铁站,地铁口
BX09907326,复兴门地铁站B东北口,1号线/八通线;2号线,西城区,116.358302,39.907896,交通设施服务;地铁站;出入口,地铁站,地铁口
BX09907428,工人体育场地铁站D口,17号线,朝阳区,116.451422,39.933970,交通设施服务;地铁站;出入口,地铁站,地铁口
BX09907294,蒲黄榆地铁站A西北口,5号线,丰台区,116.421236,39.866192,交通设施服务;地铁站;出入口,地铁站,地铁口
BX10015469,平安里地铁站F东北口,6号线,西城区,116.371968,39.933063,交通设施服务;地铁站;出入口,地铁站,地铁口
BX09906951,双井地铁站E口,10号线;7号线,朝阳区,116.462108,39.894262,交通设施服务;地铁站;出入口,地铁站,地铁口
B000A7QOXL,王府世纪,东安门大街55号(金鱼胡同地铁站C西南口步行280米),东城区,116.407565,39.915887,商务住宅;楼宇;商务写字楼,写字楼,写字楼
B000AAFAC5,望京SOHO,望京街10号,朝阳区,116.481075,39.996743,商务住宅;楼宇;商务写字楼,写字楼,写字楼
B0FFH85LBA,大族广场,荣华南路2号(荣京东街地铁站B1南口步行380米),大兴区,116.512841,39.791810,商务住宅;楼宇;商住两用楼宇,写字楼,写字楼
B0FFLIY9Z4,京东集团全球总部北京1号园区,亦庄经济开发区科创十一街18号院,通州区,116.562930,39.786622,商务住宅;楼宇;商务写字楼,写字楼,写字楼
B000A7IKQS,世纪大厦,王府井大街99号,东城区,116.410363,39.919124,商务住宅;楼宇;商务写字楼,写字楼,写字楼
B0FFGK3J7I,新闻大厦,建国门内大街26号(东单地铁站C东南口步行190米),东城区,116.421787,39.907493,商务住宅;楼宇;商务写字楼,写字楼,写字楼
B000ABCBCM,北京CBD万达广场,建国路93号,朝阳区,116.471441,39.910116,商务住宅;楼宇;商住两用楼宇,写字楼,写字楼
B0I15MW5XY,丽金智地中心,魏公村路6号院1号楼(魏公村地铁站D西南口步行260米),海淀区,116.320104,39.956309,商务住宅;楼宇;商务写字楼,写字楼,写字楼
B000A9EH62,建外SOHO,东三环中路39号(国贸地铁站C东南口步行360米),朝阳区,116.459445,39.905537,商务住宅;住宅区;住宅区,写字楼,写字楼
B0FFKTJII6,中信大厦,光华路10号,朝阳区,116.466276,39.912916,商务住宅;楼宇;商务写字楼,写字楼,写字楼
B0KRMZ21OD,元创大都会,林枫家园附近,大兴区,116.356005,39.794816,商务住宅;楼宇;商务写字楼,写字楼,写字楼
B0FFIRU9E9,正大中心,金和东路20号,朝阳区,116.467852,39.912578,商务住宅;楼宇;商务写字楼,写字楼,写字楼
B000A9X8H3,国投财富广场,广安路9号(湾子地铁站A西北口步行300米),丰台区,116.323175,39.891230,商务住宅;楼宇;商务写字楼,写字楼,写字楼
B000A0D4AE,银都大厦,阜成路67号(西钓鱼台地铁站A西北口步行190米),海淀区,116.300160,39.924557,商务住宅;楼宇;商务写字楼,写字楼,写字楼
B000A839DB,朝外SOHO,朝阳门外大街乙26号朝外MEN A座,朝阳区,116.454674,39.920065,商务住宅;楼宇;商务写字楼|购物服务;商场;购物中心,写字楼,写字楼
B0H6NHELMW,汇琴数字中心,南顶路244号,丰台区,116.423439,39.843265,商务住宅;楼宇;商务写字楼,写字楼,写字楼
B000A0EF6B,东源大厦,东升成府路35号(五道口地铁站A北口步行140米),海淀区,116.336548,39.993285,商务住宅;楼宇;商务写字楼,写字楼,写字楼
B000A9MXDC,绿地中心,宏泰东街东(望京东地铁站C东南口步行420米),朝阳区,116.487270,40.000177,商务住宅;楼宇;商务写字楼,写字楼,写字楼
B000A768ED,中关村大厦,中关村大街27号(海淀黄庄地铁站A2西北口步行160米),海淀区,116.316354,39.977685,商务住宅;楼宇;商务写字楼,写字楼,写字楼
B0FFHONRTX,九龙商厦1幢,家乐福(双井店)(九龙山地铁站A西北口步行250米),朝阳区,116.474379,39.894042,商务住宅;楼宇;商务写字楼,写字楼,写字楼
B000A8X4JH,大钟寺广场2号楼,北三环西路甲18号院(大钟寺地铁站D口步行120米),海淀区,116.343032,39.966601,商务住宅;楼宇;商务写字楼,写字楼,写字楼
B0FFHY0E1C,丽泽SOHO,丽泽路30号,丰台区,116.330776,39.866976,商务住宅;楼宇;商务写字楼,写字楼,写字楼
B000A80ZQ2,世茂大厦,建国路甲92号A座8层(大望路地铁站C西南口步行350米),朝阳区,116.471060,39.907662,商务住宅;楼宇;商务写字楼,写字楼,写字楼
B000AA4IXH,金隅·大成国际中心,百子湾甲12号(东四环百子湾桥东南角),朝阳区,116.492635,39.899477,商务住宅;楼宇;商务写字楼,写字楼,写字楼
B0FFG96WF1,英皇集团中心,建外大街丁12号(永安里地铁站出入口步行470米),朝阳区,116.444738,39.907772,商务住宅;楼宇;商务写字楼,写字楼,写字楼
B0FFFLFESH,兆泰国际中心,朝外西街3号新金山公寓1层(近距朝阳门站约502米),朝阳区,116.436279,39.919463,商务住宅;楼宇;商务写字楼,写字楼,写字楼
B000A843YY,时代风帆大厦,马家堡西路15号(角门西地铁站A2西北口步行50米),丰台区,116.370112,39.846694,商务住宅;楼宇;商务写字楼,写字楼,写字楼
B000A7HSXZ,华普国际大厦,朝阳门外大街19号,朝阳区,116.438787,39.924831,商务住宅;楼宇;商务写字楼,写字楼,写字楼
B000A81K7R,佳程广场,东三环北路18号,朝阳区,116.458304,39.956475,商务住宅;楼宇;商务写字楼,写字楼,写字楼
B0FFHIW66T,海龙大厦,中关村大街1号(中关村地铁站D西南口步行160米),海淀区,116.315350,39.983453,商务住宅;楼宇;商务写字楼,写字楼,写字楼
B000A838QG,平安国际金融中心(新源南路),新源南路1号(亮马桥地铁站A西北口步行130米),朝阳区,116.460091,39.949780,商务住宅;楼宇;商务写字楼,写字楼,写字楼
B000A5A292,财智国际大厦,中关村东路18号,海淀区,116.333838,39.988082,商务住宅;楼宇;商务写字楼,写字楼,写字楼
B0FFFHB521,金隅嘉华大厦,上地三街9号,海淀区,116.307951,40.036804,商务住宅;楼宇;商务写字楼,写字楼,写字楼
B000A8W8WG,万科时代中心·望京,望京街9号,朝阳区,116.484121,39.989992,商务住宅;楼宇;商务写字楼,写字楼,写字楼
B0FFFZCE6A,金辉大厦,启阳路(望京东地铁站B东北口旁),朝阳区,116.488731,40.002813,商务住宅;楼宇;商务写字楼,写字楼,写字楼
B000A4C724,甘家口大厦,三里河路17号(甘家口地铁站A西北口步行300米),海淀区,116.333266,39.927493,商务住宅;楼宇;商务写字楼,写字楼,写字楼
B0FFG4FUOQ,科实大厦,信息路甲28号,海淀区,116.311935,40.034764,商务住宅;楼宇;商务写字楼,写字楼,写字楼
B0FFIH6ZE0,国贸大厦A座,建国门外大街1号国贸商城北区西段L1层,朝阳区,116.458466,39.912315,商务住宅;楼宇;商务写字楼,写字楼,写字楼
B000A8WC7G,世纪大厦A座,王府井大街99号世纪大厦,东城区,116.410398,39.918906,商务住宅;楼宇;商务写字楼,写字楼,写字楼
B000A7CE2Q,国中商业大厦,东华门灯市口大街33号(灯市口地铁站A西北口步行460米),东城区,116.414427,39.918954,商务住宅;楼宇;商务写字楼,写字楼,写字楼
B0HA1RFXES,京印国际中心,开阳路8号,丰台区,116.375727,39.868418,商务住宅;楼宇;商务写字楼,写字楼,写字楼
B0GK7Z0GT8,鼎成中心,小营北路15号院1号,朝阳区,116.433133,39.999566,商务住宅;楼宇;商务写字楼,写字楼,写字楼
B000A835NS,华清商务会馆(华清嘉园),东升五道口(五道口地铁站B南口步行400米),海淀区,116.333755,39.992347,商务住宅;楼宇;商务写字楼,写字楼,写字楼
B0FFFE8I67,光华路SOHO2期,呼家楼街道光华路9号,朝阳区,116.452023,39.913986,商务住宅;楼宇;商务写字楼,写字楼,写字楼
B000A8WAFF,光华路SOHO,光华路22号,朝阳区,116.452207,39.912947,商务住宅;楼宇;商务写字楼,写字楼,写字楼
B000A80CIE,金源时代商务中心,蓝靛厂东路2号院(长春桥地铁站B口步行490米),海淀区,116.288689,39.960623,商务住宅;楼宇;商务写字楼,写字楼,写字楼
B0FFGE1WXV,e世界财富中心,中关村大街11号(中关村地铁站D口往南步行300米),海淀区,116.315020,39.981610,商务住宅;楼宇;商务写字楼,写字楼,写字楼
B0FFHEKSY6,富华大厦,朝阳门北大街8号(近东四十条桥),东城区,116.435686,39.930902,商务住宅;楼宇;商务写字楼,写字楼,写字楼
B000A80VTE,富力·摩根中心,太平街6-9号,西城区,116.388309,39.880610,商务住宅;楼宇;商务写字楼,写字楼,写字楼
B000A88A2K,中海国际中心,平安里西大街28号(车公庄地铁站C东南口步行170米),西城区,116.357257,39.931640,商务住宅;楼宇;商务写字楼,写字楼,写字楼
B000A12CCB,招商局大厦,建国路118号(国贸地铁站C口3号东口步行210米),朝阳区,116.463449,39.907472,商务住宅;楼宇;商务写字楼,写字楼,写字楼
B0FFFAHS4Y,致真大厦,知春路7号(西土城地铁站A西北口步行150米),海淀区,116.351564,39.977324,商务住宅;楼宇;商务写字楼,写字楼,写字楼
B000A85NTU,银河SOHO,南竹杆胡同2号,东城区,116.433179,39.920627,商务住宅;楼宇;商务写字楼,写字楼,写字楼
B000A509F4,中粮广场,建国门内大街8号(北京站地铁站B东北口步行350米),东城区,116.429908,39.907040,商务住宅;楼宇;商务写字楼,写字楼,写字楼
B0FFHORAUO,北京银泰中心A座,建国门外大街2号北京银泰中心,朝阳区,116.459198,39.907571,商务住宅;楼宇;商务写字楼,写字楼,写字楼
B000A88DRK,金贸大厦,西直门外大街18号(西直门地铁站F1南口步行420米),西城区,116.349645,39.938906,商务住宅;楼宇;商务写字楼,写字楼,写字楼
B000A4825C,阳光大厦(西直门外大街辅路),西直门外大街112号,西城区,116.346155,39.937907,商务住宅;楼宇;商务写字楼,写字楼,写字楼
B0FFF2QKMQ,城建大厦,北太平庄路18号(北太平庄桥东北角),海淀区,116.371080,39.968993,商务住宅;楼宇;商务写字楼,写字楼,写字楼
B0FFLN9HFL,阿里巴巴·北京朝阳科技园,来广营东路与东辛店路交叉口西460米,朝阳区,116.488911,40.024292,商务住宅;产业园区;产业园区,写字楼,写字楼
B0G30PIHSI,泰康集团大厦,景辉街16号院1号楼,朝阳区,116.467830,39.911298,商务住宅;楼宇;商务写字楼,写字楼,写字楼
B0FFFDMHHX,鸿懋商务大厦,红军营东路甲8号,朝阳区,116.437617,40.025818,商务住宅;楼宇;商务写字楼,写字楼,写字楼
B0FFI206UL,北京方恒中心,北三环西路27号(大钟寺地铁站E口步行110米),海淀区,116.340805,39.968286,商务住宅;楼宇;商务写字楼,写字楼,写字楼
B000A84BMP,华源世纪商务楼,双清路88号,海淀区,116.334721,39.996320,商务住宅;楼宇;商务写字楼,写字楼,写字楼
B000A7JHT3,国际财经中心,西三环北路87号(花园桥路北200米),海淀区,116.309139,39.935505,商务住宅;楼宇;商务写字楼,写字楼,写字楼
B000A84SHP,CBD国际大厦,永安东里16号(永安里地铁站C南口步行410米),朝阳区,116.452008,39.904636,商务住宅;楼宇;商务写字楼,写字楼,写字楼
B000A13EED,广源大厦,广源闸路5号,海淀区,116.311561,39.943290,商务住宅;楼宇;商务写字楼,写字楼,写字楼
B0FFFCKMP6,万通金融中心,阜成门外大街2号(阜成门地铁站D西南口步行60米),西城区,116.354261,39.922911,商务住宅;楼宇;商务写字楼,写字楼,写字楼
B000A9ET8I,数码大厦A座,中关村南大街2号院-1(人民大学地铁站F口旁),海淀区,116.323102,39.966145,商务住宅;楼宇;商务写字楼,写字楼,写字楼
B000ABCMZ7,嘉悦广场,欣雅街与宏业路交汇处,大兴区,116.323649,39.786903,商务住宅;楼宇;商务写字楼,写字楼,写字楼
B0FFG8VGJS,世界侨商中心,北皇木厂街3号(通州北关地铁站A西北口步行310米),通州区,116.659357,39.920977,商务住宅;楼宇;商务写字楼,写字楼,写字楼
B000A843A6,方正国际大厦,北四环西路52号(中关村地铁站A2西北口步行290米),海淀区,116.313142,39.984620,商务住宅;楼宇;商务写字楼,写字楼,写字楼
B0FFFAB6J2,首开广场,阜荣街10号,朝阳区,116.473004,39.993306,商务住宅;楼宇;商务写字楼,写字楼,写字楼
B0FFIE41E4,京东集团全球总部北京4号园区,科创十一街与经海四路交叉口西北150米,通州区,116.554969,39.786403,商务住宅;楼宇;商务写字楼,写字楼,写字楼
B000A7HYBI,金地中心,建国路179号(大望路地铁站出入口步行220米),朝阳区,116.474482,39.909105,商务住宅;楼宇;商务写字楼,写字楼,写字楼
B0FFL8OFTL,亚洲金融大厦,天辰东路1号院,朝阳区,116.389689,40.008393,商务住宅;楼宇;商务写字楼,写字楼,写字楼
B000A8W641,鼎好DH3大厦,海淀大街3号(中关村地铁站A1西北口步行200米),海淀区,116.314343,39.984298,商务住宅;楼宇;商务写字楼,写字楼,写字楼
B000A9QNR2,财富金融中心,东三环中路5号,朝阳区,116.460552,39.917729,商务住宅;楼宇;商务写字楼,写字楼,写字楼
B000A88E61,中钢国际广场,海淀大街8号(中关村地铁站D西南口步行300米),海淀区,116.312185,39.981535,商务住宅;楼宇;商务写字楼,写字楼,写字楼
B000A9PRJD,环球金融中心,东三环中路1号(金台夕照地铁站A西北口步行280米),朝阳区,116.459044,39.918732,商务住宅;楼宇;商务写字楼,写字楼,写字楼
B000AA0IU5,东方梅地亚中心,光华路4号,朝阳区,116.472899,39.912462,商务住宅;楼宇;商务写字楼,写字楼,写字楼
B000A84KKY,朝阳门SOHO,南竹杆胡同1号(朝阳门地铁站G东南口步行280米),东城区,116.432875,39.922507,商务住宅;楼宇;商务写字楼,写字楼,写字楼
B0FFIVLRWD,亦城时代广场,经海四路22号院,通州区,116.539189,39.809176,商务住宅;楼宇;商务写字楼,写字楼,写字楼
B0FFH87BSH,北京嘉里中心,光华路1号(金台夕照地铁站D西南口步行400米),朝阳区,116.459630,39.914045,商务住宅;楼宇;商务写字楼,写字楼,写字楼
B0JR1HU291,保利广场,容创西路与S50北五环入口交叉口西北100米,朝阳区,116.464789,40.016710,购物服务;商场;购物中心,写字楼,写字楼
B0FFGPOFBQ,诺德中心3期,五圈路,丰台区,116.308661,39.825221,商务住宅;楼宇;商务写字楼,写字楼,写字楼
B0FFG7395C,诺德中心,丰台科技园地铁站B东北口步行340米,丰台区,116.300608,39.828278,商务住宅;楼宇;商务写字楼,写字楼,写字楼
B0FFF5LCS3,北京东方广场,东长安街1号(东单地铁站E西北口步行240米),东城区,116.414528,39.909489,商务住宅;楼宇;商务写字楼,写字楼,写字楼
B0FFFHB5LS,中国红街,工体东路丙2号,朝阳区,116.450848,39.932344,商务住宅;楼宇;商务写字楼,写字楼,写字楼
B000A6C5EC,盈科中心,工人体育场北路甲2号(团结湖地铁站H口步行200米),朝阳区,116.458974,39.932654,商务住宅;楼宇;商住两用楼宇,写字楼,写字楼
B0FFKE06AO,三星大厦,景辉街31号,朝阳区,116.464736,39.912160,商务住宅;楼宇;商务写字楼,写字楼,写字楼
B0FFGPXU8W,腾讯北京总部大楼,西北旺路10号院9号楼,海淀区,116.273348,40.040219,商务住宅;楼宇;商务写字楼,写字楼,写字楼
B0FFIZAHSZ,新华国际中心,高立庄616号,丰台区,116.302966,39.795575,商务住宅;楼宇;商务写字楼,写字楼,写字楼
B000A85CL1,SOHO尚都北塔写字楼,东大桥路8号,朝阳区,116.452884,39.918751,商务住宅;楼宇;商务写字楼,写字楼,写字楼
B0GDF5VPI0,平安幸福中心,丽泽路24号院(东管头地铁站C口旁),丰台区,116.322709,39.867060,商务住宅;楼宇;商务写字楼,写字楼,写字楼
B0FFK6QJ47,瑞海大厦,羊坊店路21号(北京西站地铁站北出口步行400米),海淀区,116.319749,39.897791,商务住宅;楼宇;商务写字楼|商务住宅;楼宇;商住两用楼宇,写字楼,写字楼
B0FFHI8BDQ,IFC大厦服务中心,建国门外大街甲8号(永安里地铁站C南口步行130米),朝阳区,116.453023,39.907722,商务住宅;楼宇;商务写字楼,写字楼,写字楼
B000A5CB41,中服大厦,建国路99号(国贸地铁站F东北口步行120米),朝阳区,116.463304,39.909174,商务住宅;楼宇;商务写字楼,写字楼,写字楼
B000A45195,华天大厦,莲花池东路小马厂6号,海淀区,116.336058,39.898183,商务住宅;楼宇;商务写字楼,写字楼,写字楼
B000A8W34G,光耀东方中心,西三环北路100号,海淀区,116.311495,39.925257,商务住宅;楼宇;商务写字楼,写字楼,写字楼
B0FFH9XYA6,哈德门广场,崇文门外大街8号(崇文门地铁站G东南口步行170米),东城区,116.420346,39.899767,商务住宅;楼宇;商务写字楼,写字楼,写字楼
B000A9ZXBN,温特莱中心,西大望路1号(光华路口)(大望路地铁站E西北口步行410米),朝阳区,116.476783,39.913004,商务住宅;楼宇;商务写字楼,写字楼,写字楼
B0FFFE6MZG,利星行中心,广顺南大街8号,朝阳区,116.475014,39.991254,商务住宅;楼宇;商务写字楼,写字楼,写字楼
B0FFGJ4RU4,数码大厦,中关村南大街2号(人民大学地铁站F口步行170米),海淀区,116.323263,39.965772,商务住宅;楼宇;商务写字楼,写字楼,写字楼
B000A8W43W,优士阁大厦,广渠门外大街8号(双井地铁站D西南口步行70米),朝阳区,116.458962,39.892809,商务住宅;楼宇;商务写字楼,写字楼,写字楼
B000A7ZTPN,顺迈金钻国际商务中心,东三环南路甲52号(近华腾园西门),朝阳区,116.462228,39.887279,商务住宅;楼宇;商务写字楼,写字楼,写字楼
B000A96II8,中国铁建广场,北苑东路19号院,朝阳区,116.439417,40.042291,商务住宅;楼宇;商务写字楼,写字楼,写字楼
B0FFGW6IP8,青海金融大厦,西营街8号,丰台区,116.322521,39.864006,商务住宅;楼宇;商务写字楼,写字楼,写字楼
B0FFGZSI1A,汉威国际广场,南四环西路186号(丰台科技园地铁站A西北口步行380米),丰台区,116.295225,39.824958,商务住宅;楼宇;商务写字楼,写字楼,写字楼
B0FFH06CC2,雅宝城国际大厦,日坛北路19号,朝阳区,116.441563,39.918504,商务住宅;楼宇;商务写字楼,写字楼,写字楼
B000A844ZC,时代财富天地,航丰路1号院时代财富天地(富丰桥地铁站D西南口步行430米),丰台区,116.287264,39.831545,商务住宅;楼宇;商务写字楼,写字楼,写字楼
B0FFH9SNTF,冠京写字楼,丰台北路79号(七里庄地铁站A西北口步行110米),丰台区,116.293421,39.866968,商务住宅;楼宇;商务写字楼,写字楼,写字楼
B000A838GP,嘉美中心写字楼,广顺南大街16号院2号楼(望京南地铁站A西北口步行50米),朝阳区,116.480322,39.986769,商务住宅;楼宇;商务写字楼,写字楼,写字楼
B000A88EBL,北京财富中心写字楼A座,东三环中路7号-4(金台夕照地铁站D西南口步行110米),朝阳区,116.460196,39.915959,商务住宅;楼宇;商务写字楼,写字楼,写字楼
B000A7H5UP,朝阳剧场写字楼,东三环北路36号(呼家楼地铁站C东南口步行110米),朝阳区,116.462526,39.922425,商务住宅;楼宇;商务写字楼,写字楼,写字楼
B0FFL6MPSF,北京朝阳合生汇写字楼,双井街道西大望路22号(九龙山地铁站出入口步行190米),朝阳区,116.481513,39.893728,商务住宅;楼宇;商务写字楼,写字楼,写字楼
B0FFK09HRF,利生写字楼,锡拉胡同与王府井大街交叉口西北60米,东城区,116.410543,39.916615,商务住宅;楼宇;商务写字楼,写字楼,写字楼
B0HACKSVS2,商房大厦写字楼,德胜街道北三环中路27号(马甸桥地铁站B东北口步行280米),西城区,116.385048,39.969009,商务住宅;楼宇;商务写字楼,写字楼,写字楼
B000A7IS6U,首都实业大厦A座,西大望路15号-3号(九龙山地铁站A西北口旁),朝阳区,116.476298,39.893777,商务住宅;楼宇;商务写字楼,写字楼,写字楼
B000A850E4,金丰和创业园,新街口外大街8号,西城区,116.371664,39.961608,商务住宅;楼宇;商务写字楼,写字楼,写字楼
B0FFH13IGG,合生财富广场,西大望路23号(九龙山地铁站G东南口步行380米),朝阳区,116.478268,39.890141,商务住宅;楼宇;商务写字楼,写字楼,写字楼
B000A7IJE0,高和蓝峰大厦,十里河东三环南路98号高和蓝峰大厦,朝阳区,116.461815,39.865719,商务住宅;楼宇;商务写字楼,写字楼,写字楼
B0FFFP31NT,新浪大厦,西北旺东路10号院西区8号楼,海淀区,116.276277,40.041462,商务住宅;楼宇;商务写字楼,写字楼,写字楼
B000A868FX,朝外MEN写字中心,朝阳门外大街26号,朝阳区,116.441810,39.921916,商务住宅;楼宇;商务写字楼,写字楼,写字楼
B000A7C4IK,华腾旌凯写字楼,松榆南路54-7号,朝阳区,116.464433,39.870779,商务住宅;楼宇;商务写字楼,写字楼,写字楼
B000A81FFE,恩济西园,八里庄(海淀五路居地铁站C东南口步行310米),海淀区,116.281357,39.931790,商务住宅;楼宇;商务写字楼,写字楼,写字楼
B0FFL79NW0,华熙LIVE·五棵松·写字楼,复兴路69号,海淀区,116.282489,39.912183,商务住宅;楼宇;商务写字楼,写字楼,写字楼
B000A7BU2W,东玖大厦A座,绿景馨园东区12-10号东玖大厦,东城区,116.440363,39.890961,商务住宅;楼宇;商务写字楼,写字楼,写字楼
B000A7QSOT,SOHO现代城C座,建国路88号院9号(大望路地铁站B东南口步行150米),朝阳区,116.475592,39.907454,商务住宅;楼宇;商务写字楼,写字楼,写字楼
B0I0XS947A,中瑞方正写字楼,南苑西路468号(新发地地铁站C口步行400米),丰台区,116.347376,39.820582,商务住宅;楼宇;商务写字楼,写字楼,写字楼
B0G31ZWR57,智地·钻河公馆写字楼,交大东路66号,海淀区,116.350644,39.945137,商务住宅;楼宇;商住两用楼宇,写字楼,写字楼
B0FFF3S84W,富力中心,东三环中路63号(双井地铁站A西北口步行300米),朝阳区,116.460653,39.896751,商务住宅;楼宇;商务写字楼,写字楼,写字楼
B0FFHHYGQM,华睦大厦写字楼,马连道南街5-6号附近,西城区,116.324659,39.883616,商务住宅;楼宇;商务写字楼,写字楼,写字楼
B0FFG6HREZ,凤凰置地广场,三元桥地铁站D西南口步行80米,朝阳区,116.455377,39.961514,商务住宅;楼宇;商务写字楼,写字楼,写字楼
B0FFH4LJDT,新世界中心写字楼B座,崇文门外大街3-5号(崇文门地铁站H西南口步行120米),东城区,116.417942,39.898575,商务住宅;楼宇;商务写字楼,写字楼,写字楼
B0FFGJR1UF,西荣阁A座,彰化路138号西荣阁写字楼,海淀区,116.279828,39.940039,商务住宅;楼宇;商务写字楼,写字楼,写字楼
B0FFHU9QOS,国贸写字楼2座,建国门外大街1号中国国际贸易中心写字楼2座B1层,朝阳区,116.460469,39.910838,商务住宅;楼宇;商务写字楼,写字楼,写字楼
B000A87QRT,顺和商务写字楼,万丰路308号,丰台区,116.293795,39.872035,商务住宅;楼宇;商务写字楼,写字楼,写字楼
B0G3SSW8C1,国投财富广场6号写字楼,广安路9号,丰台区,116.323742,39.891365,商务住宅;楼宇;商务写字楼,写字楼,写字楼
B000A8456C,中城写字楼,花园东路2号(牡丹园地铁站F口步行180米),海淀区,116.369096,39.979124,商务住宅;楼宇;商务写字楼,写字楼,写字楼
B000A87I73,西荣阁写字楼,彰化路138号,海淀区,116.280001,39.940395,商务住宅;楼宇;商务写字楼,写字楼,写字楼
B000A8U9KV,富豪写字楼,宣武门外大街25号(宣武门地铁站H西南口步行220米),西城区,116.373864,39.897321,商务住宅;楼宇;商务写字楼,写字楼,写字楼
B0FFG971LO,新天地写字楼,大红门西路13号(角门东地铁站C东南口步行430米),丰台区,116.387509,39.841306,商务住宅;楼宇;商务写字楼,写字楼,写字楼
B0HGS55SOJ,中建·大兴之星,北兴路30号,大兴区,116.346053,39.774891,商务住宅;楼宇;商务写字楼,写字楼,写字楼
B000A85CIY,朝外MEN写字中心A座,朝阳门外大街26号,朝阳区,116.441418,39.922202,商务住宅;楼宇;商务写字楼,写字楼,写字楼
B000A6BB02,天运写字楼,安慧东里15号,朝阳区,116.423153,39.989609,商务住宅;楼宇;商务写字楼,写字楼,写字楼
B000A84F5R,翔达写字楼,广安门内大街167号,西城区,116.368671,39.889947,商务住宅;楼宇;商务写字楼,写字楼,写字楼
B000A867H3,金隅大成时代中心写字楼,大成路6号院1号,丰台区,116.272967,39.888774,商务住宅;楼宇;商务写字楼,写字楼,写字楼
B000A87K8K,庚坊国际发展中心写字楼,花园路甲13号院七号楼,海淀区,116.364941,39.972458,商务住宅;楼宇;商务写字楼,写字楼,写字楼
B0JRB71RPO,丽泽天地写字楼,丰台北路17号(西局地铁站F东北口步行330米),丰台区,116.305524,39.867668,商务住宅;楼宇;商务写字楼,写字楼,写字楼
B0FFFPX6FM,颐堤港一座,酒仙桥路18号(将台地铁站C东南口步行210米),朝阳区,116.490815,39.968897,商务住宅;楼宇;商务写字楼,写字楼,写字楼
B0FFFAH1L1,裕美达写字楼,阜成路111号,海淀区,116.281170,39.924700,商务住宅;楼宇;商务写字楼,写字楼,写字楼
B000A843V2,联华大厦,莲花池西里7号,丰台区,116.306969,39.890545,商务住宅;楼宇;商务写字楼,写字楼,写字楼
B000A8TYX5,浩博园写字楼,西直门外大街癸143-3号,西城区,116.331363,39.939094,商务住宅;楼宇;商务写字楼,写字楼,写字楼
B000A7JF61,中裕写字楼,莲花池东路31号西新隆商场F1层,海淀区,116.322660,39.897799,商务住宅;楼宇;商务写字楼,写字楼,写字楼
B0FFIYBVOH,三环网络科技大厦,联想桥正北280米路东,海淀区,116.335132,39.970037,商务住宅;商务住宅相关;商务住宅相关,写字楼,写字楼
B0FFHY4KIM,富顿中心写字楼,东三环南路58号(劲松地铁站B东北口步行60米),朝阳区,116.462288,39.885003,商务住宅;楼宇;商务写字楼,写字楼,写字楼
B0HRDSWC56,保利大都汇T2写字楼,观音庵南街2号院保利·大都汇,通州区,116.658013,39.916440,商务住宅;楼宇;商务写字楼,写字楼,写字楼
B000A85EHY,翠微路·甲10号院,翠微路10号,海淀区,116.302794,39.913587,商务住宅;住宅区;住宅小区,写字楼,写字楼
B0FFFDHZJJ,华堂写字楼,亚运村街道北四环东路108号,朝阳区,116.420745,39.987955,商务住宅;楼宇;商务写字楼,写字楼,写字楼
B000A85KGQ,永泰嘉盛写字楼,交大东路62号,海淀区,116.350265,39.945715,商务住宅;楼宇;商务写字楼,写字楼,写字楼
B000AA1F07,金鹰写字楼,西三环北路厂洼东一街厂洼1号(苏州桥地铁站C口步行480米),海淀区,116.306098,39.958498,商务住宅;楼宇;商务写字楼,写字楼,写字楼
B0FFHRJLI6,嘉里写字楼,东三环中路辅路与光华路交叉口西北80米,朝阳区,116.460798,39.914044,商务住宅;楼宇;商务写字楼,写字楼,写字楼
B000A87I9E,辽宁饭店写字楼,德胜门外大街3-2,西城区,116.379514,39.965127,商务住宅;楼宇;商务写字楼,写字楼,写字楼
B0FFHVUFD7,中航国际北京工业园-写字楼,永昌西一路与中和街交叉口西60米,大兴区,116.511517,39.798611,商务住宅;楼宇;商务写字楼,写字楼,写字楼
B0FFG48H2W,锦裕写字楼,康家沟145号(四惠东地铁站B北口步行200米),朝阳区,116.516415,39.909334,商务住宅;楼宇;商务写字楼,写字楼,写字楼
B0FFFWWKAU,鄂尔多斯写字楼,海淀大街甲36号(海淀图书城对面),海淀区,116.307429,39.982073,商务住宅;楼宇;商务写字楼,写字楼,写字楼
B000A14A8B,陶然居写字楼,平原里20-5号(陶然亭地铁站A西北口步行470米),西城区,116.373713,39.882367,商务住宅;楼宇;商务写字楼,写字楼,写字楼
B000A7HV0N,汇鑫写字楼,向军北里甲6号(呼家楼地铁站B东北口步行320米),朝阳区,116.461061,39.925805,商务住宅;楼宇;商务写字楼,写字楼,写字楼
B000A85DHS,昊永物业大厦-B区写字楼,长春桥地铁站A西北口步行480米,海淀区,116.289257,39.960185,商务住宅;楼宇;商务写字楼,写字楼,写字楼
B0FFGSTNZ5,北京ONE写字楼,北苑街道中山大街59号,通州区,116.656734,39.907142,商务住宅;楼宇;商务写字楼,写字楼,写字楼
B0KB4KO71O,中航技广场b写字楼,地泽南街与荣华西四路交叉口东南180米,大兴区,116.516495,39.781394,商务住宅;楼宇;商务写字楼,写字楼,写字楼
B0FFGBF0XZ,鑫三元写字楼,中关村南大街附近,海淀区,116.337193,39.961775,商务住宅;楼宇;商务写字楼,写字楼,写字楼
B000A7B914,大陆写字楼,南三环东路东铁匠营顺一条8号,丰台区,116.429155,39.857909,商务住宅;楼宇;商务写字楼,写字楼,写字楼
B000A1C186,紫铭大厦,新中街乙12号,东城区,116.441838,39.936607,商务住宅;楼宇;商务写字楼,写字楼,写字楼
B0GUKSCKY1,华熙写字楼A座,复兴路69号院,海淀区,116.282712,39.911699,商务住宅;楼宇;商务写字楼,写字楼,写字楼
B000A83KXX,中国蓝星写字楼,北三环东路19号(和平西桥地铁站A西北口步行190米),朝阳区,116.417312,39.969639,商务住宅;楼宇;商务写字楼,写字楼,写字楼
B0FFH4LJE2,新世界中心写字楼A座,崇文门外大街3号(崇文门地铁站H西南口步行260米),东城区,116.417936,39.897643,商务住宅;楼宇;商务写字楼,写字楼,写字楼
B0FFIY05IE,萌鹏写字楼,八角北路与古城东街交叉口西南40米,石景山区,116.191777,39.917614,商务住宅;楼宇;商务写字楼,写字楼,写字楼
B000A81071,天顺仁和写字楼B座,北洼路30号院,海淀区,116.303331,39.934682,商务住宅;楼宇;商务写字楼,写字楼,写字楼
B000A81F9R,阜成门外大街甲6号写字楼,阜成门外大街甲6号(阜成门地铁站D西南口步行300米),西城区,116.351410,39.923109,商务住宅;楼宇;商务写字楼,写字楼,写字楼
B0FFHXCXFA,一瓶写字楼,陶然亭路2号9D-307,西城区,116.386683,39.878395,生活服务;生活服务场所;生活服务场所,写字楼,写字楼
B000A87ARJ,同方写字楼,西潞南大街5号,房山区,116.136675,39.729770,商务住宅;楼宇;商务写字楼,写字楼,写字楼
B000A8XKFY,景阳商务大厦,京原路19号院4号楼,石景山区,116.208605,39.895372,商务住宅;楼宇;商务写字楼,写字楼,写字楼
B0FFGXATQJ,北京新世纪写字楼,首体南路6号,海淀区,116.327932,39.936817,商务住宅;楼宇;商务写字楼,写字楼,写字楼
B000A80WSK,华严写字楼,华严北里40-5号,朝阳区,116.383894,39.982698,商务住宅;楼宇;商务写字楼,写字楼,写字楼
B0HDRZU0YU,朗丽兹写字楼,丰智东路13号(永丰南地铁站B东北口步行370米),海淀区,116.249347,40.067185,商务住宅;楼宇;商务写字楼,写字楼,写字楼
B0FFFOFVGZ,新东安写字楼,王府井大街138号(金鱼胡同地铁站B东口步行250米),东城区,116.412554,39.915043,商务住宅;楼宇;商务写字楼,写字楼,写字楼
B000A81IDJ,MOHO国际写字楼,东花市南里东区8号(广渠门内地铁站B东北口步行280米),东城区,116.436082,39.895654,商务住宅;楼宇;商务写字楼,写字楼,写字楼
B000A7R2GJ,亿客隆写字楼,西三环南路10号院附近,丰台区,116.312350,39.880357,商务住宅;楼宇;商务写字楼,写字楼,写字楼
B000A81JQ5,中关村科技贸易中心-写字楼,中关村大街18号(中关村地铁站C3东南口步行80米),海淀区,116.317653,39.983414,商务住宅;楼宇;商务写字楼,写字楼,写字楼
B000A88CI5,雍和宫写字楼,市东城区藏经馆胡同11号(雍和宫地铁站B东南口步行230米),东城区,116.418936,39.948095,商务住宅;楼宇;商务写字楼,写字楼,写字楼
B0FFG96QG5,国投财富广场5号写字楼,广安路9号院5号楼(湾子地铁站A西北口步行370米),丰台区,116.323751,39.892024,商务住宅;楼宇;商务写字楼,写字楼,写字楼
B0FFGBC59N,诺金写字楼,将台路甲2号,朝阳区,116.481365,39.977279,商务住宅;商务住宅相关;商务住宅相关,写字楼,写字楼
B000A7H0AZ,白家庄写字楼,白家庄路3号,朝阳区,116.456502,39.927269,商务住宅;楼宇;商务写字楼,写字楼,写字楼
B0FFKGJH70,曦景长安写字楼,古城大街与石景山路交叉口西北100米,石景山区,116.185782,39.908043,商务住宅;楼宇;商务写字楼,写字楼,写字楼
B000A8UVDL,金泰翔达写字楼,横一条44号,丰台区,116.434495,39.849140,商务住宅;楼宇;商务写字楼,写字楼,写字楼
B000A7JHXS,写字公园,科技园星火路11号,丰台区,116.280777,39.834056,商务住宅;楼宇;商务写字楼,写字楼,写字楼
B0FFG966GZ,龙泉湖写字楼,上地二街2号,海淀区,116.310579,40.033946,商务住宅;楼宇;商务写字楼,写字楼,写字楼
B000A7HD9V,北京东达物业写字楼,罗庄西里13号(知春路地铁站G1东南口步行490米),海淀区,116.345146,39.973986,商务住宅;楼宇;商务写字楼,写字楼,写字楼
B000A477FA,太华写字楼,崇文门外大街5-5号(磁器口地铁站A西北口步行380米),东城区,116.417464,39.896460,商务住宅;楼宇;商务写字楼,写字楼,写字楼
B000A7HQF2,恒通伟业大厦写字楼,安德里北街22恒通伟业大厦附近,东城区,116.398120,39.955823,商务住宅;楼宇;商务写字楼,写字楼,写字楼
B0FFG75IXA,宁波银行写字楼,七里庄地铁站B东北口步行290米,丰台区,116.293804,39.870173,商务住宅;楼宇;商务写字楼,写字楼,写字楼
B000A7C3DM,西西友谊写字楼,华远北街1-2(灵境胡同地铁站D西南口步行300米),西城区,116.371642,39.914030,商务住宅;楼宇;商务写字楼,写字楼,写字楼
B000A9Q6PL,黄寺写字楼,黄寺大街24号院,西城区,116.386585,39.962553,商务住宅;楼宇;商务写字楼,写字楼,写字楼
B0FFGWOLZ0,北京城乡华懋商厦,复兴路甲23号(公主坟地铁站A西北口步行220米),海淀区,116.307397,39.908844,商务住宅;楼宇;商务写字楼,写字楼,写字楼
B000A6E137,东普写字楼,天坛东路5号(天坛东门地铁站C东南口步行400米),东城区,116.420669,39.878197,商务住宅;楼宇;商务写字楼,写字楼,写字楼
B0FFM3VYWQ,华熙LIVE中心B座,复兴路69号华熙LIVE·五棵松·写字楼,海淀区,116.282733,39.912370,商务住宅;楼宇;商务写字楼,写字楼,写字楼
B000A9Q706,育通写字楼B座,羊坊店路与莲花池东路辅路交叉口北180米,海淀区,116.320800,39.898783,商务住宅;楼宇;商务写字楼,写字楼,写字楼
B0FFF0G8I5,汇财商务写字楼,青年路2号院2号楼,朝阳区,116.512878,39.932242,商务住宅;楼宇;商务写字楼,写字楼,写字楼
B000A7DURU,国药大厦,三元西巷甲12号,东城区,116.395503,39.870574,商务住宅;楼宇;商务写字楼,写字楼,写字楼
B000A52236,写字楼A座,太平桥路15号,丰台区,116.317155,39.878965,商务住宅;楼宇;商务写字楼,写字楼,写字楼
B000A62237,瑞尔威连锁饭店写字楼A座,莲花池东路116-2号,丰台区,116.324359,39.895868,商务住宅;楼宇;商务写字楼,写字楼,写字楼
B0FFFZC41K,百富国际大厦写字楼A座,工体东路20号(东大桥地铁站A西北口步行100米),朝阳区,116.451340,39.923951,商务住宅;楼宇;商务写字楼,写字楼,写字楼
B000A8X520,英特商务园写字楼,九棵树西路90号,通州区,116.651451,39.882881,商务住宅;楼宇;商务写字楼,写字楼,写字楼
B000A9KBD1,梅地亚电视中心有限公司写字楼,复兴路乙11号(军事博物馆地铁站E2西北口步行290米),海淀区,116.320153,39.910299,商务住宅;楼宇;商务写字楼,写字楼,写字楼
B0FFH16YV4,泰利明苑写字楼A座,外馆斜街与青年湖北街交叉口西北60米,朝阳区,116.404904,39.962500,商务住宅;楼宇;商务写字楼,写字楼,写字楼
B0G1NL6OPI,万达广场写字楼,西铁营中路1号(西铁营地铁站出入口步行110米),丰台区,116.354824,39.860544,商务住宅;楼宇;商务写字楼,写字楼,写字楼
B000A7WRVN,华腾国际写字楼,大郊亭中街3号,朝阳区,116.485702,39.888697,商务住宅;楼宇;商务写字楼,写字楼,写字楼
B0FFFZQ320,恩济庄写字楼,恩济里18号院,海淀区,116.286858,39.927213,商务住宅;楼宇;商务写字楼,写字楼,写字楼
B0FFF7K5RG,古城宾馆写字楼,古城大街51-10号,石景山区,116.186243,39.910553,商务住宅;楼宇;商务写字楼,写字楼,写字楼
B0FFKJOYIV,汇隆文化产业园,大红门东后街143号,丰台区,116.408489,39.836629,商务住宅;产业园区;产业园区,写字楼,写字楼
B0FFH86UUN,甲38号写字楼,增阜巷与增光路交叉口东南40米,海淀区,116.323041,39.927886,商务住宅;楼宇;商务写字楼,写字楼,写字楼
B000A7YOS1,鑫企旺写字楼(东大地一巷),东大地街1号(红桥文创园内),东城区,116.420115,39.889528,商务住宅;楼宇;商务写字楼,写字楼,写字楼
B000A83IQ5,同源大厦写字楼,清河三街95号-1(清河小营桥地铁站D口步行80米),海淀区,116.344000,40.032552,商务住宅;楼宇;商务写字楼,写字楼,写字楼
B000A84FGD,鑫雅写字楼,八里庄东里小区,朝阳区,116.499312,39.916038,商务住宅;楼宇;商务写字楼,写字楼,写字楼
B000A49382,大望写字楼,西大望路12号,朝阳区,116.479463,39.905623,商务住宅;楼宇;商务写字楼,写字楼,写字楼
B0FFHFDSZ1,瑞欧特写字楼,宝珠子胡同6号,东城区,116.429892,39.913010,商务住宅;楼宇;商务写字楼,写字楼,写字楼
B000A85BK8,丰裕写字楼,阜成路115号,海淀区,116.279777,39.927110,商务住宅;楼宇;商务写字楼,写字楼,写字楼
B000AA80TG,金玉元写字楼,太平路38号,海淀区,116.268894,39.899510,商务住宅;楼宇;商务写字楼,写字楼,写字楼
B000A7ZT53,沙子口写字楼,沙子口路78号,东城区,116.408520,39.859319,商务住宅;楼宇;商务写字楼,写字楼,写字楼
B000AA0OLQ,紫金园商务写字楼,小屯路8号,丰台区,116.254978,39.891509,商务住宅;楼宇;商务写字楼,写字楼,写字楼
B000A2F4ED,君安写字楼,玉渊潭南路85号,海淀区,116.297334,39.913310,商务住宅;楼宇;商务写字楼,写字楼,写字楼
B000A7C5LD,紫玉写字楼,增光路55号,海淀区,116.311732,39.928591,商务住宅;楼宇;商务写字楼,写字楼,写字楼
B0FFFHB50U,甜水园商务中心,甜水园东街2号(金台路地铁站F东北口步行470米),朝阳区,116.482338,39.924594,商务住宅;楼宇;商务写字楼,写字楼,写字楼
B000A7TB2L,国宾大厦(酒仙桥路),酒仙桥路乙21号(将台地铁站B东北口步行180米),朝阳区,116.489174,39.971456,商务住宅;楼宇;商务写字楼,写字楼,写字楼
B000AB974X,御翰苑商务写字楼,小屯路9号,丰台区,116.251705,39.889181,商务住宅;楼宇;商务写字楼,写字楼,写字楼
B000A7P8AY,海萌写字楼,"北洼路,北洼西里19号",海淀区,116.303397,39.936581,商务住宅;楼宇;商务写字楼,写字楼,写字楼
B000A84G4L,永峰写字楼,建国路朗家园16号(大望路地铁站C西南口步行480米),朝阳区,116.472472,39.906685,商务住宅;楼宇;商务写字楼,写字楼,写字楼
B000A1D0E6,天宇写字楼,苹果园南路甲11号,石景山区,116.197354,39.930800,商务住宅;楼宇;商务写字楼,写字楼,写字楼
B0FFGBC31P,电子城·研发中心A3写字楼,酒仙桥东路9号院3号,朝阳区,116.498354,39.974611,商务住宅;楼宇;商务写字楼,写字楼,写字楼
B0FFGM5XGZ,运河写字楼,运河大街(北运河西地铁站B东北口步行450米),通州区,116.687072,39.900824,商务住宅;楼宇;商务写字楼,写字楼,写字楼
B000A7PM32,金泰利达写字楼(驼房营南路),酒仙桥南路4号院3号楼,朝阳区,116.502912,39.964000,商务住宅;楼宇;商务写字楼,写字楼,写字楼
B000A85V4R,农机院八号写字楼,北沙滩1号院8-2号(北沙滩地铁站B2东北口步行310米),朝阳区,116.368700,40.004443,商务住宅;楼宇;商务写字楼,写字楼,写字楼
B0FFFYTUF2,万科公园五号-20写字楼,水碓子街与甜水园街辅路交叉口西南120米,朝阳区,116.476903,39.926462,商务住宅;楼宇;商务写字楼,写字楼,写字楼
B000A7HMET,英蓝国际金融中心,金融大街7号(近王府仓胡同),西城区,116.357825,39.920574,商务住宅;楼宇;商务写字楼,写字楼,办公楼
B000A8353U,京果商厦A座,交大东路与学院南路交叉口北280米,海淀区,116.345628,39.960673,购物服务;商场;商场,写字楼,办公楼
B000A84F8P,中海广场,建外大街光华东里8号,朝阳区,116.456420,39.910934,商务住宅;楼宇;商务写字楼,写字楼,办公楼
B0FFH95XW1,京开大厦,[],丰台区,116.344414,39.838829,商务住宅;楼宇;商务写字楼,写字楼,办公楼
B000A7BIQU,陕西大厦,华威里27号(潘家园地铁站C2东南口步行460米),朝阳区,116.458365,39.871889,商务住宅;楼宇;商务写字楼,写字楼,办公楼
B0FFKEWSCJ,北京银泰吉祥大厦,王府井大街88号(金鱼胡同地铁站B东口步行250米),东城区,116.411814,39.916171,商务住宅;楼宇;商务写字楼,写字楼,办公楼
B000A65EF3,成铭大厦,西直门南大街2号(西直门地铁站C东南口旁),西城区,116.356870,39.939439,商务住宅;楼宇;商务写字楼,写字楼,办公楼
B000A7WF71,鼎新大厦,广渠门内大街27号(广渠门内地铁站B东北口步行90米),东城区,116.436213,39.894194,商务住宅;楼宇;商务写字楼,写字楼,办公楼
B0FFFHB49N,星光视界中心,观音寺街道春和路39号院,大兴区,116.357692,39.772736,商务住宅;楼宇;商务写字楼,写字楼,办公楼
B000A3E4E7,联合大厦,朝阳门外大街20号,朝阳区,116.438443,39.922767,商务住宅;楼宇;商务写字楼,写字楼,办公楼
B0FFGDI106,融新科技中心,广顺北大街与来广营东路交汇处东北角(地铁来广营站),朝阳区,116.468274,40.021752,商务住宅;楼宇;商务写字楼,写字楼,办公楼
B000A83DKO,世纪财富中心(金桐东路),光华路5号院,朝阳区,116.456500,39.914007,商务住宅;楼宇;商务写字楼,写字楼,办公楼
B000A4EF87,东升大厦,中关村街道中关村东路8号(五道口地铁站A北口步行340米),海淀区,116.333645,39.994249,商务住宅;楼宇;商务写字楼,写字楼,办公楼
B000A7OEOB,SOHO现代城A座,建国路88号院7号(大望路地铁站B东南口步行140米),朝阳区,116.476977,39.907339,商务住宅;楼宇;商务写字楼,写字楼,办公楼
B000A84HBV,硅谷亮城,农大南路1号,海淀区,116.311125,40.027361,商务住宅;楼宇;商务写字楼,写字楼,办公楼
B0FFF54VQM,宝蓝·金园网络安全服务产业园,东冉北街9号,海淀区,116.268941,39.957682,商务住宅;产业园区;产业园区,写字楼,办公楼
B000AB94Z6,富力·双子座,天力街与东三环中路辅路交叉口西100米,朝阳区,116.459936,39.897209,商务住宅;楼宇;商务写字楼,写字楼,办公楼
B000ABBXH8,互联网金融中心,丹棱街1号(海淀黄庄地铁站A2西北口步行360米),海淀区,116.313133,39.979318,商务住宅;楼宇;商务写字楼,写字楼,办公楼
B0HBO5KS0H,时尚万科中心,朝阳北路152号院,朝阳区,116.491500,39.922075,商务住宅;楼宇;商务写字楼,写字楼,办公楼
B000A85HEU,泰兴大厦(花园东路),花园东路11号泰兴大厦(牡丹园地铁站F口步行320米),海淀区,116.368344,39.980203,商务住宅;楼宇;商务写字楼,写字楼,办公楼
B0FFFAH0L3,中国华电大厦,宣武门内大街2号(西单地铁站H东南口步行330米),西城区,116.375378,39.904841,商务住宅;楼宇;商务写字楼,写字楼,办公楼
B000A838FZ,利星行广场,望京街8号,朝阳区,116.482346,39.994131,商务住宅;楼宇;商务写字楼,写字楼,办公楼
B0FFKF69EN,和盈中心,小营西路与毛纺路交叉口东120米,海淀区,116.337782,40.036582,商务住宅;楼宇;商务写字楼,写字楼,办公楼
B000A805M7,盘古大观,北四环中路27号,朝阳区,116.386648,39.991098,商务住宅;楼宇;商务写字楼,写字楼,办公楼
B0FFG7HMA1,万达广场C座(建国路辅路),建国路93号(大望路地铁站D西北口步行480米),朝阳区,116.470136,39.909138,商务住宅;楼宇;商务写字楼,写字楼,办公楼
B000A59A37,中商大厦,三里河东路5号,西城区,116.344595,39.912426,商务住宅;楼宇;商务写字楼,写字楼,办公楼
B000A7P0HD,歌华大厦,青龙胡同1号,东城区,116.424356,39.948846,商务住宅;楼宇;商务写字楼,写字楼,办公楼
B0FFFYL8U2,潘家园大厦,潘家园南里12号,朝阳区,116.450416,39.872065,商务住宅;楼宇;商务写字楼,写字楼,办公楼
B000A7PN83,京城大厦,新源南路6号,朝阳区,116.453947,39.947472,商务住宅;楼宇;商务写字楼,写字楼,办公楼
B000A7HR2X,弘彧大厦,学院路7号(六道口地铁站D西南口步行50米),海淀区,116.351743,40.000231,商务住宅;楼宇;商务写字楼,写字楼,办公楼
B000A9PRMU,盈都大厦,知春路甲48-1号(知春路地铁站B南口步行350米),海淀区,116.339220,39.975051,商务住宅;楼宇;商务写字楼,写字楼,办公楼
B000A8545P,京粮大厦,东三环中路16号,朝阳区,116.462441,39.900313,商务住宅;楼宇;商务写字楼,写字楼,办公楼
B0FFFZCETD,浦项中心,宏泰东街附近,朝阳区,116.488747,39.998971,商务住宅;楼宇;商务写字楼,写字楼,办公楼
B000A9R4TI,金泰商贸大厦,木樨园桥(海户屯地铁站A2西北口步行460米),丰台区,116.397680,39.854340,商务住宅;楼宇;商务写字楼,写字楼,办公楼
B000A843FM,南新仓商务大厦,东四十条甲22号(东四十条地铁站D西南口步行340米),东城区,116.431017,39.932877,商务住宅;楼宇;商务写字楼,写字楼,办公楼
B000A8UGO0,百度大厦,上地十街10号,海淀区,116.301392,40.050897,商务住宅;楼宇;商务写字楼,写字楼,办公楼
B0FFIMSGAW,万科时代中心·十里,朝阳路十里堡甲3号院甲1号楼,朝阳区,116.502409,39.915185,商务住宅;楼宇;商务写字楼,写字楼,办公楼
B000A84TCO,金长安大厦,东四环中路82号,朝阳区,116.491497,39.898072,商务住宅;楼宇;商务写字楼,写字楼,办公楼
B0FFFX8W9G,宏达大厦,上地西路41号院,海淀区,116.310594,40.029765,商务住宅;楼宇;商务写字楼,写字楼,办公楼
B000A7999C,远洋大厦,复兴门内大街158号(复兴门地铁站C东南口步行160米),西城区,116.359889,39.906132,商务住宅;楼宇;商务写字楼,写字楼,办公楼
B000A7ZVYX,远洋国际中心A座,东四环中路56号,朝阳区,116.491485,39.914839,商务住宅;楼宇;商务写字楼,写字楼,办公楼
B000A7WOMA,广播大厦,建国门外大街甲14号(近日坛路),朝阳区,116.443050,39.907460,商务住宅;楼宇;商务写字楼,写字楼,办公楼
B000A7VRSU,洛克时代中心,亚运村大屯街道慧忠里103号,朝阳区,116.407006,40.001601,商务住宅;楼宇;商务写字楼,写字楼,办公楼
B000A80HJL,居然大厦,东直门南大街甲3号(东直门地铁站D西南口步行230米),东城区,116.432541,39.938437,商务住宅;楼宇;商务写字楼,写字楼,办公楼
B000A5D72A,珍贝大厦,珠市口东大街6号(桥湾地铁站C东南口步行240米),东城区,116.411538,39.892355,商务住宅;楼宇;商务写字楼,写字楼,办公楼
B000A8VW3S,琥珀天地,回龙观西大街85号,昌平区,116.324630,40.077270,商务住宅;楼宇;商务写字楼,写字楼,办公楼
B000A26E77,学院国际大厦,知春路1号(西土城地铁站A西北口步行50米),海淀区,116.353166,39.977304,商务住宅;楼宇;商务写字楼,写字楼,办公楼
B0FFGDEKUI,健康智谷,花园北路35号院9号楼,海淀区,116.366103,39.982506,商务住宅;楼宇;商务写字楼,写字楼,办公楼
B0FFFZCG5D,中航技广场,荣华南路15号,大兴区,116.517262,39.780674,商务住宅;楼宇;商务写字楼,写字楼,办公楼
B0FFFHB5GD,清华同方科技广场,王庄路1号(清华东路西口地铁站C东南口步行250米),海淀区,116.339066,39.998914,商务住宅;楼宇;商务写字楼,写字楼,办公楼
B0FFL34WF2,国贸3期B座,建国门外大街1号国贸商城北区东段L1层,朝阳区,116.460515,39.912938,商务住宅;楼宇;商务写字楼,写字楼,办公楼
B000A9N4RF,望京SOHO T2,望京街10号,朝阳区,116.480073,39.997350,商务住宅;楼宇;商务写字楼,写字楼,办公楼
B000A08952,宣武门大厦,东河沿胡同73号(宣武门地铁站G东南口步行120米),西城区,116.375154,39.898714,商务住宅;楼宇;商务写字楼,写字楼,办公楼
B000A81IED,北京·国际,中关村南大街甲18号(魏公村地铁站D西南口步行480米),海淀区,116.324812,39.953426,商务住宅;楼宇;商务写字楼,写字楼,办公楼
B000A850ES,融科资讯中心,科学院南路2号,海淀区,116.326178,39.984098,商务住宅;楼宇;商务写字楼,写字楼,办公楼
B000A40170,鹏润大厦,霄云路26号,朝阳区,116.466365,39.959084,商务住宅;楼宇;商务写字楼,写字楼,办公楼
B0FFGD7XY9,兴创国际中心,西红门镇欣美街与宏康路交叉口东100米,大兴区,116.325647,39.784005,商务住宅;楼宇;商务写字楼,写字楼,办公楼
B000A9NIL6,悠乐汇,望京园609号,朝阳区,116.476671,39.989618,商务住宅;楼宇;商务写字楼,写字楼,办公楼
B0FFGFQ1OQ,望京恒电大厦,望京东路4号,朝阳区,116.487901,40.008555,商务住宅;楼宇;商务写字楼,写字楼,办公楼
B000A7ISTQ,万通中心,朝阳门外大街甲6号(近京广中心),朝阳区,116.456589,39.919833,商务住宅;楼宇;商务写字楼,写字楼,办公楼
B000A1F2A0,光华长安大厦,建国门内大街7号(建国门地铁站A西北口步行440米),东城区,116.430256,39.909439,商务住宅;楼宇;商务写字楼,写字楼,办公楼
B000A845AO,天创科技大厦,彩和坊路8号,海淀区,116.308836,39.981766,商务住宅;楼宇;商务写字楼,写字楼,办公楼
B000A8ZKU4,航天城,友谊路104号,海淀区,116.270880,40.076279,商务住宅;楼宇;商务写字楼,写字楼,办公楼
B0FFHBSXM8,中关村资本大厦,学院南路62号,海淀区,116.337732,39.957118,商务住宅;楼宇;商务写字楼,写字楼,办公楼
B0FFI4V4CX,新华国际广场,十里河大羊坊路89号,朝阳区,116.469904,39.860418,商务住宅;楼宇;商务写字楼,写字楼,办公楼
B0FFHFWWZJ,北京商报大厦,青年沟路与和平里西街辅路交叉口西60米,朝阳区,116.417524,39.962221,商务住宅;商务住宅相关;商务住宅相关,写字楼,办公楼
B0FFHTJ4EJ,瑞达大厦,鲁谷路鲁谷74号,石景山区,116.245261,39.903114,商务住宅;楼宇;商务写字楼,写字楼,办公楼
B000A8VMVL,佳程广场A座,东三环北路与北三环东路交叉口东150米,朝阳区,116.458050,39.956832,商务住宅;楼宇;商务写字楼,写字楼,办公楼
B0FFLP4DCP,京东科技大厦,知春路76号(知春里地铁站B东北口步行330米),海淀区,116.332332,39.975995,商务住宅;楼宇;商务写字楼,写字楼,办公楼
B000A7BL0P,天元和平商业大厦,和平里中街17号(和平里北街地铁站C东南口步行170米),东城区,116.420088,39.957551,商务住宅;楼宇;商务写字楼,写字楼,办公楼
B000A87JQ7,金融街中心(金融大街),金融大街附近,西城区,116.359076,39.919309,商务住宅;楼宇;商务写字楼,写字楼,办公楼
B000A55424,中国五矿大厦,北四环亚运村街道安慧里四区15号,朝阳区,116.412891,39.989282,商务住宅;楼宇;商务写字楼,写字楼,办公楼
B000A843BB,理想国际大厦,北四环西路58号,海淀区,116.310060,39.984499,商务住宅;楼宇;商务写字楼,写字楼,办公楼
B000A7R4NB,优士阁大厦B座,广渠门外大街8号(双井地铁站D西南口步行80米),朝阳区,116.459463,39.892832,商务住宅;楼宇;商务写字楼,写字楼,办公楼
B000A3513F,银谷大厦,北四环西路9号,海淀区,116.334260,39.986918,商务住宅;楼宇;商务写字楼,写字楼,办公楼
B000A843UN,天行建商务大厦,复兴路47号(万寿路地铁站B1东北口步行440米),海淀区,116.300752,39.908420,商务住宅;楼宇;商务写字楼,写字楼,办公楼
B000A8W0VL,金海商富中心,广渠路21号(百子湾地铁站A2西北口步行290米),朝阳区,116.495053,39.894388,商务住宅;楼宇;商务写字楼,写字楼,办公楼
B0FFF39UFT,仰源大厦,花园东路甲32号(牡丹园地铁站B东北口步行80米),海淀区,116.370587,39.977491,商务住宅;楼宇;商务写字楼,写字楼,办公楼
B000A843BP,中国电子大厦,中关村丹棱街3号(海淀黄庄地铁站A2西北口步行430米),海淀区,116.311772,39.979518,商务住宅;楼宇;商务写字楼,写字楼,办公楼
B000AA21K8,北京国际中心,呼家楼街道东三环北路38号,朝阳区,116.462957,39.921135,商务住宅;楼宇;商务写字楼,写字楼,办公楼
B0HUN7AUW8,庄胜广场中央办公楼,宣武门外大街10号(宣武门地铁站G东南口步行120米),西城区,116.375640,39.896660,商务住宅;楼宇;商住两用楼宇,写字楼,办公楼
B000A80NTB,华贸写字楼3座,建国路77号(大望路地铁站H西南口步行330米),朝阳区,116.481969,39.909333,商务住宅;楼宇;商务写字楼,写字楼,办公楼
B0FFKC5EFC,居然之家办公楼,大羊坊路与小武基路交叉口西南100米,朝阳区,116.473823,39.858004,商务住宅;楼宇;商务写字楼,写字楼,办公楼
B000A7ZEZG,北京东方盛泽双龙顺超市办公楼,弘燕路106号,朝阳区,116.467070,39.868506,商务住宅;楼宇;商务写字楼,写字楼,办公楼
B000A7HLPR,广利达写字楼,广义街甲10号(广安门内地铁站A西北口步行190米),西城区,116.356899,39.891346,商务住宅;楼宇;商务写字楼,写字楼,办公楼
B0FFHP527O,国家开发银行办公楼,佟麟阁路与西单手帕胡同交叉口西100米,西城区,116.367152,39.906204,商务住宅;楼宇;商务写字楼,写字楼,办公楼
B0FFLJR9LM,横琴人寿大厦,建国路108号(国贸地铁站3号东口步行310米),朝阳区,116.465319,39.907506,商务住宅;楼宇;商务写字楼,写字楼,办公楼
B0FFFQLQJ8,渣打大厦,东三环中路1号(金台夕照地铁站A西北口步行310米),朝阳区,116.459077,39.918755,商务住宅;楼宇;商务写字楼,写字楼,办公楼
B000A81JQN,中国海洋石油办公楼,朝阳门北大街25号(朝阳门地铁站E西北口步行130米),东城区,116.432793,39.925394,商务住宅;楼宇;商务写字楼,写字楼,办公楼
B0FFHWBVP2,元嘉国际公寓-写字楼,东中街40号(东四十条地铁站B东北口步行420米),东城区,116.437010,39.936560,商务住宅;楼宇;商务写字楼,写字楼,办公楼
B000A80NTX,华贸写字楼1座,建国路81号华贸购物中心L1层,朝阳区,116.479491,39.909310,商务住宅;楼宇;商务写字楼,写字楼,办公楼
B0FFK4CBZD,金燕龙办公楼,建材城西路9号(育新地铁站A西北口步行250米),昌平区,116.343368,40.060456,商务住宅;楼宇;商务写字楼,写字楼,办公楼
B000A7Y6FN,国贸写字楼1座,建国门外大街1号国贸商城南区L2层,朝阳区,116.458363,39.909473,商务住宅;楼宇;商务写字楼,写字楼,办公楼
B000A9PRPO,万丰商务写字楼,万丰路300号(七里庄地铁站B东北口步行270米),丰台区,116.293577,39.869682,商务住宅;楼宇;商务写字楼,写字楼,办公楼
B000A80X4P,建业写字楼,松榆北路7号院11建业苑(潘家园地铁站B东北口步行470米),朝阳区,116.465018,39.876472,商务住宅;楼宇;商务写字楼,写字楼,办公楼
B000A84AAK,中国人保办公楼,朝阳门北大街17号picc人保财险大厦10层北侧,东城区,116.433279,39.927165,商务住宅;楼宇;商务写字楼,写字楼,办公楼
B000A8W7NT,大成国际中心A1座,东四环中路76、78号,朝阳区,116.491834,39.899499,商务住宅;楼宇;商务写字楼,写字楼,办公楼
B000A7CDWX,北邮科技大厦,西土城路10号(蓟门桥地铁站D口步行300米),海淀区,116.355249,39.964537,住宿服务;宾馆酒店;三星级宾馆|商务住宅;商务住宅相关;商务住宅相关,写字楼,办公楼
B0FFFPFRH9,西三环北路1号院办公楼,厂洼东一街与西三环北路辅路交叉口西北120米,海淀区,116.307287,39.960044,商务住宅;楼宇;商务写字楼,写字楼,办公楼
B0FFGKA66W,扑满山写字楼,宋庄路71-1号附近(宋家庄地铁站出入口旁),丰台区,116.427049,39.845375,商务住宅;楼宇;商务写字楼,写字楼,办公楼
B000AA1B25,银河SOHO A座,朝阳门地铁站G东南口步行360米,东城区,116.433619,39.921458,商务住宅;楼宇;商务写字楼,写字楼,办公楼
B000A7ZT07,瑞赛商务楼,东三环南路2号(国贸地铁站3号东口步行340米),朝阳区,116.465163,39.906222,商务住宅;楼宇;商务写字楼,写字楼,商务楼
B000A7P046,甘家口21号楼商务楼,甘家口21,海淀区,116.330823,39.926460,商务住宅;楼宇;商务写字楼,写字楼,商务楼
B000A7Z9VQ,搜宝商务中心,南三环西路16号3,丰台区,116.368250,39.855089,商务住宅;楼宇;商务写字楼,写字楼,商务楼
B0FFKJC6XP,锐中心,丽泽商务区金泽路161号院1号楼,丰台区,116.327628,39.865240,商务住宅;楼宇;商务写字楼,写字楼,商务楼
B000AA19CD,北京电信大楼,朝阳门北大街19号(朝阳商务大楼东),东城区,116.432645,39.926469,商务住宅;楼宇;商务写字楼,写字楼,商务楼
B0FFJGRME0,东海商务中心,二纬路与一经路交叉口东北180米,顺义区,116.613060,40.047960,商务住宅;楼宇;商务写字楼,写字楼,商务楼
B0FFFW5OJA,健德商务楼,马甸东路祁家豁子甲2号院(健德门地铁站D西南口步行160米),海淀区,116.379942,39.975985,商务住宅;楼宇;商务写字楼,写字楼,商务楼
B0FFFZCDQ1,点石商务公园,八大处路49号,石景山区,116.197557,39.937129,商务住宅;楼宇;商务写字楼,写字楼,商务楼
B000A7ZUU9,祥龙商务大厦,广安门内大街311号院(广安门内地铁站A西北口步行320米),西城区,116.357395,39.890625,商务住宅;楼宇;商务写字楼,写字楼,商务楼
B000A7HMTO,国润商务大厦,丰台街道西四环南路46号,丰台区,116.282299,39.869829,商务住宅;楼宇;商务写字楼,写字楼,商务楼
B0FFFADUM5,CSD商务广场,昊天北大街38号,房山区,116.164851,39.763835,商务住宅;楼宇;商务写字楼,写字楼,商务楼
B0FFG6VFCQ,中北投资商务楼,芳群园四区21号,丰台区,116.430603,39.859118,商务住宅;楼宇;商务写字楼,写字楼,商务楼
B000A84MAE,九龙商务中心(中关村南大街),中关村南大街48号(国家图书馆地铁站B东北口步行200米),海淀区,116.325547,39.944873,商务住宅;楼宇;商务写字楼,写字楼,商务楼
B0FFG6V9FR,华贸商务楼,建国路89号(大望路地铁站F东北口步行310米),朝阳区,116.481750,39.911657,商务住宅;楼宇;商务写字楼,写字楼,商务楼
B000A21D3B,新洲商务大厦,阜成路58号,海淀区,116.286586,39.923541,商务住宅;楼宇;商务写字楼,写字楼,商务楼
B0FFF3KBU2,河畔商务楼,通胡大街辅路北40米,通州区,116.685922,39.913710,商务住宅;楼宇;商务写字楼,写字楼,商务楼
B000A7O6QG,远洋商务,东四环八里庄西里61号,朝阳区,116.491453,39.912281,商务住宅;楼宇;商务写字楼,写字楼,商务楼
B000A7U4B1,青东商务区,西三环紫竹桥西辅路北侧,海淀区,116.303785,39.945531,商务住宅;楼宇;商务写字楼,写字楼,商务楼
B000A810YI,新怡商务楼,新怡家园甲3-3(崇文门地铁站H西南口步行280米),东城区,116.416820,39.897856,商务住宅;楼宇;商务写字楼,写字楼,商务楼
B000A9PRQ6,第三置业东域大厦A座,北三环东路与北三城东路入口交叉口东北100米,朝阳区,116.451214,39.961045,商务住宅;楼宇;商务写字楼,写字楼,商务楼
B0IA7DATJ7,京广中心商务楼,朝阳门外大街1号(呼家楼地铁站D西南口步行60米),朝阳区,116.460919,39.921436,商务住宅;楼宇;商务写字楼,写字楼,商务楼
B000A80XOA,聚龙商务楼,聚龙花园7,东城区,116.440780,39.929548,商务住宅;楼宇;商务写字楼,写字楼,商务楼
B000A7IEEV,仟村商务大楼(安贞路),安贞路,朝阳区,116.401196,39.971519,商务住宅;楼宇;商务写字楼,写字楼,商务楼
B000AA0Q0B,华康商务,麦子店街78号(枣营地铁站A西北口步行220米),朝阳区,116.472447,39.945282,商务住宅;楼宇;商务写字楼,写字楼,商务楼
B0IG0U86XK,鼎恒中心商务楼,丰台北路甲45号(西局地铁站F东北口步行390米),丰台区,116.300342,39.867096,商务住宅;楼宇;商务写字楼,写字楼,商务楼
B000A7HN2K,国展商务中心,西坝河中街与七圣南路交叉口东40米,朝阳区,116.440129,39.961438,商务住宅;楼宇;商务写字楼,写字楼,商务楼
B000A868TT,泰来商务大厦,上地街道农大南路88号2号楼,海淀区,116.299636,40.024520,商务住宅;楼宇;商务写字楼,写字楼,商务楼
B000A4B2F7,中科软商务楼,新科祥园甲6号,海淀区,116.324295,39.981468,商务住宅;楼宇;商务写字楼,写字楼,商务楼
B000A7A686,新阳商务楼,珠市口东大街1号(磁器口地铁站A西北口步行190米),东城区,116.416959,39.893616,商务住宅;楼宇;商务写字楼,写字楼,商务楼
B0FFGBC7EG,彦民商务楼A座,方于路89号,丰台区,116.436462,39.851600,商务住宅;楼宇;商务写字楼,写字楼,商务楼
B0FFG8VWFU,商务大厦(运河园路),通胡大街23号院,通州区,116.687958,39.914267,商务住宅;楼宇;商务写字楼,写字楼,商务楼
B000A8858T,众鼎商务,马连洼北路158号(马连洼地铁站A西北口步行130米),海淀区,116.272002,40.031858,商务住宅;楼宇;商务写字楼,写字楼,商务楼
B000A82TCZ,东方燕都(胜古北路),安定路20号东方燕都商务1号楼411室,东城区,116.408708,39.972516,商务住宅;楼宇;商务写字楼,写字楼,商务楼
B0FFJ8S2R6,君澜商务,青年湖北街4号,东城区,116.406399,39.961280,商务住宅;楼宇;商务写字楼,写字楼,商务楼
B000A87WWJ,首发物流商务楼,长虹西路33号,房山区,116.116358,39.722384,商务住宅;楼宇;商务写字楼,写字楼,商务楼
B0FFF73XV7,国锐商务中心,朝阳路66号,朝阳区,116.536385,39.915655,商务住宅;楼宇;商务写字楼,写字楼,商务楼
B0L1DCUEBL,京广商务中心,朝阳门外大街1号(呼家楼地铁站D西南口步行180米),朝阳区,116.460667,39.920756,商务住宅;楼宇;商务写字楼,写字楼,商务楼
B0G3R9CA27,北京气象宾馆商务楼,马连道南街12号,西城区,116.324484,39.885055,商务住宅;楼宇;商务写字楼,写字楼,商务楼
B000A9Q737,月坛商务中心,南礼士路甲44号,西城区,116.353828,39.919435,商务住宅;楼宇;商务写字楼,写字楼,商务楼
B0G0AYSS9E,亦城时代广场-T7商务综合楼,经海四路22号院亦城时代广场,通州区,116.539278,39.807733,商务住宅;楼宇;商务写字楼,写字楼,商务楼
B000A843TD,古桥物业商务中心,卢沟桥晓月苑垂虹街7号宛平地产二楼,丰台区,116.237860,39.840084,商务住宅;楼宇;商务写字楼,写字楼,商务楼
B000A22815,科华商务大厦,南沙滩35号楼,朝阳区,116.376543,40.001182,商务住宅;楼宇;商务写字楼,写字楼,商务楼
B0HBB773DX,合兴商务楼,西大望路34号(平乐园地铁站B东北口步行90米),朝阳区,116.476763,39.886459,商务住宅;楼宇;商务写字楼,写字楼,商务楼
B000A7RGYE,怡佳商务楼,通惠南路6号,通州区,116.643798,39.908602,商务住宅;楼宇;商务写字楼,写字楼,商务楼
B0FFK5V368,点石商务公园8号楼,八大处路49号点石商务公园,石景山区,116.198437,39.936904,商务住宅;楼宇;商务写字楼,写字楼,商务楼
B000A4154C,御东商务楼,东方东路6号,朝阳区,116.464278,39.955862,商务住宅;楼宇;商务写字楼,写字楼,商务楼
B0HBXPOBAT,鼎盛园-商务楼,安乐林路16号院-2(景泰地铁站D西南口步行90米),东城区,116.409278,39.864716,商务住宅;楼宇;商务写字楼,写字楼,商务楼
B0FFFE7N6R,公园1872商务楼,东四环八里庄北里218号(十里堡地铁站D西南口步行370米),朝阳区,116.498949,39.923715,商务住宅;楼宇;商务写字楼,写字楼,商务楼
B000A81J8B,沁园商务,西坝河七圣路6号院,朝阳区,116.435286,39.966244,商务住宅;楼宇;商务写字楼,写字楼,商务楼
B000AA1677,能+商务楼|腾达A座,和平街街道东土城路4号(柳芳地铁站A西口步行100米),朝阳区,116.432320,39.958897,商务住宅;楼宇;商务写字楼,写字楼,商务楼
B0FFHSRCQZ,北京朝阳合生汇,西大望路甲22号,朝阳区,116.480110,39.894007,购物服务;商场;购物中心,商场,商场
B0FFFFP482,北京荟聚购物中心,欣宁街15号,大兴区,116.326497,39.788104,购物服务;商场;购物中心,商场,商场
B000A80NIV,西单大悦城,西单北大街131号,西城区,116.372960,39.910884,购物服务;商场;购物中心,商场,商场
B000A856LJ,朝阳大悦城,朝阳北路101号,朝阳区,116.519009,39.924544,购物服务;商场;购物中心,商场,商场
B0KAXDG2V0,湾里·王府井WellTown,颐瑞东路66号1号楼,通州区,116.692774,39.859204,购物服务;商场;商场,商场,商场
B0FFFT5A1C,三里屯太古里,三里屯路11、19号院(工人体育场地铁站D口步行240米),朝阳区,116.453990,39.934871,购物服务;商场;普通商场,商场,商场
B000A87M2X,SOLANA蓝色港湾,朝阳公园路6号,朝阳区,116.475944,39.949336,购物服务;商场;购物中心,商场,商场
B0HKH7GI7B,北京超极合生汇,北清路1号院B12号地下LG1-k-272,昌平区,116.291067,40.097069,购物服务;商场;购物中心,商场,商场
B0H6RU92AP,华熙LIVE·五棵松,复兴路69号华熙live,海淀区,116.279621,39.910214,购物服务;商场;普通商场,商场,商场
B000A9NIPV,万达广场(通州店),新华西街58号,通州区,116.640441,39.905320,购物服务;商场;购物中心|购物服务;商场;普通商场,商场,商场
B000A8VSXA,凯德MALL(西直门店),西直门外大街1号,西城区,116.352869,39.941597,购物服务;商场;购物中心,商场,商场
B000A83JJ1,世纪金源购物中心,远大路1号,海淀区,116.288301,39.958603,购物服务;商场;购物中心,商场,商场
B0HB379PU7,北京五棵松万达广场,复兴路69号,海淀区,116.277550,39.913240,购物服务;商场;购物中心,商场,商场
B000A853CF,国贸商城,建国门外大街1号(国贸地铁站出入口旁),朝阳区,116.459288,39.910882,购物服务;商场;购物中心,商场,商场
B0FFG738VX,万达广场(北京丰科店),丰科路1号,丰台区,116.298932,39.824233,购物服务;商场;购物中心,商场,商场
B000A8WE3K,首创奥特莱斯,长阳镇悦盛路6号院,房山区,116.186584,39.763613,购物服务;商场;购物中心,商场,商场
B0FFG9OHFF,八达岭奥莱,陈庄村G6京藏高速s216号,昌平区,116.169923,40.234519,购物服务;商场;购物中心,商场,商场
B000A9R4FE,北京SKP,建国路87号(大望路地铁站F东北口旁),朝阳区,116.478893,39.910106,购物服务;商场;购物中心,商场,商场
B000A8446U,百荣世贸商城,永定门外大街101号,东城区,116.398399,39.860897,购物服务;商场;普通商场,商场,商场
B000A842O2,北京apm,王府井大街138号(地铁金鱼胡同),东城区,116.411923,39.914339,购物服务;商场;普通商场,商场,商场
B0FFF3J47S,北京燕莎奥特莱斯购物中心,东四环南路9号,朝阳区,116.487321,39.877498,购物服务;商场;购物中心,商场,商场
B0I2G5GDPC,西红门新光界,欣雅街16号,大兴区,116.326354,39.784598,购物服务;商场;购物中心,商场,商场
B0FFGLCRAG,赛尔花乡奥莱村,白盆窑南四环西路76号,丰台区,116.324004,39.827593,购物服务;商场;购物中心,商场,商场
B0FFLJ6X9I,龙湖北京丽泽天街,丽泽路300号,丰台区,116.334236,39.866709,购物服务;商场;商场,商场,商场
B0G0K7T9J9,首开通州万象汇,运河东大街51号(东夏园地铁站B东北口旁),通州区,116.734377,39.904541,购物服务;商场;购物中心,商场,商场
B000AA0I5O,王府井喜悦,王府井大街301号(王府井地铁站E1口步行70米),东城区,116.410557,39.909902,购物服务;商场;购物中心,商场,商场
B000A88EG4,三里屯太古里南区,三里屯路19号院地下一层,朝阳区,116.454338,39.934875,购物服务;商场;普通商场,商场,商场
B0FFFQ7N01,龙湖北京长楹天街,常通路1号院,朝阳区,116.599674,39.925037,购物服务;商场;购物中心,商场,商场
B0H6TD635N,北京清河万象汇,清河中街68号,海淀区,116.334435,40.030181,购物服务;商场;购物中心,商场,商场
B0IRRUF3C1,THE BOX 朝外|年轻力中心,朝外大街12号,朝阳区,116.445007,39.922779,购物服务;商场;普通商场,商场,商场
B000A8W0JV,颐堤港,酒仙桥路18号,朝阳区,116.491317,39.969735,购物服务;商场;购物中心,商场,商场
B0IU3MDHZF,海淀大悦城,大牛坊社区四期西北(翠湖南路南),海淀区,116.229357,40.091299,购物服务;商场;购物中心,商场,商场
B0FFG3NBGH,银座和谐广场,万丰路68号院,丰台区,116.297342,39.882318,购物服务;商场;购物中心,商场,商场
B0FFGZR768,龙湖北京大兴天街,永兴路7号院1号楼(生物医药基地地铁站A西北口直达),大兴区,116.320901,39.687444,购物服务;商场;购物中心,商场,商场
B000A8VNOV,龙德广场,立汤路186号,昌平区,116.415538,40.059723,购物服务;商场;购物中心,商场,商场
B000A83LNO,北京东方新天地,东长安街1号,东城区,116.414498,39.909473,购物服务;商场;购物中心,商场,商场
B000A8WAWL,凯德MALL·太阳宫店,太阳宫中路12号,朝阳区,116.447513,39.971325,购物服务;商场;购物中心,商场,商场
B000A84ZCP,王府井奥莱·香江小镇,香江北路28号,朝阳区,116.505252,40.035509,购物服务;商场;购物中心,商场,商场
B000A84154,枫蓝国际购物中心,西直门北大街32号院,海淀区,116.356605,39.952958,购物服务;商场;购物中心,商场,商场
B0HUNABECE,龙湖北京亦庄天街,博兴八路与兴海路交叉口,大兴区,116.492452,39.753035,购物服务;商场;购物中心,商场,商场
B000A868DH,悠唐购物中心,三丰北里2号,朝阳区,116.438951,39.921623,购物服务;商场;购物中心,商场,商场
B0HA7SXKTF,西三旗万象汇,建材城东路33号,海淀区,116.366266,40.061826,购物服务;商场;购物中心,商场,商场
B000A83RWS,新中关购物中心,中关村大街19号,海淀区,116.315277,39.978335,购物服务;商场;购物中心,商场,商场
B000A80P20,北京王府井银泰in88购物中心,王府井大街88号,东城区,116.411812,39.916164,购物服务;商场;购物中心,商场,商场
B0HBO6GWU7,西北旺万象汇,德政路16号院(西北旺地铁站出入口步行110米),海淀区,116.259961,40.049040,购物服务;商场;购物中心,商场,商场
B0FFIMZO01,北京房山熙悦天街,长阳镇长于大街28号院,房山区,116.185436,39.733691,购物服务;商场;购物中心,商场,商场
B000A87APX,喜隆多XIRONDO PLAZA,金顶街街道阜石路300号,石景山区,116.171766,39.922994,购物服务;商场;购物中心,商场,商场
B0FFF65W7Y,中粮·祥云小镇,后沙峪镇安泰大街9号,顺义区,116.537301,40.088227,购物服务;商场;购物中心,商场,商场
B000A87QIT,北投新奥购物中心,湖景东路9号,朝阳区,116.394147,40.000076,购物服务;商场;购物中心,商场,商场
B0FFG6X98O,万达广场(北京槐房店),槐房南路6号,丰台区,116.367868,39.814085,购物服务;商场;购物中心,商场,商场
B000A7CTMA,北京市百货大楼,王府井大街253号,东城区,116.410131,39.913779,购物服务;商场;购物中心,商场,商场
B000A8UM79,汉光百货,西单北大街176号华南大厦,西城区,116.375191,39.909408,购物服务;商场;普通商场,商场,商场
B0FFIL7S89,万达广场(西铁营店),西铁营中路1号,丰台区,116.355851,39.860936,购物服务;商场;购物中心|购物服务;便民商店/便利店;便民商店/便利店|生活服务;彩票彩券销售点;彩票彩券销售点,商场,商场
B0FFFAI76D,北京华联BHG Mall(万柳店),巴沟路2号(巴沟地铁站出入口旁),海淀区,116.295230,39.973062,购物服务;商场;购物中心,商场,商场
B0FFIIGLAD,京西大悦城,阜石路173号院1号楼(苹果园地铁站J口步行100米),石景山区,116.183412,39.925501,购物服务;商场;购物中心,商场,商场
B000A87LZN,来福士,东直门南大街1-1,东城区,116.432499,39.940133,购物服务;商场;购物中心,商场,商场
B0FFK8S8BC,万达广场(北京东坝店),东坝中路1号,朝阳区,116.548580,39.962015,购物服务;商场;购物中心,商场,商场
B000A85J2J,北京中关村领展广场,丹棱街甲1号(海淀黄庄地铁站A2西北口步行200米),海淀区,116.314310,39.979351,购物服务;商场;购物中心|购物服务;商场;普通商场,商场,商场
B000A80D2Q,五道口购物中心,成府路28号,海淀区,116.339336,39.991922,购物服务;商场;购物中心,商场,商场
B000A8VT15,凯德MALL(望京店),广顺北大街33号,朝阳区,116.468485,39.992945,购物服务;商场;购物中心,商场,商场
B0HGUSF1CO,北京望京万象汇,望京东湖街道广顺北大街16号,朝阳区,116.468918,40.010764,购物服务;商场;普通商场,商场,商场
B0FFJOOHAR,印象城(翠微店),翠微路12号,海淀区,116.303401,39.912477,购物服务;商场;普通商场,商场,商场
B000ABBXKM,万达广场(北京石景山店),石景山路乙18号,石景山区,116.225303,39.906431,购物服务;商场;购物中心,商场,商场
B0LG7ZYJ3S,中关村大融城(西区),中关村大街15-11号(中关村地铁站D西南口步行430米),海淀区,116.312173,39.981533,购物服务;商场;商场,商场,商场
B000A7HIX8,北京富力广场,东三环中路65号,朝阳区,116.460622,39.895453,购物服务;商场;购物中心,商场,商场
B0FFL7KEJZ,龙湖北京房山天街,政通南路2号院1号楼,房山区,116.140617,39.745530,购物服务;商场;购物中心,商场,商场
B0HBLCB9SO,惠多港购物中心,黄厂路(恒大御景湾西南侧约50米),朝阳区,116.550713,39.850318,购物服务;商场;购物中心,商场,商场
B0FFFDGGFC,凯德MALL·大峡谷,马家堡街道南三环西路16号,丰台区,116.366821,39.854569,购物服务;商场;购物中心,商场,商场
B000A62FA1,金融街购物中心,金城坊街2号,西城区,116.361563,39.915619,购物服务;商场;购物中心,商场,商场
B0HUUZQJKM,北京大兴王府井奥莱UP TOWN,德贤路与久敬庄路交汇口,大兴区,116.421789,39.818594,购物服务;商场;购物中心,商场,商场
B0FFI1Z3VE,北京华联顺义金街购物中心,新顺南大街8号,顺义区,116.652518,40.128146,购物服务;商场;购物中心,商场,商场
B0G0RCEGUC,北京密云万象汇,滨河路178号,密云区,116.835408,40.355646,购物服务;商场;购物中心,商场,商场
B0HD0ZYFON,北投购物公园,安定路5号院(安贞门地铁站A口直通商场),朝阳区,116.401772,39.978941,购物服务;商场;购物中心,商场,商场
B0FFG972OZ,王府中环,王府井大街269号,东城区,116.409348,39.912576,购物服务;商场;购物中心,商场,商场
B000A8XCLR,悦荟,南环路10号,昌平区,116.239161,40.212115,购物服务;商场;购物中心,商场,商场
B0GKSULRUQ,北京通州领展广场,梨园镇九棵树中街9号(九棵树地铁站出入口步行100米),通州区,116.658701,39.889063,购物服务;商场;普通商场,商场,商场
B0FFHVOIFP,芳圆里ID MALL,东四环中路189号(近广渠路),朝阳区,116.488051,39.890047,购物服务;商场;普通商场,商场,商场
B0FFGPUL4A,西单明珠商场,西长安街街道西单广场横二条59号,西城区,116.375909,39.910393,购物服务;综合市场;综合市场,商场,商场
B0FFHIIRBM,万达广场(北京怀柔店),府前西街1号,怀柔区,116.629818,40.316679,购物服务;商场;购物中心|购物服务;超级市场;超市,商场,商场
B0FFI0HFIB,北京安贞环宇荟,安定路5号院(安贞门地铁站B东北口步行100米),朝阳区,116.406337,39.977871,购物服务;商场;普通商场,商场,商场
B0FFI1XKZJ,三旗百汇购物中心,回龙观三旗百汇4号厅北T12(北2门),昌平区,116.343394,40.062531,购物服务;综合市场;综合市场,商场,商场
B0FFG96RWK,凯德MALL·大兴,华佗路与新源大街交汇处西100米,大兴区,116.318949,39.672324,购物服务;商场;购物中心,商场,商场
B000A88DTH,新辰里(学清路店),学清路甲8号,海淀区,116.354362,40.008667,购物服务;商场;购物中心,商场,商场
B0HKUUXDE2,北京沙河万达广场,乐业路10号,昌平区,116.314460,40.108027,购物服务;商场;购物中心,商场,商场
B0K1KUJQNN,京东MALL(北京南三环店),南苑路6号院1号楼(海户屯地铁站B1东北口步行60米),丰台区,116.401579,39.853172,购物服务;商场;商场|购物服务;家电电子卖场;家电电子卖场,商场,商场
B0K3XH0AGJ,京东MALL(北京双井店),九龙商厦西1门(九龙山地铁站A西北口步行190米),朝阳区,116.474207,39.894099,购物服务;商场;商场,商场,商场
B000AAA4KC,北京银泰中心in01,建国门外大街2号(近国贸地铁站C口),朝阳区,116.459268,39.907356,购物服务;商场;购物中心,商场,商场
B0I6470LCR,北辰荟,北辰西路6号院,朝阳区,116.387761,40.003452,购物服务;商场;购物中心,商场,商场
B000A1C4A1,新世界百货崇文门店,崇文门外大街3-5号,东城区,116.417614,39.897452,购物服务;商场;购物中心|购物服务;家居建材市场;建材五金市场,商场,商场
B000A816L0,北京菜市口百货股份有限公司,广安门内大街306号(广安门内地铁站B东北口步行110米),西城区,116.359360,39.888889,购物服务;商场;商场,商场,商场
B000A6534B,北京君太百货,西单北大街133号,西城区,116.373079,39.909591,购物服务;商场;购物中心,商场,商场
B000AA4HDT,北京房山印象城,长阳镇广阳新路9号院1号楼,房山区,116.210657,39.753520,购物服务;商场;购物中心,商场,商场
B0FFHHW6PJ,北京坊,前门廊房头条21号院(前门地铁站C西南口步行240米),西城区,116.396059,39.897948,购物服务;商场;普通商场,商场,商场
B0I0ZA8R1J,龙湖北京北苑天街,北苑东路19号,朝阳区,116.438524,40.042793,购物服务;商场;购物中心,商场,商场
B0FFFFOZCT,华贸购物中心,建国路79号(大望路地铁站H东北口步行70米),朝阳区,116.480849,39.909097,购物服务;商场;购物中心,商场,商场
B000A81C84,国瑞购物中心,崇文门外大街18号,东城区,116.419844,39.898280,购物服务;商场;购物中心,商场,商场
B000A7CJWQ,华堂·新辰汇,北四环东路108号(惠新西街北口地铁站B东步行250米),朝阳区,116.420775,39.987979,购物服务;商场;购物中心,商场,商场
B000A8W1YV,凤凰汇购物中心,曙光西里甲5号院24号楼,朝阳区,116.456963,39.962918,购物服务;商场;购物中心,商场,商场
B000A9RYQ7,龙玥城,北京经济技术开发区科创五街38号,大兴区,116.532941,39.801638,购物服务;商场;商场,商场,商场
B0HBFAY6G3,丽泽天地,丰台北路17号院1号楼(西局地铁站出入口旁),丰台区,116.305523,39.867664,购物服务;商场;购物中心,商场,商场
B000A84F3V,天虹商场(朗琴国际店),天虹商场(朗琴国际店)(达官营地铁站C东南口步行390米),西城区,116.341331,39.888887,购物服务;商场;购物中心|购物服务;超级市场;超市|生活服务;彩票彩券销售点;彩票彩券销售点,商场,商场
B000ABBWVS,华威大厦,西单北大街130号(西单地铁站B北口步行480米),西城区,116.374566,39.911478,商务住宅;商务住宅相关;商务住宅相关,商场,商场
B0LDXZ9FZB,北京友谊商店,建国门外大街17号38-39栋,朝阳区,116.443015,39.909117,购物服务;商场;普通商场,商场,商场
B0FFM3BB78,新辰里购物中心(亚运村店),北辰东路25号楼3楼,朝阳区,116.406526,39.991509,购物服务;商场;购物中心|购物服务;超级市场;超市,商场,商场
B0I25SFFW4,DT51,北苑路98号院1号楼,朝阳区,116.419469,39.999551,购物服务;商场;购物中心,商场,商场
B0GKPHX6FS,凯德晶品购物中心,复兴路51号(万寿路地铁站B1东北口步行80米),海淀区,116.297414,39.908419,购物服务;商场;购物中心,商场,商场
B000A8UMNS,世贸天阶,光华路甲9号,朝阳区,116.452017,39.916492,购物服务;商场;购物中心,商场,商场
B000A80F27,北京侨福芳草地购物中心,东大桥路9号,朝阳区,116.448834,39.919577,购物服务;商场;购物中心,商场,商场
B0KALBBHQQ,北京隆福寺,隆福寺街95号(东四地铁站E西北口步行160米),东城区,116.414196,39.925653,购物服务;特色商业街;特色商业街,商场,商场
B0G23ABFR5,万达广场(北京双桥店),三间房地区双桥路3号(双桥地铁站A西口步行280米),朝阳区,116.575660,39.908396,购物服务;商场;购物中心,商场,商场
B0K2PCHXAR,中海大吉巷,骡马市大街20号院(菜市口地铁站C东南口步行350米),西城区,116.376405,39.887826,商务住宅;楼宇;商住两用楼宇,商场,商场
B000A7HU5T,环球贸易中心,北三环东路36号,东城区,116.410104,39.967172,商务住宅;楼宇;商务写字楼,商场,商场
B0FFGKQX49,万科广场,忠凉路1号(旧宫地铁站B1南口步行110米),大兴区,116.459424,39.805672,购物服务;商场;购物中心,商场,商场
B000A819SN,BHGMall上地店,农大南路1号院1号楼华联商厦B1层,海淀区,116.311268,40.028656,购物服务;商场;购物中心,商场,商场
B000A839DB,朝外SOHO,朝阳门外大街乙26号朝外MEN A座,朝阳区,116.454674,39.920065,商务住宅;楼宇;商务写字楼|购物服务;商场;购物中心,商场,商场
B000A7AFF1,双安商场,北三环西路38号,海淀区,116.325813,39.966354,购物服务;商场;购物中心,商场,商场
B000A81JYG,华宇时尚购物中心,中关村南大街2号数码大厦B座,海淀区,116.323417,39.965368,购物服务;商场;购物中心,商场,商场
B0J0VRQFZI,斯普瑞斯,金盏乡森林公园东1号,朝阳区,116.596194,40.011221,购物服务;商场;购物中心,商场,商场
B0FFFFOZCS,城乡购物中心(公主坟店),复兴路甲23号(公主坟地铁站A西北口步行190米),海淀区,116.307452,39.908792,购物服务;商场;普通商场,商场,商场
B000A8VWFW,银泰百货(北京大红门店),马家堡东路101号院10号楼,丰台区,116.385515,39.844482,购物服务;商场;普通商场,商场,商场
B000A8UMO0,新世界百货(望京店),望京花家地街道广顺南大街16号,朝阳区,116.480327,39.986766,购物服务;商场;购物中心,商场,商场
B0LG7ZMH4E,中关村大融城(东区),中关村大街19号,海淀区,116.314985,39.980177,购物服务;商场;购物中心,商场,商场
B000A8XETL,北京华联BHG Mall(天通苑店),东三旗路28号天通中苑F区,昌平区,116.414814,40.070404,购物服务;超级市场;超市|购物服务;商场;商场,商场,商场
B0JGOZUBDV,万达广场(北京平谷店),平谷大街37号,平谷区,117.120575,40.159733,购物服务;商场;购物中心,商场,商场
B0GUBMLZCU,爱琴海购物公园,新华东街289号,通州区,116.658573,39.908913,购物服务;商场;普通商场,商场,商场
B0FFHIQ2MR,北京木樨园合生广场,永外果园8号(木樨园地铁站C西南口步行350米),丰台区,116.397728,39.855749,购物服务;商场;购物中心,商场,商场
B000AAA50W,合生·麒麟新天地,望京街2号楼-阜安西路11号,朝阳区,116.477742,39.997101,购物服务;商场;购物中心,商场,商场
B0FFFR4X3R,光耀东方广场,羊坊店路18号(北京西站地铁站北出口步行480米),海淀区,116.322074,39.899271,购物服务;购物相关场所;购物相关场所,商场,商场
B000A85N3Y,三里屯太古里北区,三里屯路11号,朝阳区,116.454490,39.938193,购物服务;商场;普通商场,商场,商场
B000A5106A,银座mall,东直门外大街48号东方银座,东城区,116.435590,39.939994,购物服务;商场;购物中心,商场,商场
B0G177YRUV,北京远洋乐堤港,新华北路与通州北关桥交叉口东北角,通州区,116.658421,39.923563,购物服务;商场;购物中心,商场,商场
B000A87P13,乐成中心SPACE3,东三环中路22号,朝阳区,116.462516,39.894417,购物服务;商场;购物中心,商场,商场
B0FFIPZTQU,北京长安天街,新城大街与金安路交叉口(上岸地铁站出入口旁),门头沟区,116.123450,39.905343,购物服务;商场;购物中心|购物服务;商场;普通商场,商场,商场
B0FFGQZ9KH,搜秀购物广场,崇文门外大街40号(崇文门地铁站G东南口步行360米),东城区,116.419328,39.896594,购物服务;商场;购物中心,商场,商场
B0FFH14X68,新活馆,东打磨厂街7号宝鼎中心A座,东城区,116.413225,39.899797,购物服务;商场;商场,商场,商场
B0FFLO909T,新辰里(酒仙桥店),酒仙桥路与酒仙桥中路交叉口东南100米,朝阳区,116.490901,39.975785,购物服务;商场;普通商场|购物服务;专卖店;烟酒专卖店,商场,商场
B0H3MZ9HYF,金唐新光界,丰台北路18号(西局地铁站G东南口旁),丰台区,116.306221,39.866282,购物服务;商场;商场,商场,商场
B000A84G18,金宝汇购物中心,金宝街88号(灯市口地铁站C东南口步行340米),东城区,116.421522,39.915162,购物服务;商场;购物中心,商场,商场
B000A81GMN,东安市场,王府井大街138号(金鱼胡同地铁站B东口步行290米),东城区,116.411922,39.914339,购物服务;商场;购物中心,商场,商场
B0G0ASUY5M,林奥CITY PARK购物中心,清林东路4号院林奥嘉园6号楼,朝阳区,116.409356,40.034013,购物服务;商场;普通商场,商场,商场
B000A7WROU,北京华联购物中心(回龙观店),回龙观西大街111号,昌平区,116.319445,40.076525,购物服务;商场;购物中心,商场,商场
B0FFFVI41J,好世界,东三环北路38号(呼家楼地铁站C2东南口步行70米),朝阳区,116.463206,39.921436,购物服务;商场;购物中心,商场,商场
B0H1HSRN75,瀛海环宇坊,瀛永街(瀛海地铁站C西南口步行180米),大兴区,116.448613,39.758038,购物服务;商场;购物中心,商场,商场
B0FFHWOMXZ,大族广场Mall&More,荣华南路2号(荣京东街地铁站),大兴区,116.512841,39.791811,购物服务;商场;购物中心,商场,商场
B000A22EFC,丰联广场,朝阳门外大街18号(朝阳门地铁站A东北口步行330米),朝阳区,116.438511,39.923609,购物服务;商场;普通商场,商场,商场
B0HKX7UVHR,北京姚家园万象汇,青年北路与姚家园路交叉口110,朝阳区,116.516015,39.941242,购物服务;商场;购物中心,商场,商场
B0FFFSEF3H,金隅嘉品Mall,东坝中路38号,朝阳区,116.548122,39.951675,购物服务;商场;购物中心,商场,商场
B0FFFV52S6,中发百旺商城,圆明园西路18号,海淀区,116.276833,40.028943,购物服务;商场;普通商场,商场,商场
B000A4E931,长安商场,复兴门外大街15号,西城区,116.345154,39.907838,购物服务;商场;购物中心,商场,商场
B000A9PREQ,京粮广场,田村路43号(田村地铁站B东北口步行50米),海淀区,116.253898,39.930845,购物服务;商场;购物中心,商场,商场
B000A87C6F,当代商城(鼎城店),阜石路165号,石景山区,116.196034,39.925629,购物服务;商场;购物中心,商场,商场
B0FFG9K43O,通州贵友大厦,梨园镇云景东路1号(梨园地铁站B西南口步行250米),通州区,116.666495,39.884213,购物服务;商场;普通商场,商场,商场
B0FFJCSPT1,昌发展万科广场,龙域中街1号,昌平区,116.315847,40.066232,购物服务;商场;购物中心,商场,商场
B000A8W5MU,老佛爷百货,西单北大街110号,西城区,116.374891,39.914132,购物服务;商场;普通商场,商场,商场
B0HALZ4694,THE NEW西单更新场,西单北大街180号(西单地铁站B北口步行120米),西城区,116.375344,39.908269,购物服务;商场;商场,商场,商场
B0FFJQ2000,北京延庆万达广场,延庆镇庆园街59号,延庆区,115.984571,40.474098,购物服务;商场;购物中心,商场,商场
B0HRC6KF30,龙旗购物中心,黄平路19号,昌平区,116.347187,40.067107,购物服务;商场;购物中心,商场,商场
B0FFK96OMN,万优汇,立汤路188号,昌平区,116.415150,40.057050,购物服务;商场;普通商场,商场,商场
B000A20FEA,红桥市场,天坛路9号,东城区,116.420577,39.886248,购物服务;商场;普通商场,商场,商场
B000A80TPS,3·3大厦,三里屯路33号,朝阳区,116.454770,39.936839,购物服务;商场;商场,商场,商场
B0FFKQU840,大兴大悦春风里,林校路街道黄村东大街38号,大兴区,116.341819,39.730177,购物服务;商场;购物中心,商场,商场
B000A9DPL9,北京石景山万达广场,石景山路18号,石景山区,116.225972,39.906718,商务住宅;商务住宅相关;商务住宅相关,商场,商场
B000A8W57P,翠微百货(大成路店),大成路8号,丰台区,116.265267,39.888439,购物服务;商场;普通商场,商场,商场
B0FFH84AL2,上品+(奥运村店),奥运村街道北苑路甲13号院1号楼北辰泰岳大厦,朝阳区,116.417016,40.031715,购物服务;商场;购物中心,商场,商场
B000A7XF4U,新世界百货(大望路店),建国路93号院万达广场A座,朝阳区,116.472563,39.909289,购物服务;商场;购物中心,商场,商场
B0FFHKFZS3,时代LIFE购物中心,蒲芳路芳星园二区6号楼(方庄地铁站A西北口步行350米),丰台区,116.435304,39.865464,购物服务;商场;购物中心|购物服务;超级市场;超市,商场,商场
B0FFLJ202V,北京SKP-S,高碑店乡建国路86号(大望路地铁站出入口步行200米),朝阳区,116.478857,39.907336,购物服务;商场;购物中心,商场,商场
B0H2JDUKK8,西长安中骏世界城,北京城区曹各庄中路与新城东街交叉口(桥户营地铁站旁),门头沟区,116.125551,39.911716,购物服务;商场;购物中心|购物服务;商场;普通商场,商场,商场
B000A8UW2U,财富购物中心,东三环中路7号(金台夕照地铁站A西北口步行490米),朝阳区,116.458856,39.917433,购物服务;商场;购物中心,商场,商场
B000A7COFT,翠微百货(牡丹园店),北土城西路151号(牡丹园地铁站A西北口步行140米),海淀区,116.367104,39.977451,购物服务;商场;普通商场,商场,商场
B0HU9C7LG5,四元桥购物中心,宜居南路甲2号,朝阳区,116.461315,39.978908,购物服务;商场;普通商场,商场,商场
B000AA1B1V,金地广场,建国路91号(大望路地铁站D西北口步行90米),朝阳区,116.474488,39.909108,购物服务;商场;购物中心,商场,商场
B0JKM7AUR1,汇琴购物中心,石榴庄街道榴乡路86号,丰台区,116.423446,39.843263,购物服务;商场;购物中心,商场,商场
B000A7LMXW,赛特+购物中心,建国门外大街22号,朝阳区,116.441641,39.907608,购物服务;商场;购物中心,商场,商场
B000A85D3E,三里屯SOHO商场1号楼,工人体育场北路8号三里屯SOHO办公A,朝阳区,116.453141,39.933001,购物服务;商场;普通商场|购物服务;商场;购物中心,商场,商场
B0H0V72GD6,BOM嘻番里,学清路38号金码大厦B座(六道口地铁站B东北口步行110米),海淀区,116.353832,40.001771,购物服务;商场;购物中心,商场,商场
B0FFIIYL1J,融科天地,科翔路与中关村南三街交叉口西100米,海淀区,116.326166,39.984088,购物服务;商场;购物中心,商场,商场
B0J64Z6IN3,新地佰,地安门外大街31号(什刹海地铁站A1西北口旁),西城区,116.395477,39.937951,购物服务;商场;商场,商场,商场
B000A876EW,新世界百货(顺义店),新顺南大街18号,顺义区,116.652057,40.126556,购物服务;商场;购物中心,商场,商场
B0GKPR25F2,北京清河万象汇东区,清河中街68号,海淀区,116.335291,40.030186,购物服务;商场;购物中心,商场,商场
B0KACZSREF,北京超极合生汇东区,永旺商城北路与生物信息南街交叉口南160米,昌平区,116.292463,40.097166,购物服务;商场;购物中心,商场,商场
B0FFKRTWAI,路劲世界广场,双营西路78号院2号楼B1至4层,昌平区,116.291906,40.206866,购物服务;商场;普通商场,商场,商场
B0FFFAEHGH,鑫嘉汇购物中心,丰葆路88号院1号楼,丰台区,116.292070,39.817953,购物服务;商场;购物中心,商场,商场
B000A31F69,中关村科贸电子城,中关村大街18号中关村科技贸易中心,海淀区,116.317651,39.983410,购物服务;家电电子卖场;数码电子,商场,商场
B0FFG2XU0U,新荟城购物中心,望京东园1区120号楼,朝阳区,116.482239,39.998842,购物服务;商场;购物中心,商场,商场
B000A8VXAU,红星美凯龙北京东五环商场,朝阳路高井村甲6号,朝阳区,116.539931,39.914727,购物服务;家居建材市场;家具城|科教文化服务;展览馆;展览馆,商场,商场
B0FFHR72JX,龙湖北京颐和星悦荟,颐和园路208号(西苑地铁站C2西南口步行50米),海淀区,116.290467,39.997818,购物服务;商场;普通商场|购物服务;特色商业街;特色商业街,商场,商场
B000A8XLYP,国泰生活广场(机场店),南平街甲1号,顺义区,116.602821,40.046437,购物服务;商场;普通商场,商场,商场
B000A856YN,国泰百货(天通苑店),东小口镇天通苑东苑东三区2号楼,昌平区,116.435660,40.073184,购物服务;商场;普通商场,商场,商场
B000A83JRQ,翠微百货,复兴路33号,海淀区,116.304179,39.908266,购物服务;商场;普通商场,商场,商场
B0FFHQNJSH,龙湖·长楹天街,常通路1号院(常营地铁站F西南口步行150米),朝阳区,116.599591,39.924542,商务住宅;楼宇;商住两用楼宇,商场,商场
B0K2Z76GUV,北京上德银泰城,广茂大街19号院,大兴区,116.346271,39.764099,购物服务;商场;购物中心,商场,商场
B0JK4ZJN19,T+MALL,南三里屯路1号(三号线团结湖站H口),朝阳区,116.454918,39.932121,购物服务;商场;购物中心,商场,商场
B000AAA562,北京华联BHG Mall(常营店),常营街道朝阳北路17号(常营地铁站出入口旁),朝阳区,116.597707,39.926599,购物服务;商场;商场,商场,商场
B000A8X7TY,华贸天地,来广营朝阳北苑清河营南街7号院3号楼,朝阳区,116.430386,40.047782,购物服务;商场;商场,商场,商场
B000A843IF,太阳飘亮购物中心,亚运村大屯街道安立路68号,朝阳区,116.409207,39.997976,购物服务;商场;购物中心,商场,商场
B0FFFGQAC5,首开·福茂,宋家庄顺八条8号院三区3号楼(宋家庄地铁站),丰台区,116.427191,39.846412,购物服务;商场;普通商场,商场,商场
B000A7WRVR,华腾新天地商场,东四环中路195号,朝阳区,116.488203,39.885527,购物服务;商场;普通商场,商场,商场
B0FFKLC488,丰台大悦春风里,新宫地铁站D口直达,丰台区,116.364660,39.810084,购物服务;商场;购物中心,商场,商场
B0HU7SZ04J,锦荟港购物中心,胜利街道站前街3号院1号楼,顺义区,116.647394,40.126472,购物服务;商场;普通商场,商场,商场
B0FFFFVG20,绿地缤纷城(房山店),天星街1号院7号楼,房山区,116.160838,39.756429,购物服务;商场;购物中心,商场,商场
B0FFIIIWFL,朝悦百惠购物中心,王四营桥东京哈高速路南,朝阳区,116.535643,39.868282,购物服务;商场;购物中心,商场,商场
B0FFFS6DLG,力宝广场,亦庄镇荣华中路8号院,大兴区,116.501934,39.805465,商务住宅;楼宇;商务写字楼,商场,商场
B000A83I8V,翠微百货(龙德广场店),立汤路186号,昌平区,116.415466,40.060411,购物服务;商场;普通商场|购物服务;商场;购物中心,商场,商场
B000A7ZUZI,新街口百货,新街口南大街7号,西城区,116.372376,39.940116,购物服务;商场;商场,商场,商场
B0FFF5SQGR,蓝岛大厦(朝阳店),东大桥地铁站D2西南口步行240米,朝阳区,116.449406,39.922391,购物服务;商场;普通商场,商场,商场
B0I19AVRZ6,星悦广场,常营街道三间房东路4号(黄渠地铁站D西南口步行170米),朝阳区,116.575461,39.923220,购物服务;商场;普通商场,商场,商场
B000A88AE6,北京城建·城悦荟,北苑家园秋实街1号,朝阳区,116.421286,40.042760,购物服务;商场;商场,商场,商场
B0GUJPQ6Q6,北京华联BHG Mall(同成街店),育知东路30号(回龙观地铁站A2口步行130米),昌平区,116.337566,40.072030,购物服务;商场;购物中心,商场,商场
B000A9LE7M,隆华奥特莱斯购物广场,贯通路东侧18号(石门地铁站C东南口步行110米),顺义区,116.642237,40.128497,购物服务;商场;购物中心,商场,商场
B000A7XW5D,燕莎友谊商城,亮马桥路52号,朝阳区,116.463019,39.948858,购物服务;商场;购物中心,商场,商场
B0I1FURG2E,玖耀里西区,路松街75号,昌平区,116.282033,40.146548,购物服务;商场;商场,商场,商场
B000A80XMD,久隆生活广场,酒仙桥路39号,朝阳区,116.494903,39.961618,购物服务;商场;普通商场,商场,商场
B0FFFAK5E6,亿潼隆万丰购物中心,万丰路305号,丰台区,116.296283,39.873018,购物服务;商场;购物中心,商场,商场
B0FFG8VPVA,中粮·祥云小镇北区,安泰大街9号,顺义区,116.536591,40.089650,购物服务;商场;购物中心,商场,商场
B0J3LC9HDP,1733山谷食集,北三环西路甲18号院大钟寺广场2号,海淀区,116.343058,39.966325,购物服务;购物相关场所;购物相关场所|餐饮服务;餐饮相关场所;餐饮相关,商场,商场
B000A806DF,华冠购物中心,拱辰街道北关西路14号1幢,房山区,116.139337,39.735063,购物服务;商场;购物中心|购物服务;超级市场;超市|购物服务;文化用品店;文化用品店,商场,商场
B000A852XN,澳门中心,王府井东街8号,东城区,116.413327,39.914866,商务住宅;楼宇;商务写字楼,商场,商场
B0FFJHX8RG,鲁能美丽汇购物中心,马坡镇乾安路13号,顺义区,116.651231,40.178728,购物服务;商场;购物中心,商场,商场
B0FFHOHIJ7,世纪金源购物中心东区,北京城区远大路1号金源时代购物中心(长春桥地铁站B口步行160米),海淀区,116.289992,39.958681,购物服务;商场;购物中心,商场,商场
B000A85EXS,庄胜崇光百货(宣武门店),宣武门外大街8号(宣武门地铁站G东南口步行280米),西城区,116.375639,39.896881,购物服务;商场;购物中心,商场,商场
B0FFJRSSH3,暖山生活,红军营南路36号,朝阳区,116.415407,40.031967,购物服务;商场;商场|公司企业;公司;公司,商场,商场
B000A8WEF5,阳光新生活广场(通州店),翠景北里1号楼九棵树西路80号,通州区,116.656336,39.889718,购物服务;商场;购物中心,商场,商场
B0FFKJ3YN0,NTP新城广场,方庄芳古园一区18号楼1层28,丰台区,116.422033,39.867970,购物服务;商场;普通商场,商场,商场
B0FFJNCRIR,摩方M·CUBE(合景摩方店),外大街1-13附近(崇文门地铁站H西南口旁),东城区,116.417628,39.899696,购物服务;商场;购物中心|商务住宅;商务住宅相关;商务住宅相关,商场,商场
B0GUAHA7PV,万达广场(北京乐多港店),城南街道南口路29号,昌平区,116.190168,40.229903,购物服务;商场;购物中心,商场,商场
B0FFIUUZAQ,首创奥莱商业2期,长阳镇悦盛路6号院,房山区,116.184315,39.764613,购物服务;商场;购物中心,商场,商场
B000A84CKO,唐人街购物中心,民族园路2号唐人街购物广场1层,朝阳区,116.390654,39.981199,购物服务;商场;购物中心,商场,商场
B000A7ZBU0,红星美凯龙北京西四环商场,西四环中路113号,丰台区,116.272720,39.882891,购物服务;购物相关场所;购物相关场所,商场,商场
B000A84PZZ,天通尾货,天通苑地铁站B南口步行340米,昌平区,116.409422,40.074687,购物服务;商场;普通商场,商场,商场
B0FFJ1HLTC,国贸商城南区中段,建国门外大街1号国贸商城L1层,朝阳区,116.458958,39.909496,购物服务;商场;购物中心|购物服务;商场;普通商场,商场,商场
B0G2G1PCCK,百荣世贸商城南广场,[],东城区,116.396622,39.861070,购物服务;商场;普通商场,商场,商场
B0FFH17480,百荣二期商城北区,永定门外大街101号(木樨园地铁站A1西北口步行450米),东城区,116.396599,39.861156,购物服务;综合市场;综合市场,商场,商场
B0FFK5UDNK,百荣世贸商城2期,永定门外大街101号,东城区,116.396763,39.859834,购物服务;商场;普通商场,商场,商场
B000A6516F,京饮华天商场,月坛街道月坛南街30号,西城区,116.341061,39.913537,购物服务;商场;普通商场,商场,商场
B0JK75NK8S,国贸商城南区,建国门外大街1号(国贸地铁站A西北口步行210米),朝阳区,116.458811,39.909562,购物服务;商场;购物中心,商场,商场
B000A7EB0R,天桥百货商场,永定门内大街1号(天坛西门)(天桥地铁站D西南口步行90米),西城区,116.397929,39.880592,购物服务;商场;普通商场,商场,商场
B000A8452N,集美家居大红门旗舰商场,永外大红门西马场甲14号,丰台区,116.391462,39.833694,购物服务;家居建材市场;家具建材综合市场,商场,商场
B0FFKQAG7S,燕丰商场,西坝河南里17号楼,朝阳区,116.439068,39.960080,购物服务;商场;普通商场,商场,商场
B000A85K92,三里屯SOHO商场5,工人体育场北路8号三里屯soho,朝阳区,116.454193,39.931620,购物服务;商场;普通商场|购物服务;商场;购物中心,商场,商场
B000A7BLUY,国华商场,金融街街道,西城区,116.363904,39.898964,购物服务;商场;普通商场,商场,商场
B000A46469,北京市东城区王府井食品商场,王府井大街186号(王府井地铁站E3东北口步行90米),东城区,116.411532,39.911673,购物服务;便民商店/便利店;便民商店/便利店,商场,商场
B0FFMAKBDM,西西友谊商城(西单婚庆大楼店),西单北大街109号(灵境胡同地铁站D西南口步行180米),西城区,116.372980,39.914130,购物服务;商场;普通商场,商场,商场
B0FFG57Y2F,金泰商城,东坝中路30号(东坝南地铁站B口步行290米),朝阳区,116.548012,39.955373,购物服务;商场;普通商场,商场,商场
B000A7XDCE,西单商场(天通苑店),东小口镇天通苑5区商业楼(天通苑南地铁站A南口步行360米),昌平区,116.414413,40.066117,购物服务;商场;普通商场,商场,商场
B0FFHPK2G2,天圣发商业中心,古城南路32号(古城地铁站A西北口步行490米),石景山区,116.189700,39.911370,购物服务;商场;普通商场|商务住宅;楼宇;商务写字楼,商场,商场
B0LD6H64SY,三里屯SOHO商场2,工人体育场北路8号(工人体育场地铁站D口步行400米),朝阳区,116.454242,39.932744,购物服务;商场;普通商场,商场,商场
B0K0U6R41Z,JKFUN商城,西直门外大街116号(动物园地铁站C2东南口步行350米),西城区,116.343115,39.937625,购物服务;商场;商场,商场,商场
B0FFGAMRAD,国贸商城北区,建国门外大街1号(国贸地铁站E2西北口步行260米),朝阳区,116.460554,39.912250,购物服务;商场;普通商场,商场,购物中心
B0KUPCEE9D,西山荟购物广场,育园南路6号院1号楼,门头沟区,116.102498,39.929188,购物服务;商场;普通商场,商场,购物中心
B0FFGMC12I,银河SOHO购物中心,南竹杆胡同2号(朝阳门地铁站G东南口步行420米),东城区,116.433185,39.920630,购物服务;商场;购物中心,商场,购物中心
B0H2PCSBFS,六工汇购物广场,首钢园北区,石景山区,116.156233,39.915306,购物服务;商场;普通商场,商场,购物中心
B0FFFX0UOD,金泉广场购物中心,亚运村街道大屯里317号,朝阳区,116.414823,40.004740,购物服务;商场;购物中心,商场,购物中心
B000A80TJM,欧陆时尚购物中心,天竺街道裕翔路99号,顺义区,116.547500,40.066878,购物服务;商场;购物中心,商场,购物中心
B000A8UWFL,隆华购物中心,新顺南大街1号,顺义区,116.650415,40.126508,购物服务;商场;购物中心,商场,购物中心
B0FFIPF8SN,悦茂购物中心,营福路与前屯路交叉口东100米,海淀区,116.349720,40.043497,购物服务;商场;购物中心|餐饮服务;餐饮相关场所;餐饮相关,商场,购物中心
B000A87TRZ,旺角购物广场,湖光北街9号,朝阳区,116.463537,40.001774,购物服务;商场;购物中心,商场,购物中心
B0FFFCO04A,新辰天地(大兴店南区),清源路26号(清源路地铁站A西北口步行120米),大兴区,116.331606,39.738712,购物服务;商场;购物中心,商场,购物中心
B0FFJN3EKM,京投港·长阳购物中心,长政南街1号院1号楼(长阳地铁站B南口步行200米),房山区,116.212914,39.763023,购物服务;商场;购物中心,商场,购物中心
B0FFK8FZDJ,华远铭悦好天地购物中心,砖厂南二街与砖厂中路交叉口东120米,通州区,116.697023,39.870874,购物服务;商场;购物中心|购物服务;商场;普通商场|购物服务;特色商业街;特色商业街,商场,购物中心
B0H0ULQ2QT,北京荟聚购物中心-储物柜(欣雅街店),欣宁街15号北京荟聚中心F1(西红门地铁站A西北口旁),大兴区,116.325136,39.788565,购物服务;购物相关场所;购物相关场所,商场,购物中心
B0FFH175M1,王府井购物中心(右安门店),右安门内大街72号,西城区,116.364823,39.871953,购物服务;商场;购物中心,商场,购物中心
B0G271G688,华联BHG Mall(通州北苑店),杨庄北里天时名苑14号楼B1(通州北苑地铁站出入口旁),通州区,116.636267,39.903803,购物服务;商场;购物中心,商场,购物中心
B0FFF0G5G0,远洋未来汇购物中心,东四环中路慈云寺北里210号,朝阳区,116.492118,39.916226,购物服务;商场;购物中心,商场,购物中心
B0FFHOHIJ9,世纪金源购物中心西区,远大路1号(蓝靛厂地铁站B口步行150米),海淀区,116.286705,39.958538,购物服务;商场;购物中心,商场,购物中心
B0L6OZB5N9,新辰天地购物中心,兴华大街辅路与富华巷交叉口西120米,大兴区,116.331248,39.740091,购物服务;商场;购物中心,商场,购物中心
B000A7HZFM,金四季购物中心,西四环北路117号(四季青桥地铁站A口步行350米),海淀区,116.271566,39.944263,购物服务;商场;购物中心,商场,购物中心
B000A877W2,居然之家(大兴店),枣园路8号(枣园地铁站C东南口步行270米),大兴区,116.335335,39.753023,购物服务;综合市场;综合市场,商场,购物中心
B000A9PYZQ,新年华购物中心,广安门外街道北京市西城区马连道第三区3号楼1单元,西城区,116.325635,39.877289,购物服务;商场;购物中心,商场,购物中心
B0FFGEOL20,隆兴购物广场,南丰路与百沙路交汇处(沙河地铁站B1东口步行420米),昌平区,116.287989,40.150391,购物服务;商场;购物中心,商场,购物中心
B0FFG8VUFQ,长楹天街购物中心-东区,常通路3号院(常营地铁站E东南口旁),朝阳区,116.601838,39.925091,购物服务;商场;购物中心,商场,购物中心
B0FFGJE2EE,鸿坤广场,西红门欣旺北大街8号,大兴区,116.342529,39.791282,商务住宅;楼宇;商务写字楼,商场,购物广场
B0FFF34LTH,闽龙广场,大羊坊路74号,朝阳区,116.476117,39.855686,购物服务;家居建材市场;家具建材综合市场,商场,购物广场
B0FFG72KQY,百尚生活广场,马驹桥兴华中街潼关三区9号楼,通州区,116.544945,39.753013,购物服务;商场;普通商场,商场,购物广场
B000A87E98,航天万源广场,东高地万源北路,丰台区,116.423550,39.802579,购物服务;商场;购物中心,商场,购物广场
B0FFHGF62D,天键广场,枣园路印刷学院附属小学对面,大兴区,116.314836,39.752599,商务住宅;楼宇;商住两用楼宇,商场,购物广场
B000A8VSPT,新业广场,成寿寺路2号,丰台区,116.447081,39.857384,购物服务;商场;购物中心,商场,购物广场
B0FFFEFCZA,水城广场,北七家镇宏福创业园平西府街55号,昌平区,116.371638,40.107196,风景名胜;公园广场;城市广场|风景名胜;风景名胜;国家级景点,商场,购物广场
B0FFLKRBO7,米蓝生活广场,西三环南路10号,丰台区,116.312643,39.879775,购物服务;商场;普通商场|生活服务;生活服务场所;生活服务场所,商场,购物广场
B0FFIL2ZAQ,永辉广场,黄庄路与重聚路交叉口西南180米,石景山区,116.231931,39.894154,购物服务;商场;普通商场,商场,购物广场
B000A85QMI,新城市广场,朝阳路十里堡乙2号,朝阳区,116.505605,39.915190,购物服务;商场;普通商场|商务住宅;楼宇;楼宇相关,商场,购物广场
B0FFKTASJ3,天坛生活广场,樊家村辛庄路88号院115号,丰台区,116.319271,39.836153,购物服务;商场;普通商场,商场,购物广场
B000A9ETNR,铭泽生活广场,周庄村52号,朝阳区,116.476869,39.864036,购物服务;商场;购物中心,商场,购物广场
B000A64CA5,北京方庄购物中心,蒲方路24号(近方庄体育公园南门),丰台区,116.428819,39.865496,购物服务;商场;购物中心,商场,购物广场
B0FFFVCTCV,鸿坤广场购物中心,欣旺北大街8号1幢,大兴区,116.340321,39.791545,购物服务;商场;购物中心,商场,购物广场
B0FFFACYHM,Plus365购物中心(门头沟店),西北环线(润西山别墅区对面),门头沟区,116.110219,39.910928,购物服务;商场;购物中心,商场,购物广场
B0G2HSOCLE,顶层家居智媒广场,西门地下一层物美入口时间驿站手机手表维修,丰台区,116.210173,39.845492,购物服务;商场;普通商场,商场,购物广场
B0J1B7LU9R,北京小海棠便利店有限公司(东交民巷30号小区店),东交民巷30-5号,东城区,116.407238,39.901932,购物服务;便民商店/便利店;便民商店/便利店,便利店,便利店
B0I2HZ2D1Y,中商惠民便利(王府井店),北京东华金街购物中心北门旁,东城区,116.409647,39.910342,购物服务;便民商店/便利店;便民商店/便利店,便利店,便利店
B0HUBACR8Z,优堂便利店24小时,前门大街甲2号(升旗宾馆5号房)(前门地铁站E2北口旁),东城区,116.400130,39.899879,购物服务;购物相关场所;购物相关场所,便利店,便利店
B0KAC1QADG,便利蜂(东方新天地店),东长安街1号北京东方新天地F2层,东城区,116.416321,39.909580,购物服务;便民商店/便利店;便民商店/便利店,便利店,便利店
B0H01LSR7I,便利蜂(王府井步行街店),王府井大街256号王府井步行街,东城区,116.408892,39.913299,购物服务;便民商店/便利店;便民商店/便利店,便利店,便利店
B000A8WELV,7-ELEVEn(民生金融中心店),建国门内大街28号民生金融中心C座B1层L38单元,东城区,116.420193,39.907436,购物服务;便民商店/便利店;7-ELEVEn便利店,便利店,便利店
B000A7ZIRD,7-ELEVEn(新怡商务楼店),东兴隆街新怡家园甲3号楼一层,东城区,116.416704,39.897454,购物服务;便民商店/便利店;7-ELEVEn便利店,便利店,便利店
B0FFK8LFJ4,便利蜂(崇文门新世界百货1期店),崇文门外大街5号新世界1期L1层,东城区,116.417255,39.899062,购物服务;便民商店/便利店;便民商店/便利店,便利店,便利店
B0FFIDVARD,全家便利店(澳门中心店),王府井东街8号澳门中心1F层,东城区,116.413298,39.914559,购物服务;便民商店/便利店;便民商店/便利店,便利店,便利店
B0IAX73G9O,京东便利店(前门大街店),前门大街2号(前门地铁站I西南口步行90米),东城区,116.398219,39.898221,购物服务;便民商店/便利店;便民商店/便利店,便利店,便利店
B0FFKS87PJ,LAWSON罗森(前门大街店),前门大街116号一层101室,东城区,116.398519,39.892275,购物服务;便民商店/便利店;便民商店/便利店,便利店,便利店
B0I0BHFAEV,迪兴天天超市,东华门大街21号,东城区,116.405678,39.915392,购物服务;超级市场;超市,便利店,便利店
B0FFL6FOKG,7-ELEVEn(天鼎218文化金融园店),世纪天鼎西侧路与西半壁街交叉口东20米,东城区,116.401286,39.891191,购物服务;便民商店/便利店;7-ELEVEn便利店,便利店,便利店
B0L6F7JIN2,物美便利店(粮食店街店),粮食店街25号(珠市口地铁站A西北口步行400米),西城区,116.397730,39.894739,购物服务;便民商店/便利店;便民商店/便利店,便利店,便利店
B0J35RY30T,7-ELEVEn(金鱼池店),南桥湾街88号(桥湾地铁站D西南口步行170米),东城区,116.407857,39.891501,购物服务;购物相关场所;购物相关场所,便利店,便利店
B0JRVKIBH7,心翔超市,东单北大街74号(东单地铁站F东北口步行480米),东城区,116.418119,39.912807,购物服务;购物相关场所;购物相关场所,便利店,便利店
B000AA0PP0,一家店(兴隆都市馨园店),兴隆都市馨园2号楼B40号,东城区,116.414067,39.896626,购物服务;便民商店/便利店;便民商店/便利店,便利店,便利店
B0LANRZ6MK,北京文创便利店,南池子大街与普渡寺前巷交叉口西北20米,东城区,116.403014,39.912875,购物服务;便民商店/便利店;便民商店/便利店,便利店,便利店
B0FFL1H2IQ,便利蜂(新成文化大厦店),崇文门外大街11号1层11-5-1,东城区,116.418327,39.894195,购物服务;便民商店/便利店;便民商店/便利店,便利店,便利店
B0LD7CWMSE,7-ELEVEn(西花市大街店),北京城区西花市大街86号,东城区,116.422643,39.896994,购物服务;便民商店/便利店;便民商店/便利店,便利店,便利店
B0FFHROL4Q,果宜客24小时便利店,北京同仁堂王府井中医医院南门西南50米,东城区,116.409219,39.915269,购物服务;综合市场;果品市场,便利店,便利店
B000A85PVV,易捷便利店(中国石化崇文门加油站店),庆平胡同22号(北京市东城区丁香小学西北),东城区,116.420752,39.900341,购物服务;便民商店/便利店;便民商店/便利店,便利店,便利店
B0K0PUX0W8,京东便利店(王府井步行街店),灯市口地铁站A西北口步行330米,东城区,116.414625,39.916835,购物服务;购物相关场所;购物相关场所,便利店,便利店
B0I1VZYZD7,花市奶站(新景家园西区店),西花市大街新景家园底商98号,东城区,116.422079,39.897011,购物服务;便民商店/便利店;便民商店/便利店,便利店,便利店
B0IGFUX8YZ,天顺生活超市,粮食店街39号(珠市口地铁站A西北口步行340米),西城区,116.397682,39.894198,购物服务;便民商店/便利店;便民商店/便利店,便利店,便利店
B0I627HNOE,7-ELEVEn(北京灯市口大街店),灯市口大街57号(金鱼胡同地铁站出入口步行400米),东城区,116.412757,39.918804,购物服务;便民商店/便利店;7-ELEVEn便利店,便利店,便利店
B0FFK9RXXV,物美便利店,邮通街与苏州胡同交叉口东80米,东城区,116.425434,39.905479,购物服务;便民商店/便利店;便民商店/便利店,便利店,便利店
B0FFL7RZBI,松仁雨便民便利店,金鱼池中街老城一锅旁边(底商),东城区,116.405900,39.891026,购物服务;便民商店/便利店;便民商店/便利店,便利店,便利店
B0G05SJEVB,京东便利店(北京建国门北京站如家商旅酒店店),邮通街与苏州胡同交叉口东南40米,东城区,116.424925,39.905475,购物服务;便民商店/便利店;便民商店/便利店,便利店,便利店
B0L3AOYCSA,美宜佳(西花市大街店),崇文门外大街18号国瑞购物中心F1层,东城区,116.420094,39.898206,购物服务;便民商店/便利店;便民商店/便利店,便利店,便利店
B000A80PIH,易捷便利店(北京站中国石化加油站店),北京站西街(北京站地铁站A西北口步行350米),东城区,116.422945,39.904121,购物服务;便民商店/便利店;便民商店/便利店,便利店,便利店
B0HUUCRP5O,京东便利店(天伦王朝店),东华门街道王府井大街50号天伦王朝一层西北角,东城区,116.411385,39.918220,购物服务;便民商店/便利店;便民商店/便利店,便利店,便利店
B0KUNZ64FY,果宜客便利店(祈年大街店),祈年大街与清华街交叉口东北40米,东城区,116.412798,39.892390,购物服务;便民商店/便利店;便民商店/便利店,便利店,便利店
B0J1HXU3CB,7-ELEVEn(王府井步行街店),灯市口大街与同福夹道交叉口东南40米,东城区,116.416403,39.918640,购物服务;便民商店/便利店;便民商店/便利店,便利店,便利店
B0G277EUXT,便利蜂(新景家园店),西花市南里西区9号楼1层117,东城区,116.421502,39.893589,购物服务;便民商店/便利店;便民商店/便利店,便利店,便利店
B0JUO9DTTV,北京大商投资有限责任公司灯市口超市,灯市口大街33号地下一层B02、B03,东城区,116.414195,39.918870,购物服务;便民商店/便利店;便民商店/便利店,便利店,便利店
B0IUPDOE9N,多点便利店(灯市口店),灯市口地铁站内,东城区,116.417875,39.917175,购物服务;便民商店/便利店;便民商店/便利店,便利店,便利店
B0JDUDO39S,便利蜂(干面胡同店),丽晶酒店北门东80米(灯市口地铁站C东南口旁),东城区,116.418807,39.917068,购物服务;便民商店/便利店;便民商店/便利店,便利店,便利店
B0FFIXSKYR,全家便利店(王府井大街一店),商务印书馆西门北50米,东城区,116.411189,39.920510,购物服务;便民商店/便利店;便民商店/便利店,便利店,便利店
B0JRJ7GG0C,丰盛便利超市,大栅栏西街56号格林豪泰酒店旁边,西城区,116.392575,39.894862,购物服务;便民商店/便利店;便民商店/便利店,便利店,便利店
B0I1KNWWQJ,老街坊综合超市,灯市口西街36号,东城区,116.408117,39.918339,购物服务;便民商店/便利店;便民商店/便利店,便利店,便利店
B0J3ARO2BT,7-ELEVEn(新裕商务大厦店),广渠门内大街90-5号新欲商务大厦(磁器口地铁站G东南口旁),东城区,116.421799,39.892870,购物服务;购物相关场所;购物相关场所,便利店,便利店
B0K23HSCLR,好客士便利店(北京站店),北京站街20号-01(北京站地铁站B东北口步行70米),东城区,116.427973,39.905889,购物服务;便民商店/便利店;便民商店/便利店,便利店,便利店
B0FFIYANCE,京东便利店(北京站店),毛家湾胡同甲13号北京站2F层,东城区,116.426823,39.903672,购物服务;便民商店/便利店;便民商店/便利店,便利店,便利店
B0K0NBA6L0,便利蜂(新裕商务大厦店),广渠门内大街90号新裕商务大厦(磁器口地铁站G东南口旁),东城区,116.421655,39.892735,购物服务;便民商店/便利店;便民商店/便利店,便利店,便利店
B000A80WCW,好邻居(金宝街金宝汇店),金宝街临3号(灯市口地铁站C东南口步行470米),东城区,116.422739,39.915779,购物服务;便民商店/便利店;便民商店/便利店,便利店,便利店
B0LB5U2BG2,松仁雨便利店,王府井大街48号1栋1层01-09-03,东城区,116.411294,39.919050,购物服务;便民商店/便利店;便民商店/便利店,便利店,便利店
B0KAMZ2QQM,便利店,建国门街道毛家湾胡同北京站,东城区,116.428666,39.904037,购物服务;购物相关场所;购物相关场所,便利店,便利店
B0M6C7VZZ9,全升宝便利店,前门西河沿街212号(和平门地铁站C2东南口步行220米),西城区,116.386577,39.898930,购物服务;便民商店/便利店;便民商店/便利店,便利店,便利店
B0GUKZD5PW,便利蜂(朝阳门小街小区店),朝阳门南小街20-2号,东城区,116.427101,39.913742,购物服务;便民商店/便利店;便民商店/便利店,便利店,便利店
B0I3V5FP9N,神州通达图文便利店,东四南大街与内务部街交叉口东北40米,东城区,116.417898,39.919423,生活服务;摄影冲印店;摄影冲印,便利店,便利店
B0FFFA8PCL,7-ELEVEn(朝阳门南小街店),朝阳门南小街16-1-2号,东城区,116.426908,39.916108,购物服务;便民商店/便利店;7-ELEVEn便利店,便利店,便利店
B0FFIUK6ED,全家便利店(法华寺街店),法华寺街91号,东城区,116.422359,39.887499,购物服务;便民商店/便利店;便民商店/便利店,便利店,便利店
B000A7ZPNY,好邻居(北新华街店),北新华街88号(和平门地铁站B1东北口步行440米),西城区,116.384136,39.903955,购物服务;便民商店/便利店;便民商店/便利店,便利店,便利店
B0FFKQWDV0,便利蜂(新景家园店),西花市南里东区16号楼1层商业6,东城区,116.426876,39.893895,购物服务;便民商店/便利店;便民商店/便利店,便利店,便利店
B0FFGCXXOK,LAWSON罗森(长富宫店),建国门外大街26号2号楼一层1006室,朝阳区,116.438434,39.907082,购物服务;便民商店/便利店;便民商店/便利店,便利店,便利店
B000A7OB6D,7-ELEVEn(北京崇文花市枣苑店),花市枣苑甲3号,东城区,116.430209,39.897336,购物服务;便民商店/便利店;7-ELEVEn便利店,便利店,便利店
B000A1F650,7-ELEVEn(美术馆后街店),美术馆后街65号楼下平房4幢1号,东城区,116.408810,39.928911,购物服务;便民商店/便利店;7-ELEVEn便利店,便利店,便利店
B0HUA559GF,便利蜂(北京昌盛店),北新华街29号北京昌盛F1层,西城区,116.383173,39.903813,购物服务;便民商店/便利店;便民商店/便利店,便利店,便利店
B0L1ABHRYK,7-ELEVEn(朝阳门南小街小区店),朝阳门南小街22号朝阳门南小街小区4区,东城区,116.427137,39.913859,购物服务;便民商店/便利店;7-ELEVEn便利店,便利店,便利店
B0FFK4LDL6,便利蜂(通正国际大厦店),广渠门内大街80号1层101B,东城区,116.428572,39.892628,购物服务;便民商店/便利店;便民商店/便利店,便利店,便利店
B000A84CXN,7-ELEVEn(北京INN店),南竹杆胡同6号INN3号楼1层东北角,东城区,116.431733,39.921784,购物服务;便民商店/便利店;7-ELEVEn便利店,便利店,便利店
B0L1TO5EO6,7-ELEVEn(西单三号店),西单北大街129号院,西城区,116.372913,39.911651,购物服务;便民商店/便利店;便民商店/便利店,便利店,便利店
B0H0C90NSB,7-ELEVEn(北京君太百货店),西单北大街133号北京君太百货,西城区,116.372899,39.909978,购物服务;便民商店/便利店;7-ELEVEn便利店,便利店,便利店
B0IU515P3O,便利蜂(东四北大街店),东四北大街与东四三条交叉口东南40米,东城区,116.417591,39.926307,购物服务;购物相关场所;购物相关场所,便利店,便利店
B0FFIYBRO3,便利蜂(和平门小区店),西绒线胡同10号和平门小区,西城区,116.381552,39.904082,购物服务;便民商店/便利店;便民商店/便利店,便利店,便利店
B0IAN7JEX9,京东便利店(北京站东街店),北京站东街8号C座1层102室,东城区,116.431095,39.904434,购物服务;便民商店/便利店;便民商店/便利店,便利店,便利店
B0FFGCY31U,LAWSON罗森(宣武门江边城外烤全鱼店),宣武门外大街8号一层101内127号,西城区,116.375714,39.896477,购物服务;便民商店/便利店;便民商店/便利店,便利店,便利店
B000A80Q3L,好邻居(天桥北里店),永安路32号,西城区,116.394602,39.886034,购物服务;便民商店/便利店;便民商店/便利店,便利店,便利店
B0FFH0JWV6,7-ELEVEn(建国门店),秀水街1号院14号楼底商(建国门地铁站B东北口步行410米),朝阳区,116.438618,39.910628,购物服务;便民商店/便利店;7-ELEVEn便利店,便利店,便利店
B0IGVS17ZD,7-ELEVEn(富贵园购物中心店),广渠门内大街35富贵园购物中心F1层,东城区,116.431617,39.894084,购物服务;便民商店/便利店;7-ELEVEn便利店,便利店,便利店
B0FFLGV0T7,便利蜂(天安天地店),西绒线胡同28号天安天地大厦F1层,西城区,116.375592,39.903187,购物服务;购物相关场所;购物相关场所,便利店,便利店
B0FFIQUQRZ,7-ELEVEn(雅宝路社区epark店),雅宝路7号1号楼1层104室(711便利店),朝阳区,116.436636,39.915780,购物服务;便民商店/便利店;7-ELEVEn便利店,便利店,便利店
B0FFFVECHE,天天便利超市(留学路店),留学路50号(珠市口地铁站D西南口步行370米),西城区,116.394747,39.889144,购物服务;便民商店/便利店;便民商店/便利店,便利店,便利店
B0FFIU5ZE9,7-ELEVEn(广渠门内大街南侧店),广渠门内大街6号13号楼一层甲6-2号房,东城区,116.437958,39.893374,购物服务;便民商店/便利店;7-ELEVEn便利店,便利店,便利店
B0LUPL5KOV,吉麗士多(前门店),大栅栏街道铁树斜街107号(远东饭店对面),西城区,116.386949,39.892403,购物服务;购物相关场所;购物相关场所,便利店,便利店
B0KKPU0ISU,角楼超市,五四大街与北池子大街交叉口北20米,东城区,116.402537,39.923706,购物服务;便民商店/便利店;便民商店/便利店,便利店,便利店
B000A8WA3D,7-ELEVEn(东四北大街店),东四北大街254号楼1层北起第二间房,东城区,116.417397,39.931406,购物服务;便民商店/便利店;7-ELEVEn便利店,便利店,便利店
B0ID4HNA22,佰多美超市(天桥店),北京城区天桥北里6号楼-11号(珠市口地铁站G西南口步行470米),西城区,116.397432,39.885681,购物服务;超级市场;超市,便利店,便利店
B0FFIYGD6L,LAWSON罗森(兆泰国际中心店),朝外西街3号1幢1层1030单元,朝阳区,116.436799,39.920246,购物服务;便民商店/便利店;便民商店/便利店,便利店,便利店
B000A80P23,快客便利店(干面胡同店),朝阳门内南小街237号,东城区,116.426333,39.917165,购物服务;便民商店/便利店;便民商店/便利店,便利店,便利店
B0FFICUHKE,便利蜂(通港大厦店),华远北街2号通港大厦1层101,西城区,116.372792,39.913134,购物服务;便民商店/便利店;便民商店/便利店,便利店,便利店
B0L1C971CJ,牛奶便利店(北新华街店),北新华街与东松树胡同交叉口南40米,西城区,116.384325,39.900725,购物服务;综合市场;农副产品市场|购物服务;便民商店/便利店;便民商店/便利店,便利店,便利店
B0FFL4NFZ9,便利蜂(宣武门崇光百货店),宣武门外大街8号楼-01层(-1)-101-B1B40,西城区,116.375744,39.897572,购物服务;便民商店/便利店;便民商店/便利店,便利店,便利店
B0FFJ8YQSG,LAWSON罗森(南锣鼓巷地铁站店),地铁六号线南锣鼓巷站地上一层110室,东城区,116.403597,39.933303,购物服务;便民商店/便利店;便民商店/便利店,便利店,便利店
B0FFHQ8GGW,7-ELEVEn(太平街东侧店),太平街6号1层102号(小豆面馆、物美超市),西城区,116.388121,39.880322,购物服务;便民商店/便利店;7-ELEVEn便利店,便利店,便利店
B0FFK4GENG,便利蜂(白桥大街店),白桥大街24号楼2单元1层底商,东城区,116.439444,39.895600,购物服务;便民商店/便利店;便民商店/便利店,便利店,便利店
B0J1197SOY,熊本便利店(东花市店),东花市北里中区14号楼一层底商14-2,东城区,116.433159,39.900332,购物服务;便民商店/便利店;便民商店/便利店,便利店,便利店
B0FFHHXTP1,7-ELEVEn(南横街店),南华里10号楼10-12室,西城区,116.381967,39.882903,购物服务;便民商店/便利店;7-ELEVEn便利店,便利店,便利店
B0FFK32GN2,便利蜂(雅宝大厦店),雅宝大厦1层,朝阳区,116.436755,39.915354,购物服务;便民商店/便利店;便民商店/便利店,便利店,便利店
B0FFFAGQRQ,7-ELEVEn(嘉华世纪店),建国路18号嘉华世纪1-102号,朝阳区,116.440920,39.905843,购物服务;便民商店/便利店;7-ELEVEn便利店,便利店,便利店
B0FFJF4WUE,好邻居(沙滩路口西店),五四大街38号,东城区,116.404818,39.924174,购物服务;便民商店/便利店;便民商店/便利店,便利店,便利店
B0FFM3HH8Z,便利蜂(南门仓胡同店),南门仓2号楼2-5号1层,东城区,116.428080,39.929157,购物服务;便民商店/便利店;便民商店/便利店,便利店,便利店
B000A8WELD,香碧螺食品店,建国门街道大羊毛胡同36号,东城区,116.432724,39.903980,购物服务;便民商店/便利店;便民商店/便利店,便利店,便利店
B0KDP775BO,LAWSON罗森(广播大厦店),建国门外大街甲14号广播大厦F1层,朝阳区,116.443484,39.907321,购物服务;便民商店/便利店;便民商店/便利店,便利店,便利店
B0FFKP3428,友谊便利店(寿长街店),西经路1号附近,西城区,116.389903,39.885333,购物服务;便民商店/便利店;便民商店/便利店,便利店,便利店
B0JAURQN8J,熊本便利店(宣武门店),椿树园小区15号楼(麦田房产旁边玻璃门),西城区,116.376881,39.892871,购物服务;便民商店/便利店;便民商店/便利店,便利店,便利店
B0KUAL8F8B,笑颜兮美颜便利坊(二店),富贵园四区(广渠门内地铁站B东北口步行260米),东城区,116.433808,39.895105,生活服务;美容美发店;美容美发店|购物服务;购物相关场所;购物相关场所,便利店,便利店
B0KA9RKASH,京东便利店(前门大街店)(装修中),北京城区前门大街43号,东城区,116.398370,39.895760,购物服务;便民商店/便利店;便民商店/便利店,便利店,便利店
B0KKP63HOL,全家便利店(东四奥林匹克社区体育文化中心店),朝阳门内大街辅路与朝阳门北小街交叉口东北40米,东城区,116.426666,39.924758,购物服务;便民商店/便利店;便民商店/便利店,便利店,便利店
B0JRPRPJMI,便利蜂(南竹竿银河SOHOA座),南竹竿胡同2号银河SOHOC座B1,东城区,116.433308,39.921119,购物服务;便民商店/便利店;便民商店/便利店,便利店,便利店
B0ID713VR0,幸福超市(葱店西街店),葱店西街与东唐街交叉口南20米,东城区,116.423059,39.890519,购物服务;便民商店/便利店;便民商店/便利店,便利店,便利店
B0FFKRVO5G,便利蜂(中信锦园4号楼店),菜市口大街6号院4号楼1层109-1号,西城区,116.376443,39.884779,购物服务;便民商店/便利店;便民商店/便利店|购物服务;超级市场;超市,便利店,便利店
B0FFJN6I02,7-ELEVEn(悠唐购物中心店),三丰北里2号楼悠唐购物中心F1层F1-22-2,朝阳区,116.438243,39.921124,购物服务;便民商店/便利店;7-ELEVEn便利店,便利店,便利店
B0JRCZ6Q1N,全家便利店(兆泰国际中心店),兆泰国际中心AB座,朝阳区,116.435945,39.919247,购物服务;购物相关场所;购物相关场所,便利店,便利店
B0G1PGIKTT,45度便利店,三眼井胡同45号,东城区,116.401318,39.927975,购物服务;便民商店/便利店;便民商店/便利店,便利店,便利店
B0JBTOCWOW,全家便利店(交道口南大街店),交道口南大街128号,东城区,116.408907,39.935436,购物服务;便民商店/便利店;便民商店/便利店,便利店,便利店
B0IKTAFI8I,五点便利屋(幸福家园3期店),幸福家园12号楼底商-5,东城区,116.431138,39.891090,购物服务;便民商店/便利店;便民商店/便利店,便利店,便利店
B0JGUSGEHW,小鲸便利店(站东街店),北京站东街与大羊毛胡同交叉口西100米,东城区,116.431303,39.905240,购物服务;便民商店/便利店;便民商店/便利店,便利店,便利店
B0FFIC0NGM,便利蜂(中国人寿大厦店),朝外大街16号中国人寿大厦商场1层,朝阳区,116.439810,39.923710,购物服务;便民商店/便利店;便民商店/便利店,便利店,便利店
B0KB1K4V3O,惠邻百佳超市(东花市店),大街本家润园A区2号楼跃动运动馆楼下佳美乐购超市,东城区,116.435996,39.897420,购物服务;便民商店/便利店;便民商店/便利店,便利店,便利店
B0FFLPWNDS,便利蜂(天辰大厦店),朝阳门北大街乙12号天辰大厦F1层,朝阳区,116.435705,39.928192,购物服务;便民商店/便利店;便民商店/便利店,便利店,便利店
B0GUBXSBV2,LAWSON罗森(东四北大街店),东四北大街74号(北新桥地铁站C东南口步行310米),东城区,116.417125,39.937989,购物服务;便民商店/便利店;便民商店/便利店,便利店,便利店
B0FFIK984R,7-ELEVEn(西什库大街19号院店),西什库大街31号院19号楼临街门市19-1,西城区,116.379662,39.927529,购物服务;便民商店/便利店;7-ELEVEn便利店,便利店,便利店
B0FFIY0R3K,便利蜂(昆泰国际中心商业街店),怡景园北里老番街1层B2,朝阳区,116.441138,39.920914,购物服务;便民商店/便利店;便民商店/便利店,便利店,便利店
B000A85OTC,襄百顺便利店超市(天桥南里店),天桥南里东门南50米(天桥地铁站A西北口步行270米),西城区,116.397037,39.882372,购物服务;便民商店/便利店;便民商店/便利店,便利店,便利店
B000A7BG77,好邻居(二龙路店),二龙路甲41-2号(太平桥地铁站A口步行420米),西城区,116.366907,39.910022,购物服务;便民商店/便利店;便民商店/便利店,便利店,便利店
B0FFKPBQEK,易捷便利店(中国石化朝阳日坛加油站店),日坛路9号,朝阳区,116.440525,39.911925,购物服务;便民商店/便利店;便民商店/便利店|汽车服务;洗车场;洗车场,便利店,便利店
B0LD9HY037,旗瑞便利店(美华世纪店),建国门外建华南路15号美华世纪大厦1层,朝阳区,116.443528,39.905065,购物服务;便民商店/便利店;便民商店/便利店,便利店,便利店
B0FFK6SB3R,便利蜂(丰联广场店),朝阳门丰联广场A座地下一层,朝阳区,116.438503,39.923683,购物服务;便民商店/便利店;便民商店/便利店,便利店,便利店
B0K0ARYZYM,京东便利店(美术馆三联韬奋书店店),美术馆东街22号(中国美术馆地铁站B东北口步行200米),东城区,116.411146,39.926175,购物服务;便民商店/便利店;便民商店/便利店,便利店,便利店
B000A3B0BD,仁和金鑫隆便利店,南纬路33-1号,西城区,116.392032,39.880859,购物服务;便民商店/便利店;便民商店/便利店,便利店,便利店
B0I11D6EEK,25便利(光明路店),天坛街道光明西路6号-2底商,东城区,116.435384,39.885314,购物服务;便民商店/便利店;便民商店/便利店,便利店,便利店
B0KRBUTTZH,7-ELEVEn(夕照寺中街店),夕照寺中街4号6号楼C-105,东城区,116.442268,39.889234,购物服务;便民商店/便利店;便民商店/便利店,便利店,便利店
B0LGOH7PVW,7-ELEVEn(悠唐购物中心店),三丰北里5号楼一层内2-107-2悠唐西门,朝阳区,116.438417,39.921682,购物服务;便民商店/便利店;7-ELEVEn便利店,便利店,便利店
B0LAUS74OL,美宜佳(华人一品大厦店),张自忠路10号1层1-1003A,东城区,116.410447,39.933099,购物服务;便民商店/便利店;便民商店/便利店,便利店,便利店
B0FFJHG578,京东便利店(天桥店),天桥市场斜街39号(天桥地铁站A西北口步行230米),西城区,116.396715,39.884408,购物服务;便民商店/便利店;便民商店/便利店,便利店,便利店
B0JUUSK8RM,S8230顺兴美艺便利店,五四大街25号(中国美术馆地铁站A西北口步行240米),东城区,116.407073,39.924507,购物服务;便民商店/便利店;便民商店/便利店,便利店,便利店
B0HB65MZZN,青山超市,东四北大街243号(张自忠路地铁站D西南口步行130米),东城区,116.416990,39.932106,购物服务;便民商店/便利店;便民商店/便利店,便利店,便利店
B0HBXMP6NU,北京港佳好邻居连锁便利店有限责任公司地安门分店,地安门外大街178号(什刹海地铁站C东南口步行400米),西城区,116.396410,39.933914,购物服务;便民商店/便利店;便民商店/便利店,便利店,便利店
B000A7Y6Z1,好邻居便利店(佟麟阁店),佟麟阁路91号(长椿街地铁站B2东北口步行490米),西城区,116.368469,39.900959,购物服务;便民商店/便利店;便民商店/便利店,便利店,便利店
B0FFJFPTK9,便利蜂(鸿豪商业中心店),日坛北路17号院2号楼1层,朝阳区,116.442355,39.920216,购物服务;便民商店/便利店;便民商店/便利店,便利店,便利店
B0KRZ5FGRI,诚欣悦便利店,西牛角胡同甲1号,西城区,116.375830,39.912297,购物服务;便民商店/便利店;便民商店/便利店,便利店,便利店
B0KKXSG14P,京东便利店(菜市口店),中信城商铺甲2-1(后兵马街2),西城区,116.376408,39.886376,购物服务;便民商店/便利店;便民商店/便利店,便利店,便利店
B0FFK92HMO,京东便利店(光明西街店),光明西路1号14号楼108,东城区,116.435119,39.885259,购物服务;便民商店/便利店;便民商店/便利店,便利店,便利店
B0GKP5XMG7,咕噜便利店,地安门外大街99号(什刹海地铁站C东南口步行210米),西城区,116.396048,39.935715,购物服务;便民商店/便利店;便民商店/便利店,便利店,便利店
B0JAGSG3TF,多多·much超市,北京站东街与建国门南大街交叉口西140米,东城区,116.434275,39.905334,购物服务;便民商店/便利店;便民商店/便利店,便利店,便利店
B000A85O5R,7-ELEVEn(五矿广场店),朝阳门北大街5号五矿广场1层,东城区,116.432772,39.931138,购物服务;便民商店/便利店;7-ELEVEn便利店,便利店,便利店
B0J2ZSHT40,7-ELEVEn(双子座购物中心店),建国门外大街乙12号双子座购物中心B1层,朝阳区,116.448515,39.907840,购物服务;便民商店/便利店;7-ELEVEn便利店,便利店,便利店
B000A7Z7XY,易捷便利店(中国石化宣武门加油站店),宣武门东大街16号楼前(和平门地铁站D1西南口步行380米),西城区,116.378825,39.899725,购物服务;便民商店/便利店;便民商店/便利店,便利店,便利店
B000A9LVP0,合家欢烟酒食品店,前青厂胡同4号,西城区,116.380036,39.895239,购物服务;家居建材市场;建材五金市场|购物服务;便民商店/便利店;便民商店/便利店,便利店,便利店
B0K0Z7Z6D2,佑亿佳百姓生活超市,东四北大街398号(东四地铁站A西北口步行340米),东城区,116.417542,39.928061,购物服务;便民商店/便利店;便民商店/便利店,便利店,便利店
B0FFGSQNIH,LAWSON罗森(菜市口南大街店),菜市口南大街58号一层03号,西城区,116.374869,39.881174,购物服务;便民商店/便利店;便民商店/便利店,便利店,便利店
B0LU3M7D2E,便利蜂(朝外Men雅宝商城店),朝外大街朝外门公寓1层,朝阳区,116.442185,39.922296,购物服务;便民商店/便利店;便民商店/便利店,便利店,便利店
B0FFLCIIG3,7-ELEVEn(蓝筹名座店),朝外北街北侧蓝筹名座C座,朝阳区,116.438815,39.927119,购物服务;便民商店/便利店;7-ELEVEn便利店,便利店,便利店
B0FFKOWTBA,嗨家便利,广渠门内夕照寺东玖大厦B座,东城区,116.440376,39.889858,购物服务;便民商店/便利店;便民商店/便利店,便利店,便利店
B0FFG8NAN6,LAWSON罗森(富华大厦店),朝阳门北大街8号D座一层1-A,东城区,116.435853,39.930432,购物服务;便民商店/便利店;便民商店/便利店,便利店,便利店
B0FFH8U9AR,7-ELEVEn(太平桥东侧店),丰盛胡同28号楼1层101-11(太平洋保险大厦旁),西城区,116.366188,39.918205,购物服务;便民商店/便利店;7-ELEVEn便利店,便利店,便利店
B0G2MO2SHV,什刹海小卖部,北京城区后海北沿8号,西城区,116.392410,39.939635,购物服务;便民商店/便利店;便民商店/便利店,便利店,便利店
B0FFF9UOE6,好邻居便利店(宣武门西大街店),宣武门西大街103号1层,西城区,116.365852,39.900002,购物服务;便民商店/便利店;便民商店/便利店,便利店,便利店
B0FFG8OIHK,好邻居连锁便利店(永安里中街店),永安里中街25号临丙25号,朝阳区,116.447761,39.905060,购物服务;便民商店/便利店;便民商店/便利店,便利店,便利店
B0KA9YMQ9H,LAWSON罗森(泓晟国际中心店),朝阳门北大街9号泓晟国际中心B1层,东城区,116.432841,39.930710,购物服务;便民商店/便利店;便民商店/便利店,便利店,便利店
B0HUJ5ZSGS,7-ELEVEn(菜市口大街西侧店),平原里21-1035号(陶然亭地铁站A西北口步行240米),西城区,116.373812,39.880525,购物服务;便民商店/便利店;7-ELEVEn便利店,便利店,便利店
B000A81K4I,7-ELEVEn(佳汇国际中心店),佳汇中心B座,朝阳区,116.440791,39.928204,购物服务;便民商店/便利店;7-ELEVEn便利店|购物服务;服装鞋帽皮具店;品牌服装店,便利店,便利店
B0I13PO1H3,好邻居便利店(灵境小区店),太仆寺街33号灵境小区,西城区,116.379335,39.914735,购物服务;便民商店/便利店;便民商店/便利店,便利店,便利店
B0FFIVIOJW,便利蜂(光华路SOHO-1期店),光华路22号光华路SOHO-1期F1层110AB,朝阳区,116.452622,39.913090,购物服务;便民商店/便利店;便民商店/便利店,便利店,便利店
B0HU6X61BV,便利蜂(丰汇园小区丰汇时代大厦店),丰汇园11号楼丰汇时代大厦一层商业2-1,西城区,116.364503,39.915809,购物服务;便民商店/便利店;便民商店/便利店,便利店,便利店
B000A8VPNB,7-ELEVEn(北新桥店),东四北大街30号房一层(北新桥地铁站C东南口步行160米),东城区,116.417106,39.939362,购物服务;便民商店/便利店;7-ELEVEn便利店,便利店,便利店
B0FFFOH55F,桂馨斋南横街店,平原里小区北区北门旁,西城区,116.371961,39.883098,购物服务;综合市场;农副产品市场|购物服务;便民商店/便利店;便民商店/便利店|餐饮服务;餐饮相关场所;餐饮相关,便利店,便利店
B0KKLU8T97,雅宝便利店(儿研所店),雅宝路3号,朝阳区,116.438778,39.915725,购物服务;便民商店/便利店;便民商店/便利店,便利店,便利店
B0FFFW5WZ8,LAWSON罗森(金融街店),金城坊街9号商业地下02号部分面积,西城区,116.362618,39.916723,购物服务;便民商店/便利店;便民商店/便利店,便利店,便利店
B0FFJ9TP2U,好邻居便利店(西单店),复兴门内大街45号北平房5号,西城区,116.370503,39.908782,购物服务;便民商店/便利店;便民商店/便利店,便利店,便利店
B0H6LDDLNR,便利蜂(通用国际中心店),永安东里甲3号院1号楼0108号通用国际中心A座,朝阳区,116.450832,39.905166,购物服务;便民商店/便利店;便民商店/便利店,便利店,便利店
B000A84CXT,7-ELEVEn(瑞士公寓店),工体北路66号瑞士公寓2号楼商业109单元,东城区,116.436790,39.932608,购物服务;便民商店/便利店;7-ELEVEn便利店,便利店,便利店
B000A1E31B,北汽宣武门加油站便利店,宣武门西大街2号(宣武门地铁站H西南口步行90米),西城区,116.373162,39.899278,购物服务;便民商店/便利店;便民商店/便利店,便利店,便利店
B0H1J5OQV1,易捷便利店(中国石化景山加油站店),景山后街7号,东城区,116.397418,39.928697,购物服务;便民商店/便利店;便民商店/便利店,便利店,便利店
B0K2PUL89W,7-ELEVEn(陶然亭地铁店),陶然亭路63号1幢1层1-3,西城区,116.375191,39.878750,购物服务;便民商店/便利店;便民商店/便利店,便利店,便利店
B0FFH14IJV,易捷便利店(广渠家园6号楼店),广渠家园6号楼1层(广渠门外地铁站D西南口步行200米),东城区,116.446368,39.893033,购物服务;便民商店/便利店;便民商店/便利店,便利店,便利店
B0FFFYLGM8,7-ELEVEn(东四十条一号店),东四十条甲22号1幢一层A2号,东城区,116.430735,39.932627,购物服务;便民商店/便利店;7-ELEVEn便利店,便利店,便利店
B0JG5ZT4BB,便利蜂(建外SOHO店),东三环中路39号院建外SOHO17号楼1层,朝阳区,116.452715,39.906075,购物服务;便民商店/便利店;便民商店/便利店,便利店,便利店
B0KA7C6WPT,7-ELEVEn(鼓楼东大街店),鼓楼东大街139-2号,东城区,116.402534,39.940967,购物服务;购物相关场所;购物相关场所,便利店,便利店
B0LG9HTMQ3,安心购超市(广渠门外店),广渠家园16号楼底商安心购超市地下一层,东城区,116.448741,39.891864,购物服务;便民商店/便利店;便民商店/便利店,便利店,便利店
B0LGGAY3KT,便利蜂(建外soho西区18号楼店),建外SOHO西区北门西南50米,朝阳区,116.453353,39.906739,购物服务;便民商店/便利店;便民商店/便利店,便利店,便利店
B0KRAP51XJ,安心购超市(雅宝城国际大厦店),朝外市场街日坛北路19号雅宝城国际大厦喆啡酒店入口B楼左拐10米,朝阳区,116.441801,39.918875,购物服务;便民商店/便利店;便民商店/便利店,便利店,便利店
B0KDMDC089,小黑胖子悠品食客,日坛北路17号院2号楼-1层122内1011,朝阳区,116.443219,39.918009,购物服务;购物相关场所;购物相关场所,便利店,便利店
B0KD6BE7CK,全家便利店(永安里东街一店),永安东里16号CBD国际大厦F1层,朝阳区,116.451805,39.904903,购物服务;便民商店/便利店;便民商店/便利店,便利店,便利店
B0FFMBAZAP,便利蜂(润诚中心店),东大桥路12号1幢等2幢1层109号,朝阳区,116.451018,39.915148,购物服务;便民商店/便利店;便民商店/便利店,便利店,便利店
B000A80WCV,好邻居(烟袋斜街店),地安门外大街19号(什刹海地铁站A2西北口步行140米),西城区,116.395825,39.939432,购物服务;便民商店/便利店;便民商店/便利店,便利店,便利店
B000A85CTA,嗨家便利(富瑞大厦店),夕照寺中街14号4号楼富瑞苑大厦112,东城区,116.440568,39.889015,购物服务;便民商店/便利店;便民商店/便利店,便利店,便利店
B0JDKSYA15,RELX悦刻(府右街顺天府超市店),西什库大街31号院8号楼顺天府超市里,西城区,116.379817,39.925736,购物服务;购物相关场所;购物相关场所,便利店,便利店
B0GRH6N0H7,聚点便利店,交道口南大街聚点便利店,东城区,116.408817,39.937714,购物服务;便民商店/便利店;便民商店/便利店,便利店,便利店
B0KKRBQ6KI,7-ELEVEn(东直门内海运仓店),东直门内南小街18号楼-3,东城区,116.426136,39.935509,购物服务;便民商店/便利店;便民商店/便利店,便利店,便利店
B0FFL0YWXJ,金瀛便利店(陶然亭店),四平园小区南2门旁,西城区,116.379021,39.880755,购物服务;综合市场;果品市场,便利店,便利店
B0G2M1ZEYJ,便利蜂(中海紫御公馆店),中海紫御公馆西区北门旁,东城区,116.389340,39.869906,购物服务;便民商店/便利店;便民商店/便利店,便利店,便利店
B000A8WAA3,7-ELEVEn(东直门内大街西口北侧店),东直门内大街277号(北新桥地铁站B东北口步行70米),东城区,116.416945,39.941656,购物服务;便民商店/便利店;7-ELEVEn便利店,便利店,便利店
B0FFL0ZF65,京东便利店(法源寺店),法源寺西里一号楼底商,西城区,116.367640,39.886094,购物服务;便民商店/便利店;便民商店/便利店,便利店,便利店
B0FFIL92L4,便利蜂(SOHO尚都西塔店),东大桥路8号SOHO·尚都西塔F1层1110,朝阳区,116.451718,39.918931,购物服务;便民商店/便利店;便民商店/便利店,便利店,便利店
B0JU49GVRI,77便利店(日坛国际贸易中心A座店),日坛北路17号日坛国际贸易中心A座F1层,朝阳区,116.441676,39.919487,购物服务;便民商店/便利店;便民商店/便利店,便利店,便利店
B0FFHXQB1X,便利店(日坛国际贸易中心B座店),雅宝路17号日坛国际贸易中心B座F1层,朝阳区,116.442075,39.918025,购物服务;便民商店/便利店;便民商店/便利店,便利店,便利店
B0FFF5FAFR,7-ELEVEn(世界财富大厦WWT店),建国门外大街甲6号SK大厦B2层,朝阳区,116.456822,39.907457,购物服务;便民商店/便利店;7-ELEVEn便利店,便利店,便利店
B0FFK58BDT,便利蜂(工体东路13号店),工体东路13号(东大桥地铁站A西北口步行200米),朝阳区,116.449390,39.923408,购物服务;便民商店/便利店;便民商店/便利店,便利店,便利店
B0HAJ45DLO,便利蜂(中汇广场店),东直门南大街11号中汇广场F1层,东城区,116.432663,39.934380,购物服务;便民商店/便利店;便民商店/便利店,便利店,便利店
B0FFM3IK06,富十九便利店,广渠门外大街7号院13号楼负一1层-115,东城区,116.448109,39.894052,购物服务;便民商店/便利店;便民商店/便利店,便利店,便利店
B0I14C8IUG,便利蜂(IFC大厦服务中心店),建国门外大街甲8号IFC大厦服务中心B1层,朝阳区,116.453270,39.907714,购物服务;购物相关场所;购物相关场所,便利店,便利店
B0FFKBCNSI,物美便利店(集团总部大家保险店),建国门外大街6号大家保险集团B座B1层,朝阳区,116.454221,39.907704,购物服务;便民商店/便利店;便民商店/便利店,便利店,便利店
B000A80HPQ,云里飞,什刹海街道白米斜街22号(什刹海地铁站C东南口步行450米),西城区,116.394506,39.934131,购物服务;便民商店/便利店;便民商店/便利店,便利店,便利店
B0KAZBB372,便利蜂(复兴门桥店),复兴门内大街160号(复兴门地铁站D西南口步行70米),西城区,116.357645,39.905724,购物服务;购物相关场所;购物相关场所,便利店,便利店
B0FFKYJN1S,北京市水霞便利店,东四北大街88号(张自忠路地铁站A西北口步行400米),东城区,116.417206,39.936738,购物服务;便民商店/便利店;便民商店/便利店,便利店,便利店
B000A7ZC4A,易捷便利店(太平桥大街店),太平桥大街113号(太平桥地铁站A口步行330米),西城区,116.362727,39.912342,购物服务;便民商店/便利店;便民商店/便利店,便利店,便利店
B0FFK6N5AU,全家便利店(光华东里一店),光华东里8号B1层,朝阳区,116.456614,39.911380,购物服务;便民商店/便利店;便民商店/便利店,便利店,便利店
B0H2F5L24T,7-ELEVEn(91科技大厦店),白广路11号91科技大厦F1层,西城区,116.358732,39.883858,购物服务;便民商店/便利店;7-ELEVEn便利店,便利店,7-11
B0FFF9ZN6P,7-ELEVEn(金台里店),金台里甲19号楼1层,朝阳区,116.477795,39.918003,购物服务;便民商店/便利店;7-ELEVEn便利店,便利店,7-11
B000A8W2YP,7-ELEVEn(沿海赛洛城店),百子湾东里110号楼1层105-a,朝阳区,116.505942,39.899269,购物服务;便民商店/便利店;7-ELEVEn便利店,便利店,7-11
B000A80TQ1,7-ELEVEn(紫铭大厦店),新中街乙12号3号楼1层,东城区,116.441175,39.936627,购物服务;便民商店/便利店;7-ELEVEn便利店,便利店,7-11
B0FFHLGQ6U,7-ELEVEn(金地广场店),建国路91号金地广场B1层B110A(大望路地铁站出入口旁),朝阳区,116.475343,39.909090,购物服务;便民商店/便利店;7-ELEVEn便利店,便利店,7-11
B0H0CUXYC7,7-ELEVEn(兆维工业园A区店),将台路11号(将台地铁站A西北口步行370米),朝阳区,116.492661,39.973722,购物服务;便民商店/便利店;7-ELEVEn便利店,便利店,7-11
B0LD3AHT60,7-ELEVEn(新光明桥店),劲松五区519号楼底商一层1号,朝阳区,116.451065,39.883881,购物服务;便民商店/便利店;便民商店/便利店,便利店,7-11
B0JG4XHDZL,7-ELEVEn(郎家园西路店),建国路93号院万达广场12号楼1-10号,朝阳区,116.471238,39.911161,购物服务;便民商店/便利店;7-ELEVEn便利店,便利店,7-11
B0G19U8Y05,7-ELEVEn(安定门内大街店),安定门内大街189号,东城区,116.408267,39.943827,购物服务;便民商店/便利店;7-ELEVEn便利店,便利店,7-11
B0FFH98ECH,7-ELEVEn(凤凰汇购物中心店),曙光西里甲5号院10号楼-21-1层21D,朝阳区,116.455982,39.963351,购物服务;便民商店/便利店;7-ELEVEn便利店,便利店,7-11
B0FFG9VFMJ,7-ELEVEn(官舍南区店),东方东路19号5号楼1层(亮马桥地铁站B东北口步行170米),朝阳区,116.463969,39.951085,购物服务;便民商店/便利店;7-ELEVEn便利店,便利店,7-11
B000A80O03,7-ELEVEn(富力城店),广渠门外大街北侧富力家园商业7-01,朝阳区,116.458109,39.897479,购物服务;便民商店/便利店;7-ELEVEn便利店,便利店,7-11
B0LGBH1154,7-11便利店(大红罗厂街店),大红罗厂街与西什库大街交叉口西南20米,西城区,116.379711,39.927612,购物服务;超级市场;超市,便利店,7-11
B0G2AC4PQ9,7-ELEVEn(花园东路店),牡丹园西里11-16号部分用房,海淀区,116.370273,39.979263,购物服务;便民商店/便利店;7-ELEVEn便利店,便利店,7-11
B0FFGXE9I8,7-ELEVEn(苹果社区店),百子湾路32号院2号楼1层201号,朝阳区,116.471356,39.900081,购物服务;便民商店/便利店;7-ELEVEn便利店,便利店,7-11
B0HBX7RIR0,7-ELEVEn(建国路西南侧店),建国门外大街辅路国贸地铁站C口内,朝阳区,116.460258,39.907411,购物服务;便民商店/便利店;7-ELEVEn便利店,便利店,7-11
B0FFKSHDIR,7-ELEVEn(紫檀大厦店),建国路27号院1号院101内1层03单元,朝阳区,116.541433,39.912064,购物服务;便民商店/便利店;7-ELEVEn便利店,便利店,7-11
B000AA0KZO,7-ELEVEn(清芷园店),育新街47号清芷园12号楼1层009号,西城区,116.373046,39.875714,购物服务;便民商店/便利店;7-ELEVEn便利店,便利店,7-11
B0HRL712G4,7-ELEVEn(蒲芳路店),GOGO新世代(蒲黄榆地铁站E西北口旁),丰台区,116.422153,39.866702,购物服务;便民商店/便利店;7-ELEVEn便利店,便利店,7-11
B0FFGDWVKV,7-ELEVEn(元嘉国际公寓-写字楼店),东中街9号北一层RA1H,东城区,116.436760,39.936362,购物服务;便民商店/便利店;7-ELEVEn便利店,便利店,7-11
B0JK5HELSK,7-ELEVEn(景泰地铁店),安乐林路16号院1号楼204商铺(景泰地铁站D西南口旁),东城区,116.409693,39.864881,购物服务;便民商店/便利店;便民商店/便利店,便利店,7-11
B0FFGWGVHN,7-ELEVEn(国英1号店),西直门南小街国英园1号楼1层104,西城区,116.358829,39.936302,购物服务;便民商店/便利店;7-ELEVEn便利店,便利店,7-11
B0G12MKVQ6,7-ELEVEn(光彩路店),赵公口光彩路18号,丰台区,116.414008,39.854685,购物服务;便民商店/便利店;7-ELEVEn便利店,便利店,7-11
B0H12Z72A9,7-ELEVEn(凯德晶品店),复兴路51号1幢1层1001-37,海淀区,116.298386,39.908559,购物服务;便民商店/便利店;7-ELEVEn便利店,便利店,7-11
B0FFJDWMIV,7-ELEVEn(华茂中心店),北京城区建国路81号-1层B106,朝阳区,116.479917,39.909247,购物服务;便民商店/便利店;便民商店/便利店,便利店,7-11
B0K3O5TAWU,7-ELEVEn(沙子口店),北京城区沙子口路8-14号(永定门外地铁站E东南口步行220米),东城区,116.401354,39.865395,购物服务;便民商店/便利店;便民商店/便利店,便利店,7-11
B000A8VS8T,7-ELEVEn(花家地店),花家地1号楼1层101,朝阳区,116.468373,39.985310,购物服务;便民商店/便利店;7-ELEVEn便利店|购物服务;专卖店;烟酒专卖店,便利店,7-11
B0LGPYCC3W,7-ELEVEn(珠江骏景店),珠江骏景北区29号楼1层101底商,丰台区,116.395909,39.854281,购物服务;便民商店/便利店;便民商店/便利店,便利店,7-11
B0FFG1FVOJ,7-ELEVEn(朗琴国际店),广安门外大街168号1幢107号,西城区,116.342042,39.888911,购物服务;便民商店/便利店;7-ELEVEn便利店,便利店,7-11
B000AA0QWD,7-ELEVEn(七圣路东北角店),西坝河西里23号4号楼1层,朝阳区,116.436373,39.968815,购物服务;便民商店/便利店;7-ELEVEn便利店,便利店,7-11
B000A8VYS2,7-ELEVEn(八里庄店),八里庄南里26号1幢1层(十里堡地铁站D西南口旁),朝阳区,116.500941,39.922494,购物服务;便民商店/便利店;7-ELEVEn便利店,便利店,7-11
B0HU1CBR48,7-ELEVEn(文兴西街店),车公庄大街21号院2号,西城区,116.336990,39.933105,购物服务;便民商店/便利店;7-ELEVEn便利店,便利店,7-11
B0HR5K9D4Y,7-ELEVEn(双天大厦店),北三环西路甲30-1号,海淀区,116.330138,39.967057,购物服务;便民商店/便利店;7-ELEVEn便利店,便利店,7-11
B0H2PSNRRW,7-ELEVEn(颐堤港店),酒仙桥路18号颐堤港LG层LG-11(将台地铁站出入口旁),朝阳区,116.490377,39.970280,购物服务;便民商店/便利店;7-ELEVEn便利店,便利店,7-11
B0JKDU5H76,7-ELEVEn(芳城园店),芳城园二区15号楼北侧千跃停车一层,丰台区,116.433536,39.866890,购物服务;便民商店/便利店;7-ELEVEn便利店,便利店,7-11
B0KD9HGVW7,7-ELEVEn(垡头地铁站店),翠成馨园105号楼111号底商(垡头地铁站C东南口旁),朝阳区,116.511452,39.860457,购物服务;便民商店/便利店;7-ELEVEn便利店,便利店,7-11
B0FFL1RAZC,7-ELEVEn(国贸商城店),建国门外大街1号国贸商城中区东段B1层NB1038,朝阳区,116.460261,39.911477,购物服务;便民商店/便利店;7-ELEVEn便利店,便利店,7-11
B0IALHWO1S,7-ELEVEn(西大望路店),西大望路36号底商(平乐园地铁站D西南口步行150米),朝阳区,116.476998,39.885333,购物服务;便民商店/便利店;7-ELEVEn便利店,便利店,7-11
B000A845IG,7-ELEVEn(新源里店),新源里16号世方豪庭二期1层1座0103号(琨莎中心),朝阳区,116.450591,39.948157,购物服务;便民商店/便利店;7-ELEVEn便利店,便利店,7-11
B0GRO62DNG,7-ELEVEn(后现代城店),百子湾路16号后现代城A区18号楼112-114号房,朝阳区,116.486597,39.899280,购物服务;便民商店/便利店;7-ELEVEn便利店,便利店,7-11
B0FFGEGH0O,7-ELEVEn(航天桥店),阜成路北三街13号,海淀区,116.316405,39.925772,购物服务;便民商店/便利店;7-ELEVEn便利店,便利店,7-11
B0LDH7JMPD,7-ELEVEn(翠微印象城店),翠微路12号印象城(翠微店)L1层,海淀区,116.303055,39.912463,购物服务;便民商店/便利店;7-ELEVEn便利店,便利店,7-11
B000A8W8M4,7-ELEVEn(北京和平里中街西口店),和平里中街19号2号楼1层(自东向西第2间),东城区,116.420567,39.957436,购物服务;便民商店/便利店;7-ELEVEn便利店,便利店,7-11
B0KAZBCSYB,7-ELEVEn(物华大厦店),车公庄大街物华大厦1层(车公庄地铁站H西南口步行130米),西城区,116.352810,39.931908,购物服务;便民商店/便利店;便民商店/便利店,便利店,7-11
B000A8VX3B,7-ELEVEn(乐成中心SPACE3店),东三环中路55号楼负1层01室(双井地铁站E口旁),朝阳区,116.462423,39.894722,购物服务;便民商店/便利店;7-ELEVEn便利店,便利店,7-11
B000A7OB6C,7-ELEVEn(东直门店),东直门内大街5号(东直门地铁站A西北口步行320米),东城区,116.430455,39.941394,购物服务;便民商店/便利店;7-ELEVEn便利店,便利店,7-11
B0FFIRH8AA,7-ELEVEn(北新仓社区店),东直门内大街4号(东直门地铁站D西南口步行270米),东城区,116.430585,39.940701,购物服务;便民商店/便利店;7-ELEVEn便利店,便利店,7-11
B0KR1CQ759,7-ELEVEn(四川大厦店),阜成门地铁站A西北口旁,西城区,116.354800,39.923972,购物服务;便民商店/便利店;便民商店/便利店,便利店,7-11
B0LDAUFCL4,7-ELEVEn(西便门外大街店),真武庙东一巷1-2号(南礼士路地铁站D2西南口步行50米),西城区,116.352384,39.906606,购物服务;便民商店/便利店;7-ELEVEn便利店,便利店,7-11
B0FFKBNZQX,7-ELEVEn(远洋新干线店),霞光里66号院1号楼1层商业A05,朝阳区,116.459792,39.957076,购物服务;便民商店/便利店;7-ELEVEn便利店,便利店,7-11
B0HUTSYC7J,7-ELEVEn(劲松桥东南侧店),农光里109号楼1层底商(地铁10号线劲松站C东北口步行340米),朝阳区,116.465462,39.884078,购物服务;便民商店/便利店;7-ELEVEn便利店,便利店,7-11
B000A87FKX,7-ELEVEn(大柳树店),大柳树路15号院1号楼1层101-2新开,海淀区,116.335246,39.954760,购物服务;便民商店/便利店;7-ELEVEn便利店,便利店,7-11
B000A85OOI,7-ELEVEn(安贞里店),安贞里三区26号楼1层,朝阳区,116.402476,39.969505,购物服务;便民商店/便利店;7-ELEVEn便利店,便利店,7-11
B0FFLCLHZJ,7-ELEVEn(主语家园店),主语家园17号楼1层110,海淀区,116.323520,39.932836,购物服务;便民商店/便利店;7-ELEVEn便利店,便利店,7-11
B000AAFA71,7-ELEVEn(紫芳园四区店),紫芳园四区3号楼1-10号房一层,丰台区,116.439756,39.862225,购物服务;便民商店/便利店;7-ELEVEn便利店,便利店,7-11
B0K2OL5U2B,7-ELEVEn(定慧寺店),八里庄61号院6号楼1层105号,海淀区,116.277907,39.928940,购物服务;便民商店/便利店;7-ELEVEn便利店,便利店,7-11
B000A7C643,7-ELEVEn(富顿中心店),东三环路劲松桥东侧沙板庄富顿中心C座一单元7号房,朝阳区,116.462874,39.884825,购物服务;便民商店/便利店;7-ELEVEn便利店,便利店,7-11
B0FFL6PZVF,7-ELEVEn(旧鼓楼外大街店),旧鼓楼外大街38号(安德里北街地铁站D西南口步行460米),东城区,116.393822,39.953279,购物服务;便民商店/便利店;7-ELEVEn便利店,便利店,7-11
B000A80G0D,7-ELEVEn(东三环白家庄路店),白家庄路1号爱丁堡A1商住楼106号,朝阳区,116.459627,39.928840,购物服务;便民商店/便利店;7-ELEVEn便利店,便利店,7-11
B0K2K5XAK3,7-ELEVEn(知春路店),知春路48号一层21号(知春路地铁站B南口步行110米),海淀区,116.338632,39.976105,购物服务;便民商店/便利店;7-ELEVEn便利店,便利店,7-11
B000A7Z4D6,7-ELEVEn(朝外大街一号店),朝阳门外大街乙6号朝外SOHO1层,朝阳区,116.454749,39.920302,购物服务;便民商店/便利店;7-ELEVEn便利店,便利店,7-11
B000A85OVA,7-ELEVEn(瑞辰国际中心店),农展馆南路13号瑞辰国际中心地上商业街1层5号,朝阳区,116.467019,39.934560,购物服务;便民商店/便利店;7-ELEVEn便利店,便利店,7-11
B0K13XAPTM,7-ELEVEn(团结湖东里店),团结湖路16号,朝阳区,116.467787,39.929344,购物服务;购物相关场所;购物相关场所,便利店,7-11
B0FFIBN7GY,7-ELEVEn(农光里店),农光里201号楼1层10室底商,朝阳区,116.467379,39.881440,购物服务;便民商店/便利店;便民商店/便利店,便利店,7-11
B000A7CH77,7-ELEVEn(摩码大厦店),朝阳北路199号摩码大厦1层101号,朝阳区,116.472628,39.923592,购物服务;便民商店/便利店;7-ELEVEn便利店,便利店,7-11
B0JDM52FDH,7-ELEVEN(慧忠北路店),慧忠里123号楼,朝阳区,116.406534,39.998918,购物服务;便民商店/便利店;7-ELEVEn便利店,便利店,7-11
B0FFGK3AVZ,7-ELEVEn(十里河桥北店),左安门外左安路东口路北A座1层52-23,朝阳区,116.458085,39.866830,购物服务;便民商店/便利店;7-ELEVEn便利店,便利店,7-11
B0I1GPVC24,7-ELEVEn(浩鸿园店),浩鸿园(柳芳地铁站B东口旁),朝阳区,116.433099,39.958416,购物服务;购物相关场所;购物相关场所,便利店,7-11
B000A87NMR,7-ELEVEn(弯里中心店),金蝉欢乐园2号院甲1号楼1层,朝阳区,116.500688,39.865079,购物服务;便民商店/便利店;7-ELEVEn便利店,便利店,7-11
B000A84DB0,7-ELEVEn(惠新西街店),惠新西街23号6号房,朝阳区,116.417075,39.981842,购物服务;便民商店/便利店;7-ELEVEn便利店,便利店,7-11
B0FFG74XGP,7-ELEVEn(牡丹园店),北土城西路牡丹商业街一层140室,海淀区,116.368078,39.976886,购物服务;便民商店/便利店;7-ELEVEn便利店,便利店,7-11
B0FFJKF9IA,7-ELEVEn(华源一里店),配套商业太平桥路15号一层178,丰台区,116.317253,39.880201,购物服务;便民商店/便利店;7-ELEVEn便利店,便利店,7-11
B0HR35C4Y8,7-ELEVEn(财经大学店),古绛镇,海淀区,116.341863,39.957659,购物服务;便民商店/便利店;7-ELEVEn便利店,便利店,7-11
B000A845ID,7-ELEVEn(北京和平西街小黄庄路店),和平西街小黄庄路1号(和平西桥地铁站C东南口步行310米),朝阳区,116.417582,39.965166,购物服务;便民商店/便利店;7-ELEVEn便利店,便利店,7-11
B000A7OB67,7-ELEVEn(外馆斜街店),安定门外外馆斜街甲1号泰利明苑写字楼1层,朝阳区,116.405251,39.962294,购物服务;便民商店/便利店;7-ELEVEn便利店,便利店,7-11
B000A7CK6D,7-ELEVEn(国门大厦店),静安东街左家庄1号国门大厦B座1层,朝阳区,116.448606,39.958926,购物服务;便民商店/便利店;7-ELEVEn便利店,便利店,7-11
B0HDZ71M7Y,7-ELEVEn(复兴门外大街店),复兴门外大街甲3-5号(南礼士路地铁站A西北口步行100米),西城区,116.351767,39.907759,购物服务;便民商店/便利店;7-ELEVEn便利店,便利店,7-11
B0FFG2UPIF,7ELEVEn金桐东路店,关东店8号2幢一层2-2内101,朝阳区,116.457414,39.916958,购物服务;便民商店/便利店;7-ELEVEn便利店,便利店,7-11
B0J0FDSAU3,7-ELEVEn(和平街十五区店),青年沟路与太阳宫桥交叉口南380米,朝阳区,116.431295,39.965662,购物服务;便民商店/便利店;7-ELEVEn便利店,便利店,7-11
B0FFIA7V5B,7-ELEVEn(西大望南路店),西大望南路周庄嘉园D区1号商业楼8-1号,朝阳区,116.477688,39.865009,购物服务;便民商店/便利店;7-ELEVEn便利店,便利店,7-11
B0HUBXIOZ3,7-ELEVEn(航空科技大厦店),北京市北京市朝阳区(北苑路北地铁站A1西南口步行460米),朝阳区,116.419029,40.026984,购物服务;便民商店/便利店;7-ELEVEn便利店,便利店,7-11
B0FFIRCMD9,7-ELEVEn(西土城店),蓟门壹号大厦(西土城地铁站D西南口步行210米),海淀区,116.352570,39.973881,购物服务;便民商店/便利店;7-ELEVEn便利店,便利店,7-11
B000A8X7N0,7-ELEVEn(万通金融中心店),阜成门外大街2号1层S1035、S1036、S1037号(顺天府入口旁边),西城区,116.353989,39.922753,购物服务;便民商店/便利店;7-ELEVEn便利店,便利店,7-11
B0J6ADXIAF,7-ELEVEn(南礼士路店),南礼士路三条与南礼士路交叉口西北20米,西城区,116.352465,39.912392,购物服务;便民商店/便利店;7-ELEVEn便利店,便利店,7-11
B0KAL4AURE,7-ELEVEn(复星国际中心店),朝阳北路237号复星国际中心F1层,朝阳区,116.455815,39.924114,购物服务;便民商店/便利店;便民商店/便利店,便利店,7-11
B0FFIN9UA0,7-ELEVEn(白家庄东里店),白家庄东里23号锦湖园公寓C座商业01层车场底商,朝阳区,116.464216,39.928301,购物服务;便民商店/便利店;7-ELEVEn便利店,便利店,7-11
B0FFH0U99J,7-ELEVEn(SOLANA蓝色港湾店),朝阳公园路6号SOLANA蓝色港湾1F层,朝阳区,116.476991,39.950039,购物服务;便民商店/便利店;7-ELEVEn便利店,便利店,7-11
B0FFKPHGRF,7-ELEVEn(红莲南路店),红莲南路6号院1号楼1层0105,西城区,116.339422,39.877119,购物服务;便民商店/便利店;7-ELEVEn便利店,便利店,7-11
B0FFKG5J8H,7-ELEVEn(马连道路店),马连道路(湾子地铁站D西南口步行170米),西城区,116.326662,39.888314,购物服务;便民商店/便利店;7-ELEVEn便利店,便利店,7-11
B000A9PX7U,7-ELEVEn(太阳宫凯德MALL店)(装修中),北京城区太阳宫中路12号楼1层101内07-08号,朝阳区,116.448400,39.971066,购物服务;便民商店/便利店;7-ELEVEn便利店,便利店,7-11
B0G35ZU2VS,7-ELEVEn(东润时代大厦店),阜成门外大街3号(阜成门地铁站A西北口步行230米),西城区,116.352304,39.923856,购物服务;便民商店/便利店;7-ELEVEn便利店,便利店,7-11
B0FFHU8RVK,7-ELEVEn(金贸广场店)(暂停营业),金茂大厦西直门外大街18号楼1单元102号02C,西城区,116.348622,39.938570,购物服务;便民商店/便利店;7-ELEVEn便利店,便利店,7-11
B0L1345MXM,7-ELEVEn(景山财富中心店),北京城区古城西路113号,石景山区,116.178625,39.914775,购物服务;便民商店/便利店;便民商店/便利店,便利店,7-11
B0L2J57IT2,7-ELEVEn(能+中心富地店),北京城区1层105,海淀区,116.315399,40.042803,购物服务;便民商店/便利店;便民商店/便利店,便利店,7-11
B0L1P18AR0,7-ELEVEn(北京金茂府店),北京城区石榴庄一街7号院8号楼1层103,丰台区,116.428660,39.843390,购物服务;便民商店/便利店;便民商店/便利店,便利店,7-11
B0K11440V3,7-ELEVEn(北投购物公园店),北投购物公园东A门B1潮街近安贞门地铁站A口通道,朝阳区,116.405085,39.978765,购物服务;便民商店/便利店;便民商店/便利店,便利店,7-11
B0J34LPN0N,7-ELEVEn(金海国际店),金海国际南区(百子湾地铁站A2西北口步行360米),朝阳区,116.494162,39.894604,购物服务;便民商店/便利店;7-ELEVEn便利店,便利店,7-11
B0GRNLDJD8,7-ELEVEn(中国地震局地质研究所店),华严里甲1号院12幢等9幢内2幢1层01室,朝阳区,116.381920,39.977141,购物服务;便民商店/便利店;7-ELEVEn便利店,便利店,7-11
B000A7Z5FU,7-ELEVEn(北京麦子店枣营北里店),枣营北里15号宾都苑公寓106A,朝阳区,116.471499,39.945172,购物服务;便民商店/便利店;7-ELEVEn便利店,便利店,7-11
B000A87FK1,7-ELEVEn(北京安贞桔子水晶酒店店),北三环安贞桥胜古南里甲34号安贞桥东北角,朝阳区,116.411854,39.968643,购物服务;便民商店/便利店;7-ELEVEn便利店,便利店,7-11
B0KUMS4459,7-ELEVEn(百湾家园店),荣安街12号院燕保百湾家园3号楼底商一层3-11号,朝阳区,116.505523,39.890402,购物服务;便民商店/便利店;7-ELEVEn便利店,便利店,7-11
B0FFGXE8XL,7-ELEVEn(小马厂路北侧店),小马厂路1号院4号楼1层101-3,西城区,116.340124,39.892571,购物服务;便民商店/便利店;7-ELEVEn便利店,便利店,7-11
B0G09LRNPC,7-ELEVEn(国美第一城店),青年路西里2号院6号楼1层102-01,朝阳区,116.513236,39.933291,购物服务;便民商店/便利店;7-ELEVEn便利店,便利店,7-11
B000A85N8M,7-ELEVEn(甜水园街南口店),甜水园东街10号4栋4-5号商铺,朝阳区,116.478473,39.923531,购物服务;便民商店/便利店;7-ELEVEn便利店,便利店,7-11
B0KK3BO3FQ,7-ELEVEn(弘善家园店),弘善家园404号楼1层101室03,朝阳区,116.450567,39.870732,购物服务;便民商店/便利店;7-ELEVEn便利店,便利店,7-11
B0FFKSXLPT,7-ELEVEn(马家堡东路店),马家堡东路101号院1号楼1层1-4N,丰台区,116.383750,39.845130,购物服务;便民商店/便利店;7-ELEVEn便利店,便利店,7-11
B0FFFA8PII,7-ELEVEn(羊坊店),羊坊店路3号2幢1层3-4号,海淀区,116.320889,39.905434,购物服务;便民商店/便利店;7-ELEVEn便利店,便利店,7-11
B0FFKZ21OB,7-ELEVEn(镇国寺北街二号店),草桥东路14号楼1层商业I号,丰台区,116.360017,39.846114,购物服务;便民商店/便利店;7-ELEVEn便利店,便利店,7-11
B000A9Q0A8,7-ELEVEn(金地·名京店),力源里北街2号院4号楼116A(四惠地铁站E北口步行70米),朝阳区,116.495903,39.909320,购物服务;便民商店/便利店;7-ELEVEn便利店,便利店,7-11
B0FFJD0YT9,7-ELEVEn(枫蓝国际购物中心店),北太平庄街道枫蓝国际B座底商,海淀区,116.357232,39.953000,购物服务;便民商店/便利店;7-ELEVEn便利店,便利店,7-11
B0FFH9Y636,7-ELEVEn(北土城东路北侧店),北土城东路芍药居2号院甲1号楼一层,朝阳区,116.433155,39.977445,购物服务;便民商店/便利店;7-ELEVEn便利店,便利店,7-11
B0FFIU5ZED,7-ELEVEn(麦子店二号店),麦子店街37号一层110号(盛福大厦一层),朝阳区,116.465007,39.947110,购物服务;便民商店/便利店;7-ELEVEn便利店,便利店,7-11
B0JGY4VQTM,7-ELEVEn(交大东路31号院店),交大东路31号院,海淀区,116.348350,39.949633,购物服务;便民商店/便利店;便民商店/便利店,便利店,7-11
B0H10ZTBVC,7-ELEVEn(华润时代中心店),建国路35号华润时代中心F1层,朝阳区,116.522095,39.909204,购物服务;便民商店/便利店;7-ELEVEn便利店,便利店,7-11
B0FFGIT7K7,7-ELEVEn(朝阳大悦城店),朝阳北路101号朝阳大悦城1F层1F-Z19,朝阳区,116.519700,39.924249,购物服务;便民商店/便利店;7-ELEVEn便利店,便利店,7-11
B0FFFLIT73,7-ELEVEn(北京朝阳弘燕桥西侧店),弘燕东路山水文园4号楼商业07号A22号,朝阳区,116.483113,39.867527,购物服务;便民商店/便利店;7-ELEVEn便利店,便利店,7-11
B0HG0O4LJP,7-ELEVEn(凯德·汇新店),住邦2000商务中心2号楼,朝阳区,116.494161,39.916184,购物服务;购物相关场所;购物相关场所,便利店,7-11
B0HUDML4O2,7-ELEVEn(红居街店),广安门外大街红居街远名苑4号楼底商,西城区,116.339556,39.885928,购物服务;便民商店/便利店;7-ELEVEn便利店,便利店,7-11
B0FFIV6QWU,7-ELEVEn(海淀店),西三环北路87号4层404,海淀区,116.309182,39.935360,购物服务;便民商店/便利店;7-ELEVEn便利店,便利店,7-11
B0FFJ7VVMF,7-ELEVEn(北沙滩店),北沙滩一号院大屯路33-3号,朝阳区,116.373744,40.001900,购物服务;便民商店/便利店;7-ELEVEn便利店,便利店,7-11
B0FFKOQNG3,7-ELEVEn(广源大厦店),广源闸路与紫竹桥交叉口北50米,海淀区,116.311743,39.942904,购物服务;便民商店/便利店;7-ELEVEn便利店,便利店,7-11
B0FFKYZ33H,7-ELEVEn(朝阳区成寿寺店),成寿寺路136号院3号楼1层109,朝阳区,116.447491,39.843779,购物服务;便民商店/便利店;7-ELEVEn便利店,便利店,7-11
B0JRYA8XIW,7-ELEVEn(政馨园店),政馨园3区5-6号楼1层西侧,丰台区,116.430930,39.845530,购物服务;便民商店/便利店;7-ELEVEn便利店,便利店,7-11
B000AA0LMQ,7-ELEVEn(马连道南街店),马连道南街2号院8号楼1层,西城区,116.329380,39.884407,购物服务;便民商店/便利店;7-ELEVEn便利店,便利店,7-11
B0J177JNNQ,7-ELEVEn(角门西里晨光小区店),马家堡街道办事处角门北路晨光小区16-20号-9,丰台区,116.374698,39.850385,购物服务;便民商店/便利店;便民商店/便利店,便利店,7-11
B000A845HW,7-ELEVEn(远洋国际中心店),东四环中路60号远洋国际中心C座107室,朝阳区,116.491209,39.913675,购物服务;便民商店/便利店;7-ELEVEn便利店,便利店,7-11
B0J1253WZ2,7-ELEVEn(四惠大厦店),高碑店乡半壁店村惠河南街1069号2号楼1层102室内,朝阳区,116.515505,39.905781,购物服务;便民商店/便利店;便民商店/便利店,便利店,7-11
B0FFF9ZNYW,7-ELEVEn(麦子店街一号店),麦子店街36号1层1-3号103A(龙宝大厦一层),朝阳区,116.468477,39.947808,购物服务;便民商店/便利店;7-ELEVEn便利店,便利店,7-11
B0L1CL6CGC,7-ELEVEn(石佛营东里店),石佛营路与石佛营中街交叉口东南40米,朝阳区,116.502290,39.933698,购物服务;超级市场;超市,便利店,7-11
B0FFHUK4XT,7-ELEVEn(阳光上东滨河花园上东商业店),东四环北路6号一区15号楼1层1-18、1-19,朝阳区,116.480835,39.966908,购物服务;便民商店/便利店;7-ELEVEn便利店,便利店,7-11
B0KAN5SO8M,7-ELEVEn(彰化路店),彰化路5号楼一层5-18,海淀区,116.292201,39.942449,购物服务;便民商店/便利店;7-ELEVEn便利店,便利店,7-11
B0G3FUKIE0,7-ELEVEn(润枫水尚店),青年路西里5号院16号楼1层101内01号商铺,朝阳区,116.516816,39.926331,购物服务;便民商店/便利店;7-ELEVEn便利店,便利店,7-11
B0FFF0G6QK,7-ELEVEn(天鹅湾商务特区店),雅成二里22号楼1层122号,朝阳区,116.521203,39.921674,购物服务;便民商店/便利店;7-ELEVEn便利店,便利店,7-11
B0FFJZKYII,7-ELEVEn(知春嘉园店),知春路17号商业车库一层005,海淀区,116.347560,39.976798,购物服务;便民商店/便利店;7-ELEVEn便利店,便利店,7-11
B0IDTC2NIO,7-ELEVEn(福润四季店),和敬路4号院11号楼,朝阳区,116.579454,39.958469,购物服务;便民商店/便利店;7-ELEVEn便利店,便利店,7-11
B0HROAIA24,7-ELEVEn(芍药居北里店),芍药居320号楼-14,朝阳区,116.431237,39.986891,购物服务;便民商店/便利店;7-ELEVEn便利店,便利店,7-11
B0IB37CV8I,7-ELEVEn(果园地铁店),北苑南路44-31号(果园地铁站A东北口步行20米),通州区,116.648348,39.893560,购物服务;便民商店/便利店;7-ELEVEn便利店,便利店,7-11
B0HDF5HUAI,7-ELEVEn(东1时区店),双桥东路与塔营街交叉路口往东约50米(东1时区西侧)万豪购物生活广场F1层,朝阳区,116.603284,39.899119,购物服务;便民商店/便利店;7-ELEVEn便利店,便利店,7-11
B0FFIITPRI,7-ELEVEn(龙头公寓店),南新园西路龙头公寓3号楼,朝阳区,116.464629,39.868199,购物服务;便民商店/便利店;7-ELEVEn便利店,便利店,7-11
B000A80TQ0,7-ELEVEn(洲际大厦店),安德路地兴居9号洲际大厦B座1层,东城区,116.399028,39.951348,购物服务;便民商店/便利店;7-ELEVEn便利店,便利店,7-11
B0HRL72WR8,7-ELEVEn(南场东街店),南场东街德贤公馆,大兴区,116.430677,39.819528,购物服务;便民商店/便利店;7-ELEVEn便利店,便利店,7-11
B0K3C44YRU,7-ELEVEn(望京SOHO店),望京街10号望京SOHOF2层,朝阳区,116.479875,39.996575,购物服务;超级市场;超市,便利店,7-11
B0L2JS6GQD,7-ELEVEn(首经贸店),北京城区首经贸中街8号01层101-005号,丰台区,116.321100,39.840777,购物服务;便民商店/便利店;便民商店/便利店,便利店,7-11
B0JR3S978E,7-ELEVEn(远洋时代广场店),玉泉路90号,石景山区,116.252419,39.901590,购物服务;便民商店/便利店;7-ELEVEn便利店,便利店,7-11
B000A9JWFD,7-ELEVEn(来广营西路店),来广营西路5号院1号楼1层105号房,朝阳区,116.466023,40.021619,购物服务;便民商店/便利店;7-ELEVEn便利店,便利店,7-11
B000A84I5F,7-ELEVEn(望京万象汇店),广顺北大街16号望京华彩商业中心3号楼A100号,朝阳区,116.468145,40.010566,购物服务;便民商店/便利店;7-ELEVEn便利店|购物服务;服装鞋帽皮具店;品牌服装店,便利店,7-11
B0H12CA4TM,7-ELEVEn(林肯公园店),经济技术开发区文化园西路8号院39号楼1层102-1,大兴区,116.492509,39.806800,购物服务;便民商店/便利店;7-ELEVEn便利店,便利店,7-11
B0HA6OF1U6,7-ELEVEn(利锦府店),东坝中街东坝利锦府南门1层商户,朝阳区,116.548677,39.965968,购物服务;便民商店/便利店;7-ELEVEn便利店,便利店,7-11
B0KKRBLKHT,7-ELEVEn(田村店),田村路43号8号楼1层底商101号,海淀区,116.256061,39.929706,购物服务;购物相关场所;购物相关场所,便利店,7-11
B0FFKPW1P0,7-ELEVEn(西二旗西路店),西二旗铭科苑北侧三角地内A12,海淀区,116.312744,40.052170,购物服务;便民商店/便利店;7-ELEVEn便利店,便利店,7-11
B0FFH0HTL0,7-ELEVEn(南湖南路店),南湖南路16号院4-103,朝阳区,116.463354,39.991525,购物服务;便民商店/便利店;7-ELEVEn便利店,便利店,7-11
B0FFKRN15P,7-ELEVEn(永泰园店),永泰园甲13号1层,海淀区,116.350261,40.034930,购物服务;便民商店/便利店;7-ELEVEn便利店,便利店,7-11
B0J2UHV6UN,7-ELEVEn(外国语大学东校区东门店),民族大学西路8号院1号楼一层105,海淀区,116.317583,39.955426,购物服务;便民商店/便利店;便民商店/便利店,便利店,7-11
B0JALS87HJ,7-ELEVEn(月坛南街37号院店),月坛南街37号月坛南街37号院,西城区,116.346975,39.914150,购物服务;便民商店/便利店;便民商店/便利店,便利店,7-11
B0JAL59WK0,7-ELEVEn(盛鑫嘉园店),丰管路5号盛鑫嘉园(泥洼地铁站A2西北口步行210米),丰台区,116.303026,39.858101,购物服务;超级市场;超市,便利店,7-11
B0LAYRW8Y4,7-ELEVEn(鸿博家园店),鸿博家园二期C区3号楼底商,朝阳区,116.466474,39.828874,购物服务;便民商店/便利店;便民商店/便利店,便利店,7-11
B0FFI1TE4G,7-ELEVEn(安立路店),15号线安立路地铁站西南D口洛克时代1层,朝阳区,116.406604,40.002234,购物服务;便民商店/便利店;7-ELEVEn便利店,便利店,7-11
B0IATPKEGE,7-ELEVEn(银座mall店),东直门外大街48号东方银座B座一层,东城区,116.434956,39.939698,购物服务;便民商店/便利店;7-ELEVEn便利店,便利店,7-11
B0FFHSRAPL,7-ELEVEn(金盟大厦店),亚运村小营路17号金盟大厦,朝阳区,116.423796,39.992177,购物服务;便民商店/便利店;7-ELEVEn便利店,便利店,7-11
B000AAFC41,7-ELEVEn(财满街财经中心店),朝阳路67号9号楼142-143号,朝阳区,116.535485,39.917048,购物服务;便民商店/便利店;7-ELEVEn便利店,便利店,7-11
B0FFKT1C5J,7-ELEVEn(燕沙·后店),南十里居48号院4号楼1层106,朝阳区,116.498854,39.958930,购物服务;便民商店/便利店;7-ELEVEn便利店,便利店,7-11
B0JR7ZDMQ7,7-ELEVEn(玖耀里店),路松街51号院3号楼1层113号-1,昌平区,116.287901,40.147458,购物服务;便民商店/便利店;便民商店/便利店,便利店,7-11
B0FFKSCYVA,7-ELEVEn(民族园店),民族园路2号3幢丰宝恒大厦一层,朝阳区,116.390802,39.979400,购物服务;便民商店/便利店;7-ELEVEn便利店,便利店,7-11
B000A7YZVL,7-ELEVEn(新科祥园店),科学院南路21号新科祥园甲四号1层03单元,海淀区,116.324486,39.982745,购物服务;便民商店/便利店;7-ELEVEn便利店,便利店,7-11
B0LR2752X9,7-ELEVEn(旧宫东西大街店),旧宫镇商业街东路68号1层101,大兴区,116.447906,39.805523,购物服务;便民商店/便利店;便民商店/便利店,便利店,7-11
B0FFHS60YN,7-ELEVEn(云景东路西侧店),云景东路9号2-1-C(梨园地铁站B西南口步行410米),通州区,116.666286,39.882056,购物服务;便民商店/便利店;7-ELEVEn便利店,便利店,7-11
B0JDS7SWXK,7-ELEVEn(南竺园一区店),南竺园一区乙1号楼1层01,顺义区,116.592935,40.043120,购物服务;便民商店/便利店;便民商店/便利店,便利店,7-11
B0KKSHR42R,7-ELEVEn(信德园店),信德园4号楼底商,西城区,116.346599,39.877102,购物服务;便民商店/便利店;7-ELEVEn便利店,便利店,7-11
B0L3ZO11SH,7-ELEVEn(星地中心店),北京城区酒仙桥北路乙十号院,朝阳区,116.503064,39.985728,购物服务;服装鞋帽皮具店;服装鞋帽皮具店,便利店,7-11
B0HG0AXQ1W,7-ELEVEn(樊羊路店),樊羊路68号院15号楼1层(白盆窑地铁站B口步行180米),丰台区,116.313851,39.819806,购物服务;便民商店/便利店;7-ELEVEn便利店,便利店,7-11
B0FFG58UML,7-ELEVEn(北京苏州桥东北角店),万泉河苏州街76号大洋服装市场,海淀区,116.308176,39.964975,购物服务;便民商店/便利店;7-ELEVEn便利店,便利店,7-11
B0JU9S6QJL,7-ELEVEn(林奥CITY PARK购物中心店),清林路4号院林奥嘉园11号楼底商,朝阳区,116.408641,40.033208,购物服务;便民商店/便利店;7-ELEVEn便利店,便利店,7-11
B0JARA3B01,7-ELEVEn(北太平路店),北太平路18号院102号,海淀区,116.256779,39.903734,购物服务;便民商店/便利店;便民商店/便利店,便利店,7-11
B0FFFAEIPL,7-ELEVEn(丰台一分店),中关村科技园区总部基地8区,丰台区,116.284759,39.822796,购物服务;便民商店/便利店;7-ELEVEn便利店,便利店,7-11
B0JACURDBR,7-ELEVEn(关庄路店),黄草湾路与关庄路交叉口西南40米,朝阳区,116.433983,40.000558,购物服务;便民商店/便利店;便民商店/便利店,便利店,7-11
B0IR17RMF9,7-ELEVEn(燕保北焦家园店),化工路70号院四区6号楼1层,朝阳区,116.537026,39.849866,购物服务;便民商店/便利店;7-ELEVEn便利店,便利店,7-11
B0G2OZFYE6,7-ELEVEn(汇景苑店),单店西路金隅汇景苑三区底商109-2号,朝阳区,116.537344,39.954764,购物服务;便民商店/便利店;7-ELEVEn便利店,便利店,7-11
B0FFISIMGA,7-ELEVEn(东湖湾店),利泽西街8号院1号楼1层102,朝阳区,116.459919,40.008115,购物服务;便民商店/便利店;7-ELEVEn便利店,便利店,7-11
B0J3JG0NA9,7-ELEVEn(传媒大学地铁站店),建国路与定福庄东街交叉口西60米(传媒大学地铁站A西北口旁),朝阳区,116.554027,39.909659,购物服务;购物相关场所;购物相关场所,便利店,7-11
B0KDVKHLOK,7-ELEVEn(清华园店),中关村东路8号东升大厦B座一层SA-133单元,海淀区,116.334272,39.993483,购物服务;便民商店/便利店;7-ELEVEn便利店,便利店,7-11
B0FFG0ZXJL,7-ELEVEn(利星行广场店),望京街8号院2号楼一层101号B号商铺,朝阳区,116.482664,39.993893,购物服务;便民商店/便利店;7-ELEVEn便利店,便利店,7-11
B000A7CR9V,7-ELEVEn(苏州街18号院店),苏州街18号院(苏州街地铁站E口步行290米),海淀区,116.306495,39.977541,购物服务;便民商店/便利店;7-ELEVEn便利店,便利店,7-11
B0LAD75N1G,7-ELEVEn(清华大学店),清华园街道清华大学16区22幢,海淀区,116.325311,39.999478,购物服务;购物相关场所;购物相关场所,便利店,7-11
B0I06DS055,7-ELEVEn(大成路店),青塔街道大成路11-3号底商,丰台区,116.267113,39.889177,购物服务;便民商店/便利店;7-ELEVEn便利店,便利店,7-11
B0HRT785AU,7-ELEVEn(顺义祥云小镇店),安泰大街6号院2号楼1-107,顺义区,116.537856,40.088221,购物服务;便民商店/便利店;7-ELEVEn便利店,便利店,7-11
B0FFIRWCYR,7-ELEVEn(月泉路店),月泉路逸成东苑,海淀区,116.349476,40.014999,购物服务;便民商店/便利店;7-ELEVEn便利店,便利店,7-11
B0K1XHYPC1,7-ELEVEn(富力又一城世纪华联购物中心店),大鲁店北路7号,朝阳区,116.563793,39.848380,购物服务;超级市场;超市,便利店,7-11
B0J1LMMFIK,7-ELEVEn(定福家园店),定福家园南里3号院1号楼地上1-3,朝阳区,116.566481,39.923643,购物服务;便民商店/便利店;7-ELEVEn便利店,便利店,7-11
B000A8XATS,7-ELEVEn(安慧北里小区店),安慧北里逸园17号楼1层入口门南侧第一跨房,朝阳区,116.412785,40.001451,购物服务;便民商店/便利店;7-ELEVEn便利店,便利店,7-11
B0J3DRHNT6,7-ELEVEn(广华里B栋店),广泰东路1号院14号楼底商,朝阳区,116.494683,39.891672,购物服务;便民商店/便利店;7-ELEVEn便利店,便利店,7-11
B0JUDM2W8C,7-ELEVEn(中发百旺商城店),圆明园西路18号中发百旺商城F1层,海淀区,116.276986,40.028976,购物服务;便民商店/便利店;7-ELEVEn便利店,便利店,7-11
B0HKJU1Z7B,7-ELEVEn(常顺路东侧店),常营中路2号院甲号楼1-17,朝阳区,116.605835,39.926323,购物服务;便民商店/便利店;7-ELEVEn便利店,便利店,7-11
B0K0XUNS82,7-ELEVEn(亦庄金茂悦店),北京经济技术开发区四海路5号院17号楼1层2单元106-1,大兴区,116.485957,39.753464,购物服务;便民商店/便利店;便民商店/便利店,便利店,7-11
B0FFGSST3P,7-ELEVEn(北辰福第店),常惠路6号B1层109号(地铁6号线常营站C口),朝阳区,116.600173,39.926260,购物服务;便民商店/便利店;7-ELEVEn便利店,便利店,7-11
B0LR2C52DL,7-ELEVEn(北京红星支行中国工商银行店),旧宫镇商业街东路68号1层101,大兴区,116.446885,39.805358,购物服务;便民商店/便利店;便民商店/便利店,便利店,7-11
B0FFG2KT5Y,7-ELEVEn(酒仙桥路二号店),酒仙桥路2号院内11所38幢平房101号,朝阳区,116.491518,39.986154,购物服务;便民商店/便利店;7-ELEVEn便利店,便利店,7-11
B0H61ZOSH2,7-ELEVEn(望京八号店),阜荣街15号嘉美风尚中心南2号楼东侧一层底商,朝阳区,116.481890,39.986520,购物服务;便民商店/便利店;7-ELEVEn便利店,便利店,7-11
B000A81K6N,7-ELEVEn(阳明广场店),小营路10号阳明广场3号楼1层西南角,朝阳区,116.424419,39.994977,购物服务;便民商店/便利店;7-ELEVEn便利店,便利店,7-11
B0FFJ3PPS5,7-ELEVEn(酒仙桥路八号店),酒仙桥路6号院1号楼A座一层北侧底商(798艺术区西南门),朝阳区,116.490437,39.984048,购物服务;便民商店/便利店;7-ELEVEn便利店,便利店,7-11
B0IKV7GKRE,7-ELEVEn(石景山金融街店),城通街26号院,石景山区,116.183940,39.905134,购物服务;便民商店/便利店;7-ELEVEn便利店,便利店,7-11
B0JACCRDFB,7-ELEVEn(华荣商场店),古城南路48号华荣商场F1层,石景山区,116.189826,39.910819,购物服务;便民商店/便利店;7-ELEVEn便利店,便利店,7-11
B0H2URPO7W,7-ELEVEn(康营家园店),香苇路康营家园-23期,朝阳区,116.541533,40.035133,购物服务;便民商店/便利店;7-ELEVEn便利店,便利店,7-11
B0FFL6DCYZ,7-ELEVEn(马家堡东路1号店),马家堡东路106号院1号楼1层-101室,丰台区,116.386973,39.842726,购物服务;购物相关场所;购物相关场所,便利店,7-11
B0FFJ8JTXT,7-ELEVEn(双合北街店),双合北街双合家园C区8号楼底商,朝阳区,116.528065,39.858986,购物服务;便民商店/便利店;7-ELEVEn便利店,便利店,7-11
B0K0SC6WUQ,7-ELEVEn(火箭万源地铁站汉庭酒店店),旧宫镇旧宫西路93号3幢一层19号(底商),大兴区,116.424288,39.804016,购物服务;超级市场;超市,便利店,7-11
B0FFGQ7LIJ,7-ELEVEn(通州领展广场店),九棵树中街9号北京通州领展广场1F层110,通州区,116.658763,39.888553,购物服务;便民商店/便利店;7-ELEVEn便利店,便利店,7-11
B0JDCZ02QM,7-ELEVEn(住总万科广场店),忠凉路1号院2号楼1层101号,大兴区,116.459040,39.805924,购物服务;便民商店/便利店;便民商店/便利店,便利店,7-11
B0L66ZE77D,7-ELEVEn(北京房山印象城店),广阳新路9号院1号楼北京房山印象城1F层,房山区,116.211572,39.753489,购物服务;便民商店/便利店;7-ELEVEn便利店,便利店,7-11
B0I677R2Z4,7-ELEVEn(远洋山水店),远洋山水北区底商3-D,石景山区,116.239297,39.903505,购物服务;便民商店/便利店;7-ELEVEn便利店,便利店,7-11
B0J3D7HG3U,7-ELEVEn(枫尚奥特莱斯店),朝阳路京通苑30号楼枫尚奥特莱斯1F层,朝阳区,116.595346,39.912230,购物服务;便民商店/便利店;7-ELEVEn便利店,便利店,7-11
B0FFLCMG1J,7-ELEVEn(E9区创新工场店),双桥乳品厂2号楼1层125室,朝阳区,116.596443,39.885905,购物服务;便民商店/便利店;7-ELEVEn便利店,便利店,7-11
B0KGM7TEGC,7-ELEVEn(合景中心店),合景·悠方天地购物中心(合景中心店),通州区,116.679997,39.908141,购物服务;便民商店/便利店;7-ELEVEn便利店,便利店,7-11
B0LR5B9CV5,7-ELEVEn(通州加华印象街店),通胡大路23号加华印象街,通州区,116.688306,39.914357,购物服务;购物相关场所;购物相关场所,便利店,7-11
B0FFGM9EHJ,7-ELEVEn(永安大厦店),九棵树东路甲442号(土桥地铁站A西北口步行100米),通州区,116.687064,39.872511,购物服务;便民商店/便利店;7-ELEVEn便利店,便利店,7-11
B000A85O8H,7-ELEVEn(望京西园四区店),望京西园四区402号楼一层402-3-5号,朝阳区,116.472382,39.998893,购物服务;便民商店/便利店;7-ELEVEn便利店,便利店,7-11
B0H0THOI20,7-ELEVEn(华林家园店),丰台南路甲108号院1号楼一层底商,丰台区,116.294520,39.841453,购物服务;便民商店/便利店;7-ELEVEn便利店,便利店,7-11
B000A8XA9U,7-ELEVEn(国奥中心店),林萃东路2号院甲3号楼1层108,朝阳区,116.381422,40.009174,购物服务;便民商店/便利店;7-ELEVEn便利店,便利店,7-11
B0L14O2HYH,7-ELEVEn(理想汽车总部店),文良街11号,顺义区,116.580777,40.172450,购物服务;购物相关场所;购物相关场所,便利店,7-11
B0J26SO5RG,7-ELEVEn(望京国际研发园店),望京东路6号,朝阳区,116.489123,40.006698,购物服务;购物相关场所;购物相关场所,便利店,7-11
B0LDM7EGTI,7-ELEVEn(西点茂MALL店),永定路88号一层88西点茂南侧,海淀区,116.265250,39.904714,购物服务;便民商店/便利店;便民商店/便利店,便利店,7-11
B0I0U75YV6,7-ELEVEn(北京奥林匹克花园店),东坝京奥家园302号楼1层103号,朝阳区,116.546277,39.960212,购物服务;便民商店/便利店;7-ELEVEn便利店,便利店,7-11
B0FFL88ZOQ,7-ELEVEn(珠江绿洲家园店),三间房镇建国路18号珠江绿洲家园小区3号楼一层,朝阳区,116.559215,39.907765,购物服务;便民商店/便利店;7-ELEVEn便利店,便利店,7-11
B0FFF544LD,7-ELEVEn(龙湖北京颐和星悦荟店),颐和园路208号龙湖北京颐和星悦荟L1层L1-29a,海淀区,116.291428,39.997593,购物服务;便民商店/便利店;7-ELEVEn便利店,便利店,7-11
B0LRFM6QGS,711西红门店,北京城区宏福路230-244号(双号)1层242号,大兴区,116.331192,39.791103,购物服务;购物相关场所;购物相关场所,便利店,7-11
B0J1KL83T9,7-ELEVEn(加州小镇店),加州小镇C区底商(高楼金地铁站A西北口步行420米),通州区,116.681244,39.865211,购物服务;超级市场;超市,便利店,7-11
B0FFIU3AGC,7-ELEVEn(苏州街店),大河庄苑4号楼1层106室,海淀区,116.305393,39.981247,购物服务;便民商店/便利店;7-ELEVEn便利店,便利店,7-11
B0LRK5GXKD,7-ELEVEn(倚林佳园店),倚林佳园,朝阳区,116.371583,40.013679,购物服务;便民商店/便利店;便民商店/便利店,便利店,7-11
B0L1GB9ZXL,7-ELEVEn(苏荷时代店),通朝大街208号苏荷时代(果园地铁站出入口步行270米),通州区,116.646210,39.891847,购物服务;便民商店/便利店;便民商店/便利店,便利店,7-11
B0L0BSU5M8,7-ELEVEn(晏河湾家园店),东坝乡宴河湾家园9号院1号楼1层112,朝阳区,116.554486,39.974978,购物服务;超级市场;超市,便利店,7-11
B0LB1BYNVS,7-ELEVEn(月亮河小镇店),月亮河河滨路1号月亮河小镇,通州区,116.676813,39.919851,购物服务;便民商店/便利店;便民商店/便利店,便利店,7-11
B0HD7CQM8A,7-ELEVEn(智慧谷店),大牛房一巷与大牛房二环路交叉口西南80米,海淀区,116.232734,40.089562,购物服务;便民商店/便利店;7-ELEVEn便利店,便利店,7-11
B0JRGMQQCC,7-ELEVEn(杨庄东街店),杨庄东街与杨庄北区中路交叉口东北20米,石景山区,116.197681,39.928578,购物服务;便民商店/便利店;便民商店/便利店,便利店,7-11
B0FFFAI23P,7-ELEVEn(上地佳园店),上地佳园45号1层(上地地铁站A西南口步行220米),海淀区,116.319550,40.032346,购物服务;便民商店/便利店;7-ELEVEn便利店,便利店,7-11
B0IUYDI3R9,7-ELEVEn(大族广场Mall&More店),北京市经济技术开发区荣华南路2号院10号楼1层,大兴区,116.513584,39.792155,购物服务;便民商店/便利店;7-ELEVEn便利店,便利店,7-11
B0L1ZDMGDG,7-ELEVEn(首开·常青藤店),北京城区东坝中街11号院42号楼104,朝阳区,116.536040,39.965833,购物服务;便民商店/便利店;便民商店/便利店,便利店,7-11
B0HGX7X4YP,7-ELEVEn(大屯路店),大屯路8号,朝阳区,116.378201,40.001574,购物服务;便民商店/便利店;7-ELEVEn便利店,便利店,7-11
B0HRGA8OIM,7-ELEVEn(龙湖蓝海引擎产业园店),红军营东路6号龙湖蓝海引擎产业园F1层,朝阳区,116.437533,40.027224,购物服务;便民商店/便利店;7-ELEVEn便利店,便利店,7-11
B0J3M7GUF5,7-ELEVEn(橡树湾店),清河橡树湾二期底商7-9,海淀区,116.333049,40.031471,购物服务;便民商店/便利店;便民商店/便利店,便利店,7-11
B0FFKTB3SG,7-ELEVEn(陆港城店),朝阳北路20号院3号楼1层109室,朝阳区,116.592432,39.925031,购物服务;便民商店/便利店;7-ELEVEn便利店,便利店,7-11
B0FFIU3ALD,7-ELEVEn(草房二店),五里桥二街2号院5号楼1层(草房地铁站B东北口步行90米),朝阳区,116.615519,39.925589,购物服务;便民商店/便利店;7-ELEVEn便利店,便利店,7-11
B0FFFAIA70,7-ELEVEn(京顺东街6号院店),京顺东街6号院2号楼112号,朝阳区,116.527859,40.023834,购物服务;便民商店/便利店;7-ELEVEn便利店,便利店,7-11
B0FFG8G4BV,7-ELEVEn(北京西小口路一号店),西小口路66号中关村东升科技园商业街4号,海淀区,116.357796,40.045466,购物服务;便民商店/便利店;7-ELEVEn便利店,便利店,7-11
B0LRCBE1HO,7-ELEVEn(金盏嘉园店),金盏嘉园C区,朝阳区,116.555174,40.010305,购物服务;购物相关场所;购物相关场所,便利店,7-11
B0KG34EYY3,7-ELEVEn(北京城建·城悦荟店),秋实街1号北京城建·城悦荟F1层,朝阳区,116.421794,40.042386,购物服务;便民商店/便利店;7-ELEVEn便利店,便利店,7-11
B0KUHACJNC,7-ELEVEn(畅春园·畅饷里店),颐和园路8号1层01,海淀区,116.304794,39.988908,购物服务;便民商店/便利店;7-ELEVEn便利店,便利店,7-11
B0JAT7W1C4,7-ELEVEn(富力·金禧花园店),富力金禧花园,通州区,116.649803,39.902734,购物服务;便民商店/便利店;便民商店/便利店,便利店,7-11
B0KKTSH10K,7-ELEVEn(天裕昕园店),后沙峪镇安华街甲7号院26号楼101,顺义区,116.526411,40.083058,购物服务;便民商店/便利店;便民商店/便利店,便利店,7-11
B0HUC7UZJQ,7-ELEVEn(爱琴海购物公园店),新华东街289号爱琴海购物公园F1层,通州区,116.659451,39.908656,购物服务;便民商店/便利店;7-ELEVEn便利店,便利店,7-11
B0FFIU3ADB,7-ELEVEn(北花园中路店),北花园中路1号院9号楼1层102-2,朝阳区,116.550862,39.904858,购物服务;便民商店/便利店;7-ELEVEn便利店,便利店,7-11
B0KR5RLUTZ,7-ELEVEn(回龙观东大街地铁站店),回龙观东大街3号楼1层,昌平区,116.361197,40.081340,购物服务;便民商店/便利店;便民商店/便利店,便利店,7-11
B0KR0SJ5FP,7-ELEVEn(首开LONG街-智能物联产业园店),龙锦三街29号院3号楼一层1040,昌平区,116.371027,40.085120,购物服务;便民商店/便利店;便民商店/便利店,便利店,7-11
B0I6R7UZRD,7-ELEVEn(富力尚悦居店),富力尚悦居E区东北侧80米,通州区,116.588643,39.770843,购物服务;便民商店/便利店;7-ELEVEn便利店,便利店,7-11
B0FFIAT1JZ,7-ELEVEn(通州万达广场店),新华西街58号院5号楼1层105、106号(西门金街b区),通州区,116.643137,39.905310,购物服务;便民商店/便利店;7-ELEVEn便利店,便利店,7-11
B0FFI0Z8TF,7-ELEVEn(通州区临河里店),梨园南街38号,通州区,116.682963,39.881257,购物服务;便民商店/便利店;7-ELEVEn便利店,便利店,7-11
B0HDFZHE9T,7-ELEVEn(朱辛庄店),乐业路安居路7号院5号楼1层商业102,昌平区,116.315865,40.104860,购物服务;便民商店/便利店;7-ELEVEn便利店,便利店,7-11
B0IRRUGJ4Z,7-ELEVEn(乔庄北街店),玉桥街道乔庄东区34-3号,通州区,116.688334,39.895472,购物服务;便民商店/便利店;7-ELEVEn便利店,便利店,7-11
B0K3G7RF1Z,7-ELEVEn(黄渠地铁站店),朝阳北路26号东侧商业7号(黄渠地铁站C东南口步行260米),朝阳区,116.581767,39.924100,购物服务;便民商店/便利店;便民商店/便利店,便利店,7-11
B0KA1BOAWB,7-ELEVEn(龙德广场翠微百货店),立汤路186号翠微百货(龙德广场店)1F层,昌平区,116.416282,40.059304,购物服务;便民商店/便利店;7-ELEVEn便利店,便利店,7-11
B0L2ZB2J4U,7-Eleven平西府(小站公园店),北京城区平西府地铁口D1口西30米,昌平区,116.349729,40.089916,购物服务;便民商店/便利店;便民商店/便利店,便利店,7-11
B0FFJJ0BGY,7-ELEVEn(海淀西小口二号店),永泰庄北路1号天地邻枫1号楼一层109号,海淀区,116.371506,40.042356,购物服务;便民商店/便利店;7-ELEVEn便利店,便利店,7-11
B0FFKV9KFN,7-ELEVEn(富力运河十号店),江米店街1号院4号楼1层106,通州区,116.686219,39.904629,购物服务;便民商店/便利店;7-ELEVEn便利店,便利店,7-11
B0JD577NKQ,7-ELEVEn(通瑞嘉苑店),通瑞嘉苑20号楼108,通州区,116.686428,39.934156,购物服务;便民商店/便利店;7-ELEVEn便利店,便利店,7-11
B0HU1CDCO7,7-ELEVEn(华贸城店),来广营清河营南街9号院4号楼华贸天地西区,朝阳区,116.427542,40.048675,购物服务;便民商店/便利店;7-ELEVEn便利店,便利店,7-11
B0IKBHDE1Z,7-ELEVEn(远洋春秋里购物中心店),远洋春秋里(杨庄地铁站A西北口步行160米),石景山区,116.185821,39.928806,购物服务;便民商店/便利店;7-ELEVEn便利店,便利店,7-11
B0KUV5VDEZ,7-ELEVEn(朝阳北路辅路店),朝阳北路20号院靠近陆港城,朝阳区,116.593576,39.925574,购物服务;购物相关场所;购物相关场所,便利店,7-11
B0FFLA0MU3,7-ELEVEn(林业大学北路店),林大北路18号院文成杰座C座底商,海淀区,116.348563,40.007068,购物服务;便民商店/便利店;7-ELEVEn便利店,便利店,7-11
B0KDADIQQG,7-ELEVEn(中关村集成电路产业园店),丰豪东路9号院2B号楼1层2单元107,海淀区,116.247591,40.073323,购物服务;便民商店/便利店;7-ELEVEn便利店,便利店,7-11
B0FFGXE94H,7-ELEVEn(运河明珠家园店),中仓街道滨河中路241号1层,通州区,116.689444,39.902060,购物服务;便民商店/便利店;7-ELEVEn便利店,便利店,7-11
B0KDU53LNC,7-ELEVEn(中泽雅园店),中泽雅园底商46号,通州区,116.635868,39.873225,购物服务;购物相关场所;购物相关场所,便利店,7-11
B0FFL7BY6Z,7-ELEVEn(宁馨苑店),城北街道宁馨苑13号楼商3内一层,昌平区,116.260030,40.221293,购物服务;便民商店/便利店;7-ELEVEn便利店,便利店,7-11
B0IG67F4UX,7-ELEVEn(鼓楼南街北口店),鼓楼南街东侧一层1-1(昌平地铁站A西北口步行230米),昌平区,116.233745,40.221720,购物服务;便民商店/便利店;7-ELEVEn便利店,便利店,7-11
B0J27AF0FR,橡树湾二期711便利店,清河橡树湾二期底商7-9号,海淀区,116.333139,40.031472,购物服务;便民商店/便利店;便民商店/便利店,便利店,7-11
B0H10SU5GU,7-ELEVEn(华兴园店),华兴园8号楼1层底商6号,通州区,116.631740,39.903799,购物服务;便民商店/便利店;7-ELEVEn便利店,便利店,7-11
B0HRF93B5U,7-ELEVEn(双兴南区店),胜利街道双兴南区40号楼1层-05,顺义区,116.652825,40.140204,购物服务;便民商店/便利店;7-ELEVEn便利店,便利店,7-11
B0L2GCTEP9,7-ELEVEn(康营家园店),康营中路7号,朝阳区,116.545432,40.037637,购物服务;便民商店/便利店;7-ELEVEn便利店,便利店,7-11
B0J25ZSIIV,7-ELEVEn(北清国际公寓店),回龙观北清路生命科学园北清国际公寓,昌平区,116.267479,40.100808,购物服务;便民商店/便利店;7-ELEVEn便利店,便利店,7-11
B0JARCWPV7,7-ELEVEn(黄厂二柠檬晓生活国际公寓店),豆各庄乡黄厂路柠檬晓生活国际公寓(黄厂二店),朝阳区,116.556633,39.849356,购物服务;超级市场;超市,便利店,7-11
B0I1CUBUX0,7-ELEVEn(未来视界店),未来科学城滨河大道3号院6号楼103,昌平区,116.482171,40.125525,购物服务;便民商店/便利店;便民商店/便利店,便利店,7-11
B0K06Z1SUA,7-ELEVEn(临河悦园店),临河悦园4号院对面711便利店,顺义区,116.677331,40.084929,购物服务;便民商店/便利店;便民商店/便利店,便利店,7-11
B0H2K7AQ4G,7-ELEVEn(路劲世界广场店),双营西路78号院路劲世界广场1F层,昌平区,116.291541,40.207037,购物服务;便民商店/便利店;7-ELEVEn便利店,便利店,7-11
B0IR6HRZJ9,7-ELEVEn(昌平鼓楼南街南口店),城北街道鼓楼南大街东侧1号楼等2幢1号楼一层8103,昌平区,116.234099,40.215158,购物服务;便民商店/便利店;7-ELEVEn便利店,便利店,7-11
B0JKUDLO0B,7-ELEVEn(顺义马坡店),马坡镇双丰街道顺祥街22号泰和宜园东侧一层底商,顺义区,116.652402,40.177085,购物服务;便民商店/便利店;便民商店/便利店,便利店,7-11
B0K2K1REM2,7-ELEVEn(首开通州万象汇店),运河东大街51号首开通州万象汇B2层,通州区,116.735045,39.904227,购物服务;便民商店/便利店;7-ELEVEn便利店,便利店,7-11
B0IU9DW7FK,7-ELEVEn(沙河店),百沙路与松兰路交叉口东60米,昌平区,116.292832,40.149951,购物服务;便民商店/便利店;7-ELEVEn便利店,便利店,7-11
B0L61C6HDY,7-ELEVEn(顺义裕龙花园店),裕龙花园四区16号楼16-10号,顺义区,116.671843,40.123272,购物服务;便民商店/便利店;7-ELEVEn便利店,便利店,7-11
B0L3LUQ3F8,7-ELEVEn(龙湖·好望山店),牛栏山鑫牛南路2号院3号楼101底商7-11便利店,顺义区,116.674247,40.215318,购物服务;便民商店/便利店;便民商店/便利店,便利店,7-11
B0KRN7J4M8,7-ELEVEn(顺义石园店),石园西社区,顺义区,116.662577,40.111950,购物服务;便民商店/便利店;便民商店/便利店,便利店,7-11
B0L3RLNZY9,7-ELEVEn(晟品景园店),石园东社区,顺义区,116.666567,40.111940,购物服务;购物相关场所;购物相关场所,便利店,7-11
B0G2N74JP9,7-ELEVEn(顺义金街国际大厦店),新顺南大街8号顺义金街大厦东侧一层底商,顺义区,116.653479,40.127038,购物服务;便民商店/便利店;7-ELEVEn便利店,便利店,7-11
B0LAHRJ3HJ,7-ELEVEn(顺悦家园店),乾安路1号院5号楼1层102室,顺义区,116.652500,40.185571,购物服务;便民商店/便利店;便民商店/便利店,便利店,7-11
B0LA2AG2VW,7-ELEVEn(顺悦家园店),乾安路1号院5号楼1层01,顺义区,116.652502,40.185628,购物服务;便民商店/便利店;7-ELEVEn便利店,便利店,7-11
B0L1M9H2HC,7-ELEVEn(怡馨家园店),北京城区怡馨家园29号楼103,顺义区,116.647858,40.121310,购物服务;便民商店/便利店;便民商店/便利店,便利店,7-11
B0K1O5TZ0Y,7-ELEVEn(金隅·万科城店),金隅·万科城1期,昌平区,116.236294,40.212372,购物服务;便民商店/便利店;7-ELEVEn便利店,便利店,7-11
B0LUTB3IDT,7—ELEVEn晟品景园店,北京城区石园大街9号院二区2号一层,顺义区,116.678283,40.112324,购物服务;便民商店/便利店;便民商店/便利店,便利店,7-11
B0GDRHC3RK,全家便利店(能+中心店),广渠路11号金泰国际大厦1号楼,朝阳区,116.500136,39.893537,购物服务;便民商店/便利店;便民商店/便利店,便利店,全家
B0FFH9CF0J,全家便利店(开阳路一店),永外大街车站路12号北京南站1F层,丰台区,116.377569,39.865724,购物服务;便民商店/便利店;便民商店/便利店,便利店,全家
B0GK4XREA2,全家便利店(京龙大厦店),朝阳北路225号一层北侧(呼家楼地铁站C东南口步行250米),朝阳区,116.463712,39.923743,购物服务;便民商店/便利店;便民商店/便利店,便利店,全家
B0FFI7QPPO,全家便利店(北京西站店),莲花池东路118号北京西站B1层,丰台区,116.321090,39.896057,购物服务;便民商店/便利店;便民商店/便利店,便利店,全家
B0L395SLFD,全家便利店(富凯大厦店)(暂停营业),金融大街19号A101富凯大厦1层大堂,西城区,116.359323,39.914805,购物服务;便民商店/便利店;便民商店/便利店,便利店,全家
B0I2RZRVOH,全家便利店(惠新西街北口店),专利局家属院北门旁(惠新西街北口地铁站A西步行90米),朝阳区,116.415284,39.988194,购物服务;便民商店/便利店;便民商店/便利店,便利店,全家
B0JUM5D7X3,全家便利店(新街口东街店),罗儿胡同2号,西城区,116.376283,39.942443,购物服务;便民商店/便利店;便民商店/便利店,便利店,全家
B0JRTL4DU6,全家便利店(三星大厦店),景辉街31号三星大厦(国贸地铁站F东北口步行460米),朝阳区,116.464689,39.912192,购物服务;便民商店/便利店;便民商店/便利店,便利店,全家
B0I25KAD6P,全家便利店(融中心B座店),融中心B座楼内,朝阳区,116.436890,39.972229,购物服务;便民商店/便利店;便民商店/便利店,便利店,全家
B0FFL20H3K,全家便利店(芳园西路一店),东四环北路2号上东公园里中心地商,朝阳区,116.476688,39.968209,购物服务;便民商店/便利店;便民商店/便利店,便利店,全家
B0FFH9LAV4,全家便利店(郎家园路店),建国路93号万达广场9号楼一层,朝阳区,116.470316,39.910152,购物服务;便民商店/便利店;便民商店/便利店,便利店,全家
B0G0P7G55A,全家便利店(北苑路一店),小营北路凯旋城4号楼103,朝阳区,116.419086,39.998001,购物服务;便民商店/便利店;便民商店/便利店,便利店,全家
B0IGS42BVH,全家便利店(西三环北路店),北京外国语大学西校区东门北90米,海淀区,116.308758,39.956097,购物服务;便民商店/便利店;便民商店/便利店,便利店,全家
B0L19HHD02,全家便利店白家庄路店,东三环北路27号楼负一层,朝阳区,116.460818,39.928435,购物服务;便民商店/便利店;便民商店/便利店,便利店,全家
B0FFIBJLEP,全家便利店(北京启皓大厦店),[],朝阳区,116.456192,39.947731,购物服务;便民商店/便利店;便民商店/便利店,便利店,全家
B0KR69ZFTK,全家便利店(朝运街店),朝运街与通坝东路交叉口西120米,朝阳区,116.550635,39.965988,购物服务;便民商店/便利店;便民商店/便利店,便利店,全家
B0L6NARVQI,全家便利店(弘和北路二店),兴华大街41号,大兴区,116.326477,39.720142,购物服务;便民商店/便利店;便民商店/便利店,便利店,全家
B0J6VRCG86,全家便利店(酷车小镇店),金蝉西路甲一号酷车小镇R商务楼第R33号,朝阳区,116.501175,39.871804,购物服务;购物相关场所;购物相关场所,便利店,全家
B0H0YMGHV3,全家便利店(霄云路一店),国航世纪大厦B1层,朝阳区,116.462166,39.955193,购物服务;便民商店/便利店;便民商店/便利店,便利店,全家
B0FFJF17MH,全家便利店(清华东路一店),清华东路15号1号楼103-10,海淀区,116.359164,40.001469,购物服务;便民商店/便利店;便民商店/便利店,便利店,全家
B0KDCBHDYP,全家便利店(北京传媒大学西门传媒大学地铁站如家酒店店),定福庄西里1号院南区南门旁,朝阳区,116.553470,39.912767,购物服务;便民商店/便利店;便民商店/便利店,便利店,全家
B0H3JH5N27,全家便利店(经海四路店),京东总部2号楼地下一层,通州区,116.558325,39.785506,购物服务;便民商店/便利店;便民商店/便利店,便利店,全家
B0FFIUDFF4,全家便利店(清华路店),清华大学西楼北门南150米,海淀区,116.319183,39.998700,购物服务;便民商店/便利店;便民商店/便利店,便利店,全家
B0G0X721FF,全家便利店(金隅嘉品Mall店),东坝中路38号楼地上一层L101号,朝阳区,116.547573,39.951942,购物服务;便民商店/便利店;便民商店/便利店,便利店,全家
B0L16RSFDF,全家便利店(华润·未来城市1期店),北京城区未来科学城英才北一街5号院5号楼109室,昌平区,116.470743,40.131431,购物服务;便民商店/便利店;便民商店/便利店,便利店,全家
B0K1GDRSMY,全家便利店(丽金智地中心店),丽金智地中心一层全家便利店,海淀区,116.320827,39.956044,购物服务;便民商店/便利店;便民商店/便利店,便利店,全家
B0FFGI670A,全家便利店(首都机场十三店),首都机场路11北京首都国际机场2号航站楼F2层,朝阳区,116.593162,40.082960,购物服务;便民商店/便利店;便民商店/便利店,便利店,全家
B0KKMGHLRZ,全家便利店(德政路一店),地铁16号线西北旺站地下一层东侧B218,海淀区,116.258520,40.048761,购物服务;便民商店/便利店;便民商店/便利店,便利店,全家
B0HK9H1L2S,全家便利店(首创·郎园Station店),首创·郎园Station A4东侧90米,朝阳区,116.516382,39.967028,购物服务;便民商店/便利店;便民商店/便利店,便利店,全家
B0FFKQMBGS,全家便利店(首都机场十二店),首都机场路11北京首都国际机场2号航站楼F2层,朝阳区,116.594129,40.079438,购物服务;便民商店/便利店;便民商店/便利店,便利店,全家
B0KBNRIR2Q,全家便利店(东升科技园二店),东升科技园北街6号院5号楼一层1005室,海淀区,116.358893,40.051218,购物服务;便民商店/便利店;便民商店/便利店,便利店,全家
B0FFG96J3F,全家便利店(中二街一店),天通苑社区清华长庚医院住院部B1层商业街B1-04柜,昌平区,116.414921,40.072742,购物服务;便民商店/便利店;便民商店/便利店,便利店,全家
B0L337AA84,全家便利店(安祥大街店),裕庆路与安祥大街交叉口东南200米,顺义区,116.540375,40.090275,购物服务;便民商店/便利店;便民商店/便利店,便利店,全家
B0LB1H3HBT,全家便利店(星科大厦店),酒仙桥中路星科大厦一层底商,朝阳区,116.494744,39.976643,购物服务;便民商店/便利店;便民商店/便利店,便利店,全家
B0L32B2BYX,全家便利店(大屯街道店),北京城区万科时代中心奥林B座(全家便利店),朝阳区,116.416024,39.992802,购物服务;便民商店/便利店;便民商店/便利店,便利店,全家
B0K619U25Z,全家便利店(六工汇B2号楼店),五一剧场1号院2号楼1层103A,石景山区,116.156305,39.918754,购物服务;便民商店/便利店;便民商店/便利店,便利店,全家
B0FFI9RLJ3,全家便利店(燕南园店),北京大学燕南园29号楼地下一层1号,海淀区,116.309129,39.988661,购物服务;便民商店/便利店;便民商店/便利店,便利店,全家
B0K03789LZ,全家便利店(弘和北路一店),弘和北路2号院1号楼1层105,大兴区,116.325436,39.721385,购物服务;便民商店/便利店;便民商店/便利店,便利店,全家
B0J3G7C488,全家便利店(丰台创新中心店),丰台创新中心2号楼1层103室,丰台区,116.304108,39.822375,购物服务;便民商店/便利店;便民商店/便利店,便利店,全家
B0FFHCE1S6,全家便利店(首都机场二店),首都机场(新航站楼)二号航站楼隔离区G104号商铺,朝阳区,116.593888,40.082914,购物服务;便民商店/便利店;便民商店/便利店,便利店,全家
B0HKLCVRH0,全家便利店(启梦苑店),启梦苑,通州区,116.659913,39.858482,购物服务;便民商店/便利店;便民商店/便利店,便利店,全家
B0KUTLAC21,全家便利店(金融街·融汇店),华佗路1号院23号楼1层101,大兴区,116.322652,39.674740,购物服务;便民商店/便利店;便民商店/便利店,便利店,全家
B0H0RCD6JW,全家便利店(东方航空倒班宿舍店),东方航空倒班宿舍,大兴区,116.421668,39.527704,购物服务;便民商店/便利店;便民商店/便利店,便利店,全家
B0J21CJZLF,全家便利店(首都机场T3停车楼一店),首都国际机场T3停车楼B1-GB1003,顺义区,116.615656,40.052864,购物服务;便民商店/便利店;便民商店/便利店,便利店,全家
B0LDRM40TK,全家云小店,翡翠长安9号楼一层113,门头沟区,116.134797,39.902966,购物服务;购物相关场所;购物相关场所,便利店,全家
B000A9WF75,全家爱超市(新景家园东店),崇文门西花市大街28号,东城区,116.426190,39.897155,购物服务;超级市场;超市|购物服务;便民商店/便利店;便民商店/便利店,便利店,全家
B0FFKTR38U,全家爱超市(国瑞城店),国瑞城中区13号楼,东城区,116.422145,39.897383,购物服务;超级市场;超市,便利店,全家
B0IRPU858B,全家爱超市(广渠门外大街店),国贸世纪公寓北1门旁(双井地铁站D西南口步行310米),朝阳区,116.457009,39.893166,购物服务;便民商店/便利店;便民商店/便利店,便利店,全家
B0K247FA1Z,全家爱超市,阜成门外大街3号阜成门外大街3号院,西城区,116.349281,39.923074,购物服务;便民商店/便利店;便民商店/便利店,便利店,全家
B0KBRCQVTJ,全家爱超市(西直门店),西外大街51号瑞辰祥达酒店1幢平房,西城区,116.350259,39.940327,购物服务;便民商店/便利店;便民商店/便利店,便利店,全家
B0G3OLB8FR,全家爱超市(复兴门店),复兴门外大街复兴门外大街甲-7号院,西城区,116.350833,39.907790,购物服务;超级市场;超市,便利店,全家
B0FFIGGID5,全家爱超市(秀水园小区店),水锥子北里19号甜水园京客隆斜对面果多美超市里面,朝阳区,116.477890,39.927392,购物服务;超级市场;超市|购物服务;便民商店/便利店;便民商店/便利店,便利店,全家
B0HAF1YZDS,全家爱超市(北土城西路店),翠微百货牡丹园店南2门旁(牡丹园地铁站A西北口旁),海淀区,116.367861,39.976900,购物服务;便民商店/便利店;便民商店/便利店|购物服务;超级市场;超市,便利店,全家
B0FFJUO86L,全家爱超市(高家园店),酒仙桥高家园311号,朝阳区,116.480737,39.978637,购物服务;超级市场;超市,便利店,全家
B0KA7U5TKP,全家营养生活超市(威尔夏大道店),北京西站南路辅路与茶马街交叉口西200米,丰台区,116.318803,39.879964,购物服务;购物相关场所;购物相关场所,便利店,全家
B0LR5P9DM0,全家爱超市(西站店),北京城区西站南路13号15号1幢1层101,丰台区,116.320692,39.886227,购物服务;超级市场;超市,便利店,全家
B0FFL6FOK9,全家爱便利店(惠新西街店),惠新西街33号惠新西街33号院,朝阳区,116.417131,39.978709,购物服务;便民商店/便利店;便民商店/便利店,便利店,全家
B0L1HAWWIR,全家爱超市(小瓦窑店),北京城区金弘商务写字楼地下一层,丰台区,116.246765,39.889938,购物服务;便民商店/便利店;便民商店/便利店|购物服务;超级市场;超市,便利店,全家
B0FFLKQSVC,全家爱便利店(马家堡店),角门北路15号,丰台区,116.375228,39.850850,购物服务;购物相关场所;购物相关场所,便利店,全家
B0LRM7YJPH,全家爱超市(旧宫庑殿路店),庑殿路与科技路交叉口南40米,大兴区,116.443595,39.807664,购物服务;便民商店/便利店;便民商店/便利店,便利店,全家
B0G3YAUWR8,全家爱超市(五里店店),五里店甲261号1层-01,丰台区,116.255140,39.859574,购物服务;超级市场;超市|购物服务;便民商店/便利店;便民商店/便利店,便利店,全家
B0J6NMEHEX,全家爱超市(黄村西里店),北京城区兴丰大街111号,大兴区,116.339174,39.735106,购物服务;便民商店/便利店;便民商店/便利店,便利店,全家
B0I16SX981,全家福超市(佰嘉城店),回南路9号佰嘉城,昌平区,116.312645,40.081531,购物服务;购物相关场所;购物相关场所,便利店,全家
B0FFF5HPQZ,全家福超市(狼垡东路店),黄村镇狼垡四村狼垡东路西100米爱佳公寓,大兴区,116.284996,39.785251,购物服务;便民商店/便利店;便民商店/便利店,便利店,全家
B0FFKT69TU,全家爱便利店(美立方店),双营路11号院美立方,朝阳区,116.418291,40.038000,购物服务;便民商店/便利店;便民商店/便利店,便利店,全家
B0FFH177CF,全家福超市,东辛店费家村崔各庄中医门诊对面,朝阳区,116.502249,40.010235,购物服务;便民商店/便利店;便民商店/便利店,便利店,全家
B0LD0RGYIP,全家福门业,永外大红门西马场甲14号集美家居市场62090,丰台区,116.390059,39.832780,购物服务;家居建材市场;建材五金市场,便利店,全家
B0JD556SA6,瑁恩·瑁爱全家棉品(西三旗万象汇店),建材城东路33号西三旗万象汇L4层L427,海淀区,116.365864,40.062056,购物服务;专卖店;儿童用品店,便利店,全家
B0FFF9OYAB,全家福便利超市(后桥村中路店),后桥村中路87号,顺义区,116.665353,40.064145,购物服务;便民商店/便利店;便民商店/便利店,便利店,全家
B000A7R7TK,张自口全家福超市,北晨路16号东北100米,怀柔区,116.685837,40.298699,购物服务;综合市场;农副产品市场|购物服务;超级市场;超市,便利店,全家
B0KGD7TT88,瑁恩·瑁爱全家棉品(亿潼隆万丰购物中心店),万丰路305号亿潼隆万丰购物中心3F层,丰台区,116.296748,39.873251,购物服务;专卖店;儿童用品店,便利店,全家
B0I26CK5IX,瑁恩瑁爱全家棉品(三旗百汇店),三旗百汇购物中心三层3b8-1,昌平区,116.343617,40.061815,购物服务;专卖店;儿童用品店,便利店,全家
B0JGXZZK80,瑁恩·瑁爱全家棉品(昌发展万科广场店),昌发展万科广场三层瑁恩瑁爱,昌平区,116.316375,40.066425,购物服务;专卖店;儿童用品店,便利店,全家
B0J6S72RFV,全家优选生活超市,庞各庄镇集体大饭店,大兴区,116.325510,39.644847,购物服务;购物相关场所;购物相关场所,便利店,全家
B0FFHHSLDS,全家乐彩综合商店,第一幼儿园北1门旁,延庆区,115.968491,40.458399,购物服务;便民商店/便利店;便民商店/便利店,便利店,全家
B0KG2HQ469,瑁恩·瑁爱全家棉品(锦荟港店),站前街3号院锦荟港购物中心F3层,顺义区,116.647298,40.126681,购物服务;专卖店;儿童用品店,便利店,全家
B0HKX5RXKR,全家营养健康生活超市,北京城区新贤家园62号楼底商,怀柔区,116.633892,40.325407,医疗保健服务;医药保健销售店;医疗保健用品,便利店,全家
B0IUCSTHJU,LAWSON罗森(合景摩方摩方M·CUBE店),崇文门外大街辅路与东打磨厂街交叉口西北40米崇文地铁站内(近G口),东城区,116.418159,39.899647,购物服务;便民商店/便利店;便民商店/便利店,便利店,罗森
B0FFHGQ4EE,LAWSON罗森(金融街中心店),金融大街9号楼地下一层-102单元,西城区,116.359503,39.919755,购物服务;便民商店/便利店;便民商店/便利店,便利店,罗森
B0FFFA6XB4,LAWSON罗森(好世界店),东三环北路38号院4号楼一层一层商业L110号,朝阳区,116.463567,39.921155,购物服务;便民商店/便利店;便民商店/便利店,便利店,罗森
B0FFK4SSDA,LAWSON罗森(紫金印象店),右安门内大街28号院5号楼一层108号,西城区,116.364575,39.872462,购物服务;便民商店/便利店;便民商店/便利店,便利店,罗森
B0FFG5334V,LAWSON罗森(首城国际店),广渠路36号院乙6号楼1至2层17内1层1819,朝阳区,116.469222,39.891106,购物服务;便民商店/便利店;便民商店/便利店,便利店,罗森
B0FFJ65R49,LAWSON罗森(泥洼地铁站店),丰管路5号院4号楼104室,丰台区,116.303397,39.858084,购物服务;便民商店/便利店;便民商店/便利店,便利店,罗森
B0FFFAHU7M,LAWSON罗森(月坛北街店),月坛北街甲1号1-15号房,西城区,116.355110,39.918661,购物服务;便民商店/便利店;便民商店/便利店,便利店,罗森
B0FFJKK2CO,LAWSON罗森(润枫·嘉尚店),朝阳北路129号院2号楼1层107-109号房屋,朝阳区,116.502737,39.923441,购物服务;便民商店/便利店;便民商店/便利店,便利店,罗森
B0FFGIQPEF,LAWSON罗森(海文大厦店),劲松南路1号1幢1层108号,朝阳区,116.460640,39.882192,购物服务;便民商店/便利店;便民商店/便利店,便利店,罗森
B0FFH0WV7K,LAWSON罗森(尚街购物中心店),甘露园南里25号院(三期)8号楼1层102-103号,朝阳区,116.516711,39.916866,购物服务;便民商店/便利店;便民商店/便利店,便利店,罗森
B0FFIQX423,LAWSON罗森(超市发甘家口店),甘家口路13号(甘家口地铁站A西北口步行500米),海淀区,116.331548,39.926850,购物服务;购物相关场所;购物相关场所,便利店,罗森
B0H1USVOOD,罗森便利店(蒲黄榆地铁站店),蒲黄榆路28号芳群园一区3号楼BC综合楼一层1-A9号,丰台区,116.422127,39.864331,购物服务;便民商店/便利店;便民商店/便利店,便利店,罗森
B0FFI9IUL8,LAWSON罗森(超市发羊坊店),北蜂窝路路西,海淀区,116.328675,39.900560,购物服务;便民商店/便利店;便民商店/便利店|购物服务;超级市场;超市,便利店,罗森
B0FFGCXQ7X,LAWSON罗森(华瀚商业中心店),紫南家园108号楼108-1,朝阳区,116.496556,39.876770,购物服务;便民商店/便利店;便民商店/便利店,便利店,罗森
B0H37CCTOI,LAWSON罗森(花园路小区店),花园路1号,海淀区,116.365390,39.981643,购物服务;便民商店/便利店;便民商店/便利店,便利店,罗森
B0K1O5ZGJB,LAWSON罗森(车道沟桥店),蓝靛厂南路21号车道沟地铁,海淀区,116.293884,39.947959,购物服务;便民商店/便利店;便民商店/便利店,便利店,罗森
B0GKU9N84Q,LAWSON罗森(京汇大厦店),建国路乙118号京汇大厦F1层,朝阳区,116.463348,39.906837,购物服务;便民商店/便利店;便民商店/便利店,便利店,罗森
B0HKXDQUCE,LAWSON罗森(光明大厦店),亮马桥路42号光明大厦F1层,朝阳区,116.469847,39.951540,购物服务;便民商店/便利店;便民商店/便利店,便利店,罗森
B0JKRH1IC6,LAWSON罗森(玲珑路辅路店),玲珑路6号慈寿寺站d口地下一层(慈寿寺地铁站D西南口旁),海淀区,116.294284,39.932743,购物服务;便民商店/便利店;便民商店/便利店,便利店,罗森
B0K11LQPPZ,LAWSON罗森(地铁纪家庙店),纪家庙路155号(纪家庙地铁站D西南口旁),丰台区,116.332841,39.844009,购物服务;便民商店/便利店;便民商店/便利店,便利店,罗森
B0FFIQE5WJ,LAWSON罗森(二七剧场路),沙龙宴酒店1层,西城区,116.346412,39.908904,购物服务;便民商店/便利店;便民商店/便利店,便利店,罗森
B0LUDA7BFD,LAWSON罗森(恒毅大厦店),安定路5号恒毅大厦地下一层,朝阳区,116.405875,39.980975,购物服务;购物相关场所;购物相关场所,便利店,罗森
B0JDJLNDFI,LAWSON罗森(福海公寓店),临泓路16号院1号楼113-114,丰台区,116.392713,39.844878,购物服务;便民商店/便利店;便民商店/便利店,便利店,罗森
B0FFJXQ8FA,LAWSON罗森(羊坊店东路店),复兴路12-1号(军事博物馆地铁站C2东南口旁),海淀区,116.324652,39.907031,购物服务;便民商店/便利店;便民商店/便利店,便利店,罗森
B0L19SH2QI,LAWSON罗森(地铁12号线三元桥站店),东三环北路辛2号楼,朝阳区,116.458886,39.961041,购物服务;购物相关场所;购物相关场所,便利店,罗森
B0FFIKGX92,LAWSON罗森(德胜国际中心店),德胜门外大街77号等6幢83号楼101室,西城区,116.378435,39.954810,购物服务;便民商店/便利店;便民商店/便利店,便利店,罗森
B0L64A4LSP,LAWSON罗森(朝阳站交通枢纽店),星火西路6号(朝阳站地铁站出入口步行120米),朝阳区,116.505899,39.944239,购物服务;购物相关场所;购物相关场所,便利店,罗森
B0FFM2EIR7,LAWSON罗森(亮马桥店),东三环北路5号1层105(亮马桥地铁站A西北口步行250米),朝阳区,116.460636,39.951285,购物服务;便民商店/便利店;便民商店/便利店,便利店,罗森
B0FFJCBTT2,LAWSON罗森(大泥湾店),学中关村南小区副食商店2号1层101,海淀区,116.324972,39.976852,购物服务;便民商店/便利店;便民商店/便利店,便利店,罗森
B0LA9PTSPU,LAWSON罗森(利星行中心二店),广顺南大街8号院3号楼1层101内G01内05AD座,朝阳区,116.476074,39.990475,购物服务;便民商店/便利店;便民商店/便利店,便利店,罗森
B0FFFH0AYS,LAWSON罗森(北投新奥购物中心店),天辰东路8-10-12号B5区域,朝阳区,116.392461,40.000081,购物服务;便民商店/便利店;便民商店/便利店,便利店,罗森
B0FFITHKOL,LAWSON罗森(双榆树店),北三环西路双榆树西里1号楼一层1001,海淀区,116.325382,39.967827,购物服务;便民商店/便利店;便民商店/便利店,便利店,罗森
B0FFHJ57OU,LAWSON罗森(鸿坤广场购物中心店),西红门欣旺北大街8号鸿坤广场购物中心F1层,大兴区,116.340592,39.792094,购物服务;便民商店/便利店;便民商店/便利店,便利店,罗森
B0K03Z43UJ,LAWSON罗森(丽泽平安金融中心店),丽泽路16号院丽泽平安金融中心F1层,丰台区,116.326312,39.865377,购物服务;便民商店/便利店;便民商店/便利店,便利店,罗森
B0J1L9T0UX,LAWSON罗森(抖音方恒广场店)(内部专用),北三环西路27号北京方恒中心F1层,海淀区,116.341662,39.968085,购物服务;便民商店/便利店;便民商店/便利店,便利店,罗森
B0L62UFMU8,LAWSON罗森(安华桥地铁店),北三环中路甲26号(安华桥地铁站F口旁),朝阳区,116.397814,39.968877,购物服务;购物相关场所;购物相关场所,便利店,罗森
B0GRKX6LJN,LAWSON罗森(奥林匹克森林公园店),科荟路33号奥林匹克森林公园北园(东侧),朝阳区,116.406125,40.031554,购物服务;便民商店/便利店;便民商店/便利店,便利店,罗森
B0FFHYS17N,LAWSON罗森(金源娱乐园店),火器营路1号院1号楼1层132号,海淀区,116.287757,39.966490,购物服务;便民商店/便利店;便民商店/便利店,便利店,罗森
B0H33BQHOG,LAWSON罗森(富驿时尚酒店店),北四环西路68号1层(万泉河桥地铁站C东南口步行310米),海淀区,116.304644,39.984092,购物服务;便民商店/便利店;便民商店/便利店,便利店,罗森
B0KR5DVZWR,LAWSON罗森(启阳路店),启阳路8号(望京东地铁站C东南口旁),朝阳区,116.486725,40.002450,购物服务;购物相关场所;购物相关场所,便利店,罗森
B0I12ZBSKL,LAWSON罗森(平安幸福汇店),幸福汇B1层B108店铺(东管头地铁站C口步行60米),丰台区,116.322140,39.867233,购物服务;便民商店/便利店;便民商店/便利店,便利店,罗森
B0FFK2AACX,LAWSON罗森(超市发学院路超罗店),成府路13号1幢1001号,海淀区,116.352217,39.993546,购物服务;便民商店/便利店;便民商店/便利店,便利店,罗森
B0K1OD1SMZ,LAWSON罗森(丰台科技园地铁站店),科技园地铁站B西南口,丰台区,116.297575,39.825875,购物服务;便民商店/便利店;便民商店/便利店,便利店,罗森
B0FFJCS5SN,LAWSON罗森(复兴路店),复兴路42号15号楼1层1001,海淀区,116.254823,39.906920,购物服务;便民商店/便利店;便民商店/便利店,便利店,罗森
B0H3DSP2F2,LAWSON罗森(东亚·望京中心店),望京园悠乐汇B区E座2309(阜通地铁站出入口步行200米),朝阳区,116.472773,39.992035,购物服务;便民商店/便利店;便民商店/便利店,便利店,罗森
B0JRSCOXDU,LAWSON罗森(郦城工作区店),四季青路8号郦城工作区F1层,海淀区,116.271718,39.953621,购物服务;便民商店/便利店;便民商店/便利店,便利店,罗森
B0JBYAR1WS,LAWSON罗森(中海大厦店),中海大厦CD座西侧,石景山区,116.177392,39.908752,购物服务;便民商店/便利店;便民商店/便利店,便利店,罗森
B0FFI9JUPI,LAWSON罗森(超市发万柳店),万泉河路93号5号平房,海淀区,116.306741,39.968271,购物服务;便民商店/便利店;便民商店/便利店,便利店,罗森
B0G1H5MIBU,LAWSON罗森(梵石中心店),泰客空间G区南门旁,朝阳区,116.532025,39.905458,购物服务;便民商店/便利店;便民商店/便利店,便利店,罗森
B0HDZR0EX8,LAWSON罗森(创而新大厦店),万泉庄路15号创而新大厦F1层,海淀区,116.300562,39.968652,购物服务;便民商店/便利店;便民商店/便利店,便利店,罗森
B0FFHWHOPI,LAWSON罗森(亦城国际中心店)(暂停营业),亦庄经济开发区荣华中路富兴国际中心2号楼,大兴区,116.503342,39.802779,购物服务;便民商店/便利店;便民商店/便利店,便利店,罗森
B0FFM18Q8K,罗森便利店(超市发岭南路店),马神庙1号核工业部二院院内1号楼1层101号,海淀区,116.305853,39.927897,购物服务;便民商店/便利店;便民商店/便利店,便利店,罗森
B0FFI8LYS7,LAWSON罗森(木荷路华为园区店),木荷路19号院2号楼1层,海淀区,116.182802,40.054716,购物服务;便民商店/便利店;便民商店/便利店,便利店,罗森
B0JG6CPJFY,LAWSON罗森(西长安中骏世界城店),新城东街8号院1号楼1层1012号,门头沟区,116.124017,39.911689,购物服务;便民商店/便利店;便民商店/便利店,便利店,罗森
B0K11RU89Q,LAWSON罗森(平安里地铁站),平安里地铁站内,西城区,116.369391,39.932762,购物服务;购物相关场所;购物相关场所,便利店,罗森
B0JG5S1JTG,LAWSON罗森(北苑店),红军营东路甲8号鸿懋商务大厦F1层,朝阳区,116.437411,40.025993,购物服务;便民商店/便利店;便民商店/便利店,便利店,罗森
B0FFKRN1TY,LAWSON罗森(丰科中心店),汽车博物馆东路2号院丰科中心F18层,丰台区,116.303715,39.829056,购物服务;便民商店/便利店;便民商店/便利店,便利店,罗森
B0FFIACM4G,LAWSON罗森(亦庄永康公寓北侧店),康定街18号1号楼1层101-A号,通州区,116.538769,39.772020,购物服务;便民商店/便利店;便民商店/便利店,便利店,罗森
B0FFIYA7PG,LAWSON罗森(实创创新孵化中心店),上地信息路19-3号,海淀区,116.312289,40.030725,购物服务;便民商店/便利店;便民商店/便利店,便利店,罗森
B0FFG7I1DP,LAWSON罗森(汉威国际广场店),南四环西路186号四区地下高新技术产业配套综合B1层4B-17及4B-16A,丰台区,116.294907,39.821590,购物服务;便民商店/便利店;便民商店/便利店,便利店,罗森
B0L33ZA0AT,LAWSON罗森(潘家园地铁),潘家园地铁站内a口闸机,朝阳区,116.460447,39.876716,购物服务;便民商店/便利店;便民商店/便利店,便利店,罗森
B0L244NSW9,LAWSON罗森(望京西地铁站店),姜庄路与湖光桥交叉口西南120米(望京西地铁站D西北出口旁),朝阳区,116.448912,39.995692,购物服务;购物相关场所;购物相关场所,便利店,罗森
B0K1XC9NIQ,LAWSON罗森(草房地铁店),常营南路102号(草房地铁站A西北口旁),朝阳区,116.615190,39.924688,购物服务;便民商店/便利店;便民商店/便利店,便利店,罗森
B0FFIYJ7AK,LAWSON罗森(天通尾货店),天通西苑三区18号楼1至三层01F1-001-01,昌平区,116.408740,40.074526,购物服务;便民商店/便利店;便民商店/便利店,便利店,罗森
B0L2XCXEM5,LAWSONG罗森(地铁团结湖站店),工人体育场北路2号楼,朝阳区,116.460161,39.933581,购物服务;便民商店/便利店;便民商店/便利店,便利店,罗森
B0FFLKIT2X,LAWSON罗森(浦项中心店),浦项中心A座B1层,朝阳区,116.489146,39.999061,购物服务;便民商店/便利店;便民商店/便利店,便利店,罗森
B0FFGDRHFL,LAWSON罗森(管庄新天地店),朝阳路5号院19号楼一层101部分,朝阳区,116.605889,39.913591,购物服务;便民商店/便利店;便民商店/便利店,便利店,罗森
B0G1FZN8W6,LAWSON罗森(中关村壹号商业街店),北清路81号院二区1号楼1层101-1室,海淀区,116.246179,40.075597,购物服务;便民商店/便利店;便民商店/便利店,便利店,罗森
B0FFIQUN75,LAWSON罗森(用友产业园东区店),永丰路9号院21号楼1层101-17室,海淀区,116.245108,40.068911,购物服务;便民商店/便利店;便民商店/便利店,便利店,罗森
B0FFHMR7YW,LAWSON罗森(小天竺路店),小天竺路3号一层102(首都机场内),朝阳区,116.591282,40.048519,购物服务;便民商店/便利店;便民商店/便利店,便利店,罗森
B0L22502LI,LAWSON罗森(地铁东坝站店),东坝中街60号东坝地铁C口,朝阳区,116.547976,39.965471,购物服务;购物相关场所;购物相关场所,便利店,罗森
B0HBAHNBRC,LAWSON罗森(东亚·望京中心店),广顺南大街8号院1号楼-1层(-1)-116A,朝阳区,116.473475,39.991225,购物服务;便民商店/便利店;便民商店/便利店,便利店,罗森
B0I3J6ZPJT,LAWSON罗森(大兴国际氢能示范A区店),丰远街9号院4号楼一层102室,大兴区,116.356281,39.673093,购物服务;便民商店/便利店;便民商店/便利店,便利店,罗森
B0FFIWISFX,LAWSON罗森(恒通国际创新园店),酒仙桥北路9号(厂区)14幢B-102,朝阳区,116.493182,39.989636,购物服务;便民商店/便利店;便民商店/便利店,便利店,罗森
B0L6TBIC1L,LAWSON罗森(鼎好DH3大厦店),鼎好DH3大厦A座(中关村地铁站D西南口步行200米),海淀区,116.314425,39.984475,购物服务;便民商店/便利店;便民商店/便利店,便利店,罗森
B0FFKU6L8P,LAWSON罗森(大兴星牌共享际店),兴业大街三段26号1至5层1001门市,大兴区,116.324870,39.738540,购物服务;便民商店/便利店;便民商店/便利店,便利店,罗森
B0LGHMNW97,LAWSON罗森(北京新天地3期店),朝阳路与东十里堡路交叉口东南60米,朝阳区,116.605869,39.913662,购物服务;便民商店/便利店;便民商店/便利店,便利店,罗森
B0FFKYGC3P,罗森便利店(北京首都国际机场店),二纬路3号北京首都国际机场T3-C航站楼3F层,顺义区,116.615982,40.056179,购物服务;便民商店/便利店;便民商店/便利店,便利店,罗森
B0FFHJ5FV5,LAWSON罗森(海淀杏石口路店),西杉创意园一区5号楼1层101商铺东侧部分,海淀区,116.229196,39.953591,购物服务;便民商店/便利店;便民商店/便利店,便利店,罗森
B0K1OU4RQA,LAWSON罗森(北京地铁六里桥站店),西局西路58-26号(六里桥地铁站E东南口旁),丰台区,116.303238,39.879001,购物服务;购物相关场所;购物相关场所,便利店,罗森
B0HKDCZ2DT,LAWSON罗森(强佑·清河新城西区店),清河嘉园西区1号楼1层102-10,海淀区,116.345256,40.030102,购物服务;便民商店/便利店;便民商店/便利店,便利店,罗森
B0KGHD1Y8G,LAWSON罗森(新光大中心artpark大融城店),新光大中心artpark大融城,通州区,116.660022,39.916041,购物服务;购物相关场所;购物相关场所,便利店,罗森
B0FFKSCVIC,LAWSON罗森(金辉大厦店),崔各庄乡大望京村2号商业金融618-3号楼B1层102,朝阳区,116.488715,40.002869,购物服务;便民商店/便利店;便民商店/便利店,便利店,罗森
B0L6751LQS,LAWSON罗森(长楹天街购物中心店),龙湖长楹天街商业楼东区B2层01(常营地铁站出入口旁),朝阳区,116.600549,39.925041,购物服务;便民商店/便利店;便民商店/便利店,便利店,罗森
B0G04N545N,LAWSON罗森(未来中心店),未来科学城英才南一街3号院1号楼地上一层102单元,昌平区,116.478603,40.116394,购物服务;便民商店/便利店;便民商店/便利店,便利店,罗森
B0FFKT46DQ,LAWSON罗森(联想总部店),西北旺东路十号院联想大厦F1层,海淀区,116.271409,40.048099,购物服务;便民商店/便利店;便民商店/便利店,便利店,罗森
B0FFIKJBNA,LAWSON罗森(互联网创新中心店),西北旺东路10号院东区5号楼-1层B106-1,海淀区,116.280239,40.048059,购物服务;便民商店/便利店;便民商店/便利店,便利店,罗森
B0ID6GUUG7,LAWSON罗森(永泰生活服务中心店),永泰庄北路与后屯路交叉口东北60米,海淀区,116.355407,40.037314,购物服务;便民商店/便利店;便民商店/便利店,便利店,罗森
B0K1OD3XEG,LAWSON罗森(郭公庄地铁站店),六圈南路20号院(郭公庄地铁站A西北口步行110米),丰台区,116.301671,39.814517,购物服务;便民商店/便利店;便民商店/便利店,便利店,罗森
B0G399SQ6F,罗森(北京首都国际机场店),二纬路3号北京首都国际机场T3-C航站楼4F层,顺义区,116.615981,40.056007,购物服务;便民商店/便利店;便民商店/便利店,便利店,罗森
B0FFKS9P8O,LAWSON罗森(联想三标大厦店),创业路8号1号楼1-1-301,海淀区,116.311568,40.040271,购物服务;便民商店/便利店;便民商店/便利店,便利店,罗森
B0FFHWHIPS,LAWSON罗森(潞河名苑店),四员厅街36号6号楼F单元102号,通州区,116.659138,39.901922,购物服务;便民商店/便利店;便民商店/便利店,便利店,罗森
B0JKJNJ2T8,LAWSON罗森(北京长安天街店),新城东街17号院2号楼1层102-2-4,门头沟区,116.123395,39.904784,购物服务;便民商店/便利店;便民商店/便利店,便利店,罗森
B0K1O7S0IG,LAWSON罗森(望京西地铁店),北京城区望京西路15号线望京西地铁站C东北口步行160米,朝阳区,116.450771,39.996122,购物服务;便民商店/便利店;便民商店/便利店,便利店,罗森
B0I30MLG9Z,LAWSON罗森(航天城社区西区店),友谊路102号航天城社区西区,海淀区,116.268901,40.078948,购物服务;便民商店/便利店;便民商店/便利店,便利店,罗森
B0K2DAH6DQ,LAWSON罗森(辉煌国际广场店),上地西路6号海国瑞业科技园,海淀区,116.299251,40.053184,购物服务;购物相关场所;购物相关场所,便利店,罗森
B0FFLI03JO,LAWSON罗森(科技财富中心店)(暂停营业),学清路8号1号楼1层A102A,海淀区,116.353506,40.015771,购物服务;便民商店/便利店;便民商店/便利店,便利店,罗森
B0L3ASTZ9M,罗森,单店砖厂家属住宅楼,朝阳区,116.536625,39.960975,购物服务;便民商店/便利店;便民商店/便利店,便利店,罗森
B0FFKU71V2,LAWSON罗森(网易大楼店),西北旺东路10号院中关村软件园西区7号楼C座1层A区,海淀区,116.276443,40.042538,购物服务;便民商店/便利店;便民商店/便利店,便利店,罗森
B0K2B5BTDP,LAWSON罗森(中关村东升科技园店),西小口路与后屯东路交叉口东南300米,海淀区,116.357008,40.046857,购物服务;便民商店/便利店;便民商店/便利店,便利店,罗森
B0FFKSZPVJ,LAWSON罗森(华夏幸福创新中心店)(暂停营业),汽车博物馆西路8号院1号楼1层106+107,丰台区,116.301140,39.823936,购物服务;便民商店/便利店;便民商店/便利店,便利店,罗森
B0HGOZVK5W,罗森(京东大厦店),科创十一街18号院京东集团全球总部北京1号园区B4层,通州区,116.562515,39.787338,购物服务;便民商店/便利店;便民商店/便利店,便利店,罗森
B0JDFCXJGI,LAWSON罗森(融科资讯中心店),中关村街道科学院南路2号融科资讯中心C座地下一层,海淀区,116.326048,39.983487,购物服务;便民商店/便利店;便民商店/便利店,便利店,罗森
B0IUKUY5E4,LAWSON罗森(北京首都国际机场店),首都国际机场中心广场东侧北京首都国际机场T3-D航站楼F2层,顺义区,116.612883,40.067474,购物服务;便民商店/便利店;便民商店/便利店,便利店,罗森
B0LAO7PBTG,LAWSON罗森(北京金融科技学院店),宋庄镇宋庄南路甲1号3号楼1层103室,通州区,116.732284,39.936907,购物服务;便民商店/便利店;便民商店/便利店,便利店,罗森
B0L3HLBNZE,LAWSON,丰智东路与永丰路交叉口东60米,海淀区,116.249132,40.065857,购物服务;便民商店/便利店;便民商店/便利店,便利店,罗森
B0L6LS6ZN2,罗森(祥云小镇店),安泰大街6号,顺义区,116.537973,40.088216,购物服务;购物相关场所;购物相关场所,便利店,罗森
B0FFHHUBJT,LAWSON罗森(国泰良辰百货店),拱辰南大街7号院1号楼1层1-6,房山区,116.141702,39.729032,购物服务;便民商店/便利店;便民商店/便利店,便利店,罗森
B0FFMA91IJ,LAWSON罗森(科技经营管理学院店)(暂停营业),北京科技经营管理学院东南门旁,昌平区,116.289550,40.145255,购物服务;便民商店/便利店;便民商店/便利店,便利店,罗森
B0L19DGH3I,LAWSON罗森(地铁12号线驼房营站店),酒仙桥北路甲12号地铁A口,朝阳区,116.505631,39.980340,购物服务;购物相关场所;购物相关场所,便利店,罗森
B0FFHFPE0Z,LAWSON罗森(房山城关店),城关南大街51号国盛电器1层,房山区,115.984066,39.699718,购物服务;便民商店/便利店;便民商店/便利店,便利店,罗森
B0FFHSDFOU,LAWSON罗森(绿城百合店),阎村镇绿城百合公寓1号底商1层07B-1,房山区,116.073795,39.711917,购物服务;便民商店/便利店;便民商店/便利店,便利店,罗森
B0I3F7Q3GH,超市发罗森(太舟坞店),中关村创客小镇南门东140米,海淀区,116.202707,40.049698,购物服务;便民商店/便利店;便民商店/便利店,便利店,罗森
B0JGCUL4UP,LAWSON罗森(北京怀柔雁栖国际社区店),雁栖河东路18号院5号楼5-2室(乐园大街北侧雁栖国际社区旁),怀柔区,116.674628,40.348890,购物服务;便民商店/便利店;便民商店/便利店,便利店,罗森
B0FFID6A2H,LAWSON罗森(燕山院区北京燕化医院店),迎风街15号北京燕化医院,房山区,115.951454,39.727605,购物服务;便民商店/便利店;便民商店/便利店,便利店,罗森
B0GKHU1RIJ,LAWSON罗森(在东航基地-B4后勤楼店),礼贤镇苑景东一路东方航空公司核心区B4一层,大兴区,116.416248,39.527849,购物服务;便民商店/便利店;便民商店/便利店,便利店,罗森
B0IRJCNX0X,超市发罗森便利店,西北旺镇永旺家园小区二区(永丰南地铁站C东南口步行170米),海淀区,116.249280,40.065768,购物服务;便民商店/便利店;便民商店/便利店,便利店,罗森
B0IUPHYUV3,LAWSON罗森(政府街店),政府街14号昌平地铁站C口里,昌平区,116.234701,40.220903,购物服务;便民商店/便利店;便民商店/便利店,便利店,罗森
B0L6LA6XTS,罗森(北京怀柔科学城城市客厅店),永乐北一街3号院7号楼一层101室,怀柔区,116.696244,40.375613,购物服务;购物相关场所;购物相关场所,便利店,罗森
B0H6GUZA55,LAWSON罗森(北安河店),苏家坨镇北清路安河家园九里13号楼1层9,海淀区,116.130275,40.068633,购物服务;便民商店/便利店;便民商店/便利店,便利店,罗森
B0L31ZV21U,LAWSON罗森(新开街店),平谷镇新开街26-12号,平谷区,117.114740,40.142173,购物服务;便民商店/便利店;便民商店/便利店,便利店,罗森
B0LUPS09WP,罗森(环球新意百货店),延庆镇妫水北街39号1幢一层505-03B号,延庆区,115.975039,40.461825,购物服务;便民商店/便利店;便民商店/便利店,便利店,罗森
B0L1XGQTON,LAWSON朝阳高铁站店,辛庄二街与朝阳站西路交叉口东320米,朝阳区,116.507975,39.944325,购物服务;购物相关场所;购物相关场所,便利店,罗森
B0JRMOEWN1,LAWSON罗森(二店),古北水镇西南门旁,密云区,117.268954,40.645843,购物服务;便民商店/便利店;便民商店/便利店,便利店,罗森
B0J2VUELFM,空港捷瑞罗森北京共配中心,天纬四街与天柱路交叉口东南260米,顺义区,116.564798,40.069722,汽车服务;汽车服务相关;汽车服务相关,便利店,罗森
