shop_id,name,address,district,lng,lat,rating,review_count,avg_price,price_level,packages,package_count,opening_hours,phone,tags,source,crawl_time
l8pkxPCfltPtqfaC,M3商务KTV·夜总会,,昌平区,116.229154,40.22962,4.7,254.0,375.0,,"[{""title"": ""仅售2500元，价值3000元【海航霄云壹号高端场】请提前致电商家预约"", ""url"": ""http://t.dianping.com/deal/1497186883"", ""deal_id"": ""1497186883""}, {""title"": ""套餐（评论提及）"", ""price_hint"": ""195"", ""mentions"": ""1"", ""source"": ""review_text""}, {""title"": ""团购（评论提及）"", ""price_hint"": ""195"", ""mentions"": ""1"", ""source"": ""review_text""}, {""title"": ""欢唱时长（评论提及）"", ""price_hint"": ""195"", ""mentions"": ""3"", ""source"": ""review_text""}, {""title"": ""酒水相关（评论提及）"", ""price_hint"": ""195"", ""mentions"": ""11"", ""source"": ""review_text""}, {""title"": ""包厢相关（评论提及）"", ""price_hint"": ""195"", ""mentions"": ""14"", ""source"": ""review_text""}]",6.0,,,"{""category"": ""娱乐会所"", ""region"": ""亮马桥/三元桥"", ""shop_region"": ""北京 / 亮马桥/三元桥 / 娱乐会所"", ""amap_best_name"": ""嘉乐迪(夜总会KTV)"", ""amap_best_score"": ""0.4000"", ""amap_min_score_applied"": ""0.00"", ""review_rows"": ""100""}",search+review_api+offline_enriched,2026-02-14 23:44:33
l1r5hEjU3ox9sJnD,温莎KTV(国贸店),建国门外大街甲6号华熙国际中心C座B1层,朝阳区,116.456884,39.907086,4.4,16540.0,92.0,,"[{""title"": ""仅售298元，价值1268元【新春欢唱预售】啤酒1打或鸡尾酒1桶｜加上包房K歌"", ""url"": ""http://t.dianping.com/deal/1601021641"", ""deal_id"": ""1601021641""}, {""title"": ""套餐（评论提及）"", ""price_hint"": ""600,168,80"", ""mentions"": ""16"", ""source"": ""review_text""}, {""title"": ""团购（评论提及）"", ""price_hint"": ""600,168,80"", ""mentions"": ""11"", ""source"": ""review_text""}, {""title"": ""欢唱时长（评论提及）"", ""price_hint"": ""600,168,80"", ""mentions"": ""15"", ""source"": ""review_text""}, {""title"": ""酒水相关（评论提及）"", ""price_hint"": ""600,168,80"", ""mentions"": ""6"", ""source"": ""review_text""}, {""title"": ""包厢相关（评论提及）"", ""price_hint"": ""600,168,80"", ""mentions"": ""6"", ""source"": ""review_text""}]",6.0,,,"{""category"": ""量贩式KTV"", ""region"": ""建外大街"", ""shop_region"": ""北京 / 建外大街 / 量贩式KTV"", ""amap_best_name"": ""温莎KTV(北京国贸店)"", ""amap_best_score"": ""1.0000"", ""amap_min_score_applied"": ""0.00"", ""review_rows"": ""100""}",search+review_api+offline_enriched,2026-02-14 23:44:34
GazyRdGHt6xEpzcY,魅KTV·Al辅唱(工体店),北三环东路33号苏宁易购西侧4层,东城区,116.409872,39.969401,4.1,2624.0,77.0,,"[{""title"": ""仅售10元，价值30元【把我唱给你听】AI让你唱得跟歌星一样-MP3一首"", ""url"": ""http://t.dianping.com/deal/1584707116"", ""deal_id"": ""1584707116""}, {""title"": ""套餐（评论提及）"", ""price_hint"": ""20"", ""mentions"": ""3"", ""source"": ""review_text""}, {""title"": ""团购（评论提及）"", ""price_hint"": ""20"", ""mentions"": ""5"", ""source"": ""review_text""}, {""title"": ""欢唱时长（评论提及）"", ""price_hint"": ""20"", ""mentions"": ""18"", ""source"": ""review_text""}, {""title"": ""酒水相关（评论提及）"", ""price_hint"": ""20"", ""mentions"": ""3"", ""source"": ""review_text""}, {""title"": ""包厢相关（评论提及）"", ""price_hint"": ""20"", ""mentions"": ""9"", ""source"": ""review_text""}]",6.0,,,"{""category"": ""量贩式KTV"", ""region"": ""三里屯/工体"", ""shop_region"": ""北京 / 三里屯/工体 / 量贩式KTV"", ""amap_best_name"": ""魅KTV·AI辅唱(安贞桥店)"", ""amap_best_score"": ""0.7619"", ""amap_min_score_applied"": ""0.00"", ""review_rows"": ""100""}",search+review_api+offline_enriched,2026-02-14 23:44:34
Hat7RgQzr7zwvDbJ,纯K(国贸店),建国门外大街1号国贸商城3期北区裙楼四层,朝阳区,116.460797,39.911343,4.8,5284.0,141.0,,"[{""title"": ""套餐（评论提及）"", ""price_hint"": ""88"", ""mentions"": ""10"", ""source"": ""review_text""}, {""title"": ""团购（评论提及）"", ""price_hint"": ""88"", ""mentions"": ""4"", ""source"": ""review_text""}, {""title"": ""欢唱时长（评论提及）"", ""price_hint"": ""88"", ""mentions"": ""13"", ""source"": ""review_text""}, {""title"": ""酒水相关（评论提及）"", ""price_hint"": ""88"", ""mentions"": ""3"", ""source"": ""review_text""}, {""title"": ""包厢相关（评论提及）"", ""price_hint"": ""88"", ""mentions"": ""13"", ""source"": ""review_text""}]",5.0,,,"{""category"": ""量贩式KTV"", ""region"": ""国贸/建外"", ""shop_region"": ""北京 / 国贸/建外 / 量贩式KTV"", ""amap_best_name"": ""纯K(国贸店)"", ""amap_best_score"": ""1.0000"", ""amap_min_score_applied"": ""0.00"", ""review_rows"": ""100""}",search+review_api+offline_enriched,2026-02-14 23:44:35
G8mVv5xymHvtmPos,魅KTV(北京朝阳大悦城店),朝阳北路雅成一里19号世丰国际大厦B1层,朝阳区,116.52163,39.924023,4.1,2361.0,77.0,,"[{""title"": ""仅售555元，价值720元「狂欢价」活动专享|不含房费-百威小红瓶啤酒24瓶+小吃"", ""url"": ""http://t.dianping.com/deal/1188205259"", ""deal_id"": ""1188205259""}, {""title"": ""套餐（评论提及）"", ""price_hint"": """", ""mentions"": ""8"", ""source"": ""review_text""}, {""title"": ""团购（评论提及）"", ""price_hint"": """", ""mentions"": ""6"", ""source"": ""review_text""}, {""title"": ""欢唱时长（评论提及）"", ""price_hint"": """", ""mentions"": ""11"", ""source"": ""review_text""}, {""title"": ""酒水相关（评论提及）"", ""price_hint"": """", ""mentions"": ""8"", ""source"": ""review_text""}, {""title"": ""包厢相关（评论提及）"", ""price_hint"": """", ""mentions"": ""11"", ""source"": ""review_text""}]",6.0,,,"{""category"": ""量贩式KTV"", ""region"": ""青年路"", ""shop_region"": ""北京 / 青年路 / 量贩式KTV"", ""amap_best_name"": ""魅KTV(朝阳大悦城店)"", ""amap_best_score"": ""1.0000"", ""amap_min_score_applied"": ""0.00"", ""review_rows"": ""100""}",search+review_api+offline_enriched,2026-02-14 23:44:35
H7D7OtqGlID7k8Wt,星聚会KTV X party(THE BOX年轻力店),北京城区朝外大街12号THEBOX朝外年轻力中心3层01室,朝阳区,116.445099,39.922966,4.8,1549.0,78.0,,"[{""title"": ""仅售128元，价值365元【北京年轻力专享】阳光档| 软饮/美食类欢唱套餐"", ""url"": ""http://t.dianping.com/deal/963257056"", ""deal_id"": ""963257056""}, {""title"": ""套餐（评论提及）"", ""price_hint"": ""66"", ""mentions"": ""4"", ""source"": ""review_text""}, {""title"": ""团购（评论提及）"", ""price_hint"": ""66"", ""mentions"": ""6"", ""source"": ""review_text""}, {""title"": ""欢唱时长（评论提及）"", ""price_hint"": ""66"", ""mentions"": ""13"", ""source"": ""review_text""}, {""title"": ""酒水相关（评论提及）"", ""price_hint"": ""66"", ""mentions"": ""2"", ""source"": ""review_text""}, {""title"": ""包厢相关（评论提及）"", ""price_hint"": ""66"", ""mentions"": ""14"", ""source"": ""review_text""}]",6.0,,,"{""category"": ""量贩式KTV"", ""region"": ""朝外大街"", ""shop_region"": ""北京 / 朝外大街 / 量贩式KTV"", ""amap_best_name"": ""星聚会KTV(北京THE BOX年轻力店)"", ""amap_best_score"": ""0.8333"", ""amap_min_score_applied"": ""0.00"", ""review_rows"": ""100""}",search+review_api+offline_enriched,2026-02-14 23:44:36
k55CTXmrQdpFgFaf,酷秀KTV(国贸店),建国路93号院万达广场A座新世界百货3层,朝阳区,116.472707,39.909427,4.6,2223.0,81.0,,"[{""title"": ""仅售68元，价值148元【新年爆款王】3小时饮品欢唱（提前一天预约）"", ""url"": ""http://t.dianping.com/deal/1084387995"", ""deal_id"": ""1084387995""}, {""title"": ""套餐（评论提及）"", ""price_hint"": ""168"", ""mentions"": ""3"", ""source"": ""review_text""}, {""title"": ""团购（评论提及）"", ""price_hint"": ""168"", ""mentions"": ""3"", ""source"": ""review_text""}, {""title"": ""欢唱时长（评论提及）"", ""price_hint"": ""168"", ""mentions"": ""10"", ""source"": ""review_text""}, {""title"": ""酒水相关（评论提及）"", ""price_hint"": ""168"", ""mentions"": ""6"", ""source"": ""review_text""}, {""title"": ""包厢相关（评论提及）"", ""price_hint"": ""168"", ""mentions"": ""14"", ""source"": ""review_text""}]",6.0,,,"{""category"": ""量贩式KTV"", ""region"": ""大望路"", ""shop_region"": ""北京 / 大望路 / 量贩式KTV"", ""amap_best_name"": ""酷秀KTV(国贸店)"", ""amap_best_score"": ""1.0000"", ""amap_min_score_applied"": ""0.00"", ""review_rows"": ""100""}",search+review_api+offline_enriched,2026-02-14 23:44:36
l3St2hh7uuUHubVh,M,北京城区工人体育场北路8号院1号楼3层,朝阳区,116.452937,39.933128,4.1,1527.0,87.0,,"[{""title"": ""仅售1940元，价值2000元代金券"", ""url"": ""http://t.dianping.com/deal/1519340889"", ""deal_id"": ""1519340889""}, {""title"": ""套餐（评论提及）"", ""price_hint"": """", ""mentions"": ""4"", ""source"": ""review_text""}, {""title"": ""团购（评论提及）"", ""price_hint"": """", ""mentions"": ""7"", ""source"": ""review_text""}, {""title"": ""欢唱时长（评论提及）"", ""price_hint"": """", ""mentions"": ""12"", ""source"": ""review_text""}, {""title"": ""酒水相关（评论提及）"", ""price_hint"": """", ""mentions"": ""4"", ""source"": ""review_text""}, {""title"": ""包厢相关（评论提及）"", ""price_hint"": """", ""mentions"": ""11"", ""source"": ""review_text""}]",6.0,,,"{""category"": ""量贩式KTV"", ""region"": ""三里屯/工体"", ""shop_region"": ""北京 / 三里屯/工体 / 量贩式KTV"", ""amap_best_name"": ""METAK·元宇宙KTV"", ""amap_best_score"": ""0.3022"", ""amap_min_score_applied"": ""0.00"", ""review_rows"": ""100""}",search+review_api+offline_enriched,2026-02-14 23:44:36
G9DMBb2vMj88GKVI,魅KTV·AI辅唱(世贸天阶店),光华路9号天阶大厦五楼,朝阳区,116.453102,39.916061,4.3,1093.0,71.0,,"[{""title"": ""仅售25元，价值80元【把我唱给你听】AI让你唱得跟歌星一样-MP3四首"", ""url"": ""http://t.dianping.com/deal/1584865970"", ""deal_id"": ""1584865970""}, {""title"": ""套餐（评论提及）"", ""price_hint"": ""60"", ""mentions"": ""12"", ""source"": ""review_text""}, {""title"": ""团购（评论提及）"", ""price_hint"": ""60"", ""mentions"": ""5"", ""source"": ""review_text""}, {""title"": ""欢唱时长（评论提及）"", ""price_hint"": ""60"", ""mentions"": ""10"", ""source"": ""review_text""}, {""title"": ""酒水相关（评论提及）"", ""price_hint"": ""60"", ""mentions"": ""6"", ""source"": ""review_text""}, {""title"": ""包厢相关（评论提及）"", ""price_hint"": ""60"", ""mentions"": ""15"", ""source"": ""review_text""}]",6.0,,,"{""category"": ""量贩式KTV"", ""region"": ""朝外大街"", ""shop_region"": ""北京 / 朝外大街 / 量贩式KTV"", ""amap_best_name"": ""魅KTV(北京朝阳世贸天阶店)"", ""amap_best_score"": ""0.7273"", ""amap_min_score_applied"": ""0.00"", ""review_rows"": ""100""}",search+review_api+offline_enriched,2026-02-14 23:44:37
G1rzvooK08gdDYYF,魅KTV·AI辅唱(劲松店),北三环东路33号苏宁易购西侧4层,东城区,116.409872,39.969401,4.1,2738.0,,,"[{""title"": ""套餐（评论提及）"", ""price_hint"": ""28"", ""mentions"": ""7"", ""source"": ""review_text""}, {""title"": ""团购（评论提及）"", ""price_hint"": ""28"", ""mentions"": ""5"", ""source"": ""review_text""}, {""title"": ""欢唱时长（评论提及）"", ""price_hint"": ""28"", ""mentions"": ""18"", ""source"": ""review_text""}, {""title"": ""酒水相关（评论提及）"", ""price_hint"": ""28"", ""mentions"": ""8"", ""source"": ""review_text""}, {""title"": ""包厢相关（评论提及）"", ""price_hint"": ""28"", ""mentions"": ""3"", ""source"": ""review_text""}]",5.0,,,"{""category"": """", ""region"": """", ""shop_region"": ""北京 / 劲松/潘家园 / 量贩式KTV"", ""amap_best_name"": ""魅KTV·AI辅唱(安贞桥店)"", ""amap_best_score"": ""0.7619"", ""amap_min_score_applied"": ""0.00"", ""review_rows"": ""100""}",search+review_api+offline_enriched,2026-02-14 23:44:37
H3vkvDaQ5ztAr6yX,酷秀KTV(五道口店),北京城区成府路28号五道口购物中心4层,海淀区,116.339566,39.991506,4.6,2298.0,,,"[{""title"": ""套餐（评论提及）"", ""price_hint"": ""150"", ""mentions"": ""8"", ""source"": ""review_text""}, {""title"": ""团购（评论提及）"", ""price_hint"": ""150"", ""mentions"": ""4"", ""source"": ""review_text""}, {""title"": ""欢唱时长（评论提及）"", ""price_hint"": ""150"", ""mentions"": ""10"", ""source"": ""review_text""}, {""title"": ""酒水相关（评论提及）"", ""price_hint"": ""150"", ""mentions"": ""2"", ""source"": ""review_text""}, {""title"": ""包厢相关（评论提及）"", ""price_hint"": ""150"", ""mentions"": ""21"", ""source"": ""review_text""}]",5.0,,,"{""category"": """", ""region"": """", ""shop_region"": ""北京 / 五道口 / 量贩式KTV"", ""amap_best_name"": ""酷秀KTV·派对(五道口店)"", ""amap_best_score"": ""0.8889"", ""amap_min_score_applied"": ""0.00"", ""review_rows"": ""100""}",search+review_api+offline_enriched,2026-02-14 23:44:38
H4ARwVEo16r44RON,纯K(望京店),北京城区望京东园四区3号楼嘉瑞文化中心B1层(望京阿里对面),朝阳区,116.490263,40.001221,4.8,1831.0,,,"[{""title"": ""套餐（评论提及）"", ""price_hint"": ""58,30,100"", ""mentions"": ""9"", ""source"": ""review_text""}, {""title"": ""团购（评论提及）"", ""price_hint"": ""58,30,100"", ""mentions"": ""7"", ""source"": ""review_text""}, {""title"": ""欢唱时长（评论提及）"", ""price_hint"": ""58,30,100"", ""mentions"": ""21"", ""source"": ""review_text""}, {""title"": ""酒水相关（评论提及）"", ""price_hint"": ""58,30,100"", ""mentions"": ""8"", ""source"": ""review_text""}, {""title"": ""包厢相关（评论提及）"", ""price_hint"": ""58,30,100"", ""mentions"": ""7"", ""source"": ""review_text""}]",5.0,,,"{""category"": """", ""region"": """", ""shop_region"": ""北京 / 望京 / 量贩式KTV"", ""amap_best_name"": ""纯K(望京店)"", ""amap_best_score"": ""1.0000"", ""amap_min_score_applied"": ""0.00"", ""review_rows"": ""100""}",search+review_api+offline_enriched,2026-02-14 23:44:38
G9hPKXtRriVP7WT5,魅KTV Plus·AI辅唱(朝阳大悦城店),朝阳北路雅成一里19号世丰国际大厦B1层,朝阳区,116.52163,39.924023,4.1,706.0,78.0,,"[{""title"": ""仅售25元，价值80元【把我唱给你听】AI让你唱得跟歌星一样-MP3四首"", ""url"": ""http://t.dianping.com/deal/1584865970"", ""deal_id"": ""1584865970""}, {""title"": ""套餐（评论提及）"", ""price_hint"": ""10"", ""mentions"": ""5"", ""source"": ""review_text""}, {""title"": ""团购（评论提及）"", ""price_hint"": ""10"", ""mentions"": ""13"", ""source"": ""review_text""}, {""title"": ""欢唱时长（评论提及）"", ""price_hint"": ""10"", ""mentions"": ""12"", ""source"": ""review_text""}, {""title"": ""酒水相关（评论提及）"", ""price_hint"": ""10"", ""mentions"": ""7"", ""source"": ""review_text""}, {""title"": ""包厢相关（评论提及）"", ""price_hint"": ""10"", ""mentions"": ""7"", ""source"": ""review_text""}]",6.0,,,"{""category"": ""量贩式KTV"", ""region"": ""青年路"", ""shop_region"": ""北京 / 青年路 / 量贩式KTV"", ""amap_best_name"": ""魅KTV(朝阳大悦城店)"", ""amap_best_score"": ""0.6923"", ""amap_min_score_applied"": ""0.00"", ""review_rows"": ""100""}",search+review_api+offline_enriched,2026-02-14 23:44:39
k6j1to9YNyvu2Cfv,唱吧麦颂ktv(百子湾店),北京城区东四环中路78号大成国际A1座,朝阳区,116.491414,39.899479,4.3,2115.0,,,"[{""title"": ""套餐（评论提及）"", ""price_hint"": ""100"", ""mentions"": ""8"", ""source"": ""review_text""}, {""title"": ""团购（评论提及）"", ""price_hint"": ""100"", ""mentions"": ""7"", ""source"": ""review_text""}, {""title"": ""欢唱时长（评论提及）"", ""price_hint"": ""100"", ""mentions"": ""3"", ""source"": ""review_text""}, {""title"": ""酒水相关（评论提及）"", ""price_hint"": ""100"", ""mentions"": ""1"", ""source"": ""review_text""}, {""title"": ""包厢相关（评论提及）"", ""price_hint"": ""100"", ""mentions"": ""4"", ""source"": ""review_text""}]",5.0,,,"{""category"": """", ""region"": """", ""shop_region"": ""北京 / 百子湾 / 量贩式KTV"", ""amap_best_name"": ""唱吧麦颂KTV(百子湾店)"", ""amap_best_score"": ""1.0000"", ""amap_min_score_applied"": ""0.00"", ""review_rows"": ""100""}",search+review_api+offline_enriched,2026-02-14 23:44:39
FWFpZpVUZ55SBok7,温莎KTV(CBD世界城店),金汇路中骏世界城D座B1-06,朝阳区,116.451876,39.917594,4.4,3384.0,,,"[{""title"": ""套餐（评论提及）"", ""price_hint"": """", ""mentions"": ""13"", ""source"": ""review_text""}, {""title"": ""团购（评论提及）"", ""price_hint"": """", ""mentions"": ""6"", ""source"": ""review_text""}, {""title"": ""欢唱时长（评论提及）"", ""price_hint"": """", ""mentions"": ""4"", ""source"": ""review_text""}, {""title"": ""酒水相关（评论提及）"", ""price_hint"": """", ""mentions"": ""13"", ""source"": ""review_text""}, {""title"": ""包厢相关（评论提及）"", ""price_hint"": """", ""mentions"": ""10"", ""source"": ""review_text""}]",5.0,,,"{""category"": """", ""region"": """", ""shop_region"": ""北京 / 朝外大街 / 量贩式KTV"", ""amap_best_name"": ""温莎KTV(CBD世界城店)"", ""amap_best_score"": ""1.0000"", ""amap_min_score_applied"": ""0.00"", ""review_rows"": ""100""}",search+review_api+offline_enriched,2026-02-14 23:44:40
k5DXufIfqed8a3hs,星聚会KTV(SKP店),八里庄街道建国路89号院17号楼1-B1层,朝阳区,116.482051,39.911138,4.8,370.0,78.0,,"[{""title"": ""仅售468元，价值600元【公益品牌】24瓶啤酒套餐"", ""url"": ""http://t.dianping.com/deal/1176632096"", ""deal_id"": ""1176632096""}, {""title"": ""套餐（评论提及）"", ""price_hint"": """", ""mentions"": ""7"", ""source"": ""review_text""}, {""title"": ""团购（评论提及）"", ""price_hint"": """", ""mentions"": ""6"", ""source"": ""review_text""}, {""title"": ""欢唱时长（评论提及）"", ""price_hint"": """", ""mentions"": ""5"", ""source"": ""review_text""}, {""title"": ""酒水相关（评论提及）"", ""price_hint"": """", ""mentions"": ""3"", ""source"": ""review_text""}, {""title"": ""包厢相关（评论提及）"", ""price_hint"": """", ""mentions"": ""13"", ""source"": ""review_text""}]",6.0,,,"{""category"": ""量贩式KTV"", ""region"": ""大望路"", ""shop_region"": ""北京 / 大望路 / 量贩式KTV"", ""amap_best_name"": ""星聚会KTV(X Party北京SKP店)"", ""amap_best_score"": ""0.7500"", ""amap_min_score_applied"": ""0.00"", ""review_rows"": ""100""}",search+review_api+offline_enriched,2026-02-14 23:44:40
H5l2lR3tTA957mp1,星聚会KTV(北京新光大大融城店),北京城区永顺南街8号2C商业街4层,通州区,116.658788,39.917713,4.8,698.0,,,"[{""title"": ""套餐（评论提及）"", ""price_hint"": """", ""mentions"": ""3"", ""source"": ""review_text""}, {""title"": ""团购（评论提及）"", ""price_hint"": """", ""mentions"": ""5"", ""source"": ""review_text""}, {""title"": ""欢唱时长（评论提及）"", ""price_hint"": """", ""mentions"": ""11"", ""source"": ""review_text""}, {""title"": ""酒水相关（评论提及）"", ""price_hint"": """", ""mentions"": ""1"", ""source"": ""review_text""}, {""title"": ""包厢相关（评论提及）"", ""price_hint"": """", ""mentions"": ""6"", ""source"": ""review_text""}]",5.0,,,"{""category"": """", ""region"": """", ""shop_region"": ""北京 / 新华大街 / 量贩式KTV"", ""amap_best_name"": ""星聚会KTV(新光大大融城店)"", ""amap_best_score"": ""1.0000"", ""amap_min_score_applied"": ""0.00"", ""review_rows"": ""100""}",search+review_api+offline_enriched,2026-02-14 23:44:40
k2HtsMhTCfbzMZjr,星聚会KTV(合生汇黑金店),北京城区西大望路甲22号院1号楼商业部分6层01/02B号,朝阳区,116.478129,39.89427,4.5,4074.0,,,"[{""title"": ""套餐（评论提及）"", ""price_hint"": """", ""mentions"": ""7"", ""source"": ""review_text""}, {""title"": ""团购（评论提及）"", ""price_hint"": """", ""mentions"": ""3"", ""source"": ""review_text""}, {""title"": ""欢唱时长（评论提及）"", ""price_hint"": """", ""mentions"": ""19"", ""source"": ""review_text""}, {""title"": ""酒水相关（评论提及）"", ""price_hint"": """", ""mentions"": ""5"", ""source"": ""review_text""}, {""title"": ""包厢相关（评论提及）"", ""price_hint"": """", ""mentions"": ""19"", ""source"": ""review_text""}]",5.0,,,"{""category"": """", ""region"": """", ""shop_region"": ""北京 / 大望路 / 量贩式KTV"", ""amap_best_name"": ""星聚会KTV(合生汇店)"", ""amap_best_score"": ""0.9000"", ""amap_min_score_applied"": ""0.00"", ""review_rows"": ""100""}",search+review_api+offline_enriched,2026-02-14 23:44:41
G2Dn6BZ2D2fmWfxg,音乐汇量贩·KTV(京粮广场店),欣旺北大街8号鸿坤广场购物中心F6层,大兴区,116.339725,39.791625,3.8,422.0,,,"[{""title"": ""套餐（评论提及）"", ""price_hint"": """", ""mentions"": ""9"", ""source"": ""review_text""}, {""title"": ""团购（评论提及）"", ""price_hint"": """", ""mentions"": ""7"", ""source"": ""review_text""}, {""title"": ""欢唱时长（评论提及）"", ""price_hint"": """", ""mentions"": ""9"", ""source"": ""review_text""}, {""title"": ""酒水相关（评论提及）"", ""price_hint"": """", ""mentions"": ""6"", ""source"": ""review_text""}, {""title"": ""包厢相关（评论提及）"", ""price_hint"": """", ""mentions"": ""13"", ""source"": ""review_text""}]",5.0,,,"{""category"": """", ""region"": """", ""shop_region"": ""北京 / 田村 / 量贩式KTV"", ""amap_best_name"": ""友乐汇量贩式KTV(鸿坤广场店)"", ""amap_best_score"": ""0.7000"", ""amap_min_score_applied"": ""0.00"", ""review_rows"": ""100""}",search+review_api+offline_enriched,2026-02-14 23:44:41
k4d5PIe8n4lSJg0Z,魅KTV·AI辅唱(西单店),北三环东路33号苏宁易购西侧4层,东城区,116.409872,39.969401,4.2,2177.0,,,"[{""title"": ""套餐（评论提及）"", ""price_hint"": ""10"", ""mentions"": ""6"", ""source"": ""review_text""}, {""title"": ""团购（评论提及）"", ""price_hint"": ""10"", ""mentions"": ""4"", ""source"": ""review_text""}, {""title"": ""欢唱时长（评论提及）"", ""price_hint"": ""10"", ""mentions"": ""15"", ""source"": ""review_text""}, {""title"": ""酒水相关（评论提及）"", ""price_hint"": ""10"", ""mentions"": ""2"", ""source"": ""review_text""}, {""title"": ""包厢相关（评论提及）"", ""price_hint"": ""10"", ""mentions"": ""8"", ""source"": ""review_text""}]",5.0,,,"{""category"": """", ""region"": """", ""shop_region"": ""北京 / 西单 / 量贩式KTV"", ""amap_best_name"": ""魅KTV·AI辅唱(安贞桥店)"", ""amap_best_score"": ""0.7619"", ""amap_min_score_applied"": ""0.00"", ""review_rows"": ""100""}",search+review_api+offline_enriched,2026-02-14 23:44:42
F68D5X74NOoNE76p,星聚会KTV(东坝万达广场店),乐业路与七辛中街交叉口北300米沙河万达1号门2F,昌平区,116.313926,40.107438,4.4,635.0,,,"[{""title"": ""套餐（评论提及）"", ""price_hint"": """", ""mentions"": ""9"", ""source"": ""review_text""}, {""title"": ""团购（评论提及）"", ""price_hint"": """", ""mentions"": ""3"", ""source"": ""review_text""}, {""title"": ""欢唱时长（评论提及）"", ""price_hint"": """", ""mentions"": ""9"", ""source"": ""review_text""}, {""title"": ""包厢相关（评论提及）"", ""price_hint"": """", ""mentions"": ""6"", ""source"": ""review_text""}]",4.0,,,"{""category"": """", ""region"": """", ""shop_region"": ""北京 / 东坝 / 量贩式KTV"", ""amap_best_name"": ""星聚会ktv(沙河万达广场店)"", ""amap_best_score"": ""0.8333"", ""amap_min_score_applied"": ""0.00"", ""review_rows"": ""100""}",search+review_api+offline_enriched,2026-02-14 23:44:42
k21cC98m2QnutplF,华熙PARTY匯(五棵松店),北京城区复兴路69号华熙LIVE·五棵松F1层,海淀区,116.276441,39.910625,3.8,2294.0,,,"[{""title"": ""套餐（评论提及）"", ""price_hint"": ""1288,88,355"", ""mentions"": ""8"", ""source"": ""review_text""}, {""title"": ""团购（评论提及）"", ""price_hint"": ""1288,88,355"", ""mentions"": ""10"", ""source"": ""review_text""}, {""title"": ""欢唱时长（评论提及）"", ""price_hint"": ""1288,88,355"", ""mentions"": ""24"", ""source"": ""review_text""}, {""title"": ""酒水相关（评论提及）"", ""price_hint"": ""1288,88,355"", ""mentions"": ""4"", ""source"": ""review_text""}, {""title"": ""包厢相关（评论提及）"", ""price_hint"": ""1288,88,355"", ""mentions"": ""9"", ""source"": ""review_text""}]",5.0,,,"{""category"": """", ""region"": """", ""shop_region"": ""北京 / 五棵松 / 量贩式KTV"", ""amap_best_name"": ""华熙PARTY汇(华熙LIVE·五棵松店)"", ""amap_best_score"": ""0.7647"", ""amap_min_score_applied"": ""0.00"", ""review_rows"": ""100""}",search+review_api+offline_enriched,2026-02-14 23:44:42
l1sMCyYQoLc0tl5n,METAK·元宇宙KTV(三里屯店),北京城区工人体育场北路8号院1号楼3层,朝阳区,116.452937,39.933128,4.8,1043.0,,,"[{""title"": ""套餐（评论提及）"", ""price_hint"": ""40,350"", ""mentions"": ""7"", ""source"": ""review_text""}, {""title"": ""团购（评论提及）"", ""price_hint"": ""40,350"", ""mentions"": ""5"", ""source"": ""review_text""}, {""title"": ""欢唱时长（评论提及）"", ""price_hint"": ""40,350"", ""mentions"": ""9"", ""source"": ""review_text""}, {""title"": ""酒水相关（评论提及）"", ""price_hint"": ""40,350"", ""mentions"": ""3"", ""source"": ""review_text""}, {""title"": ""包厢相关（评论提及）"", ""price_hint"": ""40,350"", ""mentions"": ""5"", ""source"": ""review_text""}]",5.0,,,"{""category"": """", ""region"": """", ""shop_region"": ""北京 / 三里屯/工体 / 量贩式KTV"", ""amap_best_name"": ""METAK·元宇宙KTV"", ""amap_best_score"": ""0.8073"", ""amap_min_score_applied"": ""0.00"", ""review_rows"": ""100""}",search+review_api+offline_enriched,2026-02-14 23:44:43
kaiDzhcGlRNlLHKk,魅KTV Plus·AI辅唱(五棵松万达店),复兴路69号3号楼4层403,海淀区,116.27648,39.912173,4.1,1110.0,,,"[{""title"": ""套餐（评论提及）"", ""price_hint"": ""73"", ""mentions"": ""16"", ""source"": ""review_text""}, {""title"": ""团购（评论提及）"", ""price_hint"": ""73"", ""mentions"": ""8"", ""source"": ""review_text""}, {""title"": ""欢唱时长（评论提及）"", ""price_hint"": ""73"", ""mentions"": ""17"", ""source"": ""review_text""}, {""title"": ""酒水相关（评论提及）"", ""price_hint"": ""73"", ""mentions"": ""5"", ""source"": ""review_text""}, {""title"": ""包厢相关（评论提及）"", ""price_hint"": ""73"", ""mentions"": ""6"", ""source"": ""review_text""}]",5.0,,,"{""category"": """", ""region"": """", ""shop_region"": ""北京 / 五棵松 / 量贩式KTV"", ""amap_best_name"": ""魅KTV(五棵松万达店)"", ""amap_best_score"": ""0.6923"", ""amap_min_score_applied"": ""0.00"", ""review_rows"": ""100""}",search+review_api+offline_enriched,2026-02-14 23:44:43
H7WN6kHkkgWj9v33,伍贰零·影音k歌沐足(百子湾颜值店),北京城区东四环中路78号大成国际A1座,朝阳区,116.491414,39.899479,4.4,76.0,,,"[{""title"": ""套餐（评论提及）"", ""price_hint"": """", ""mentions"": ""1"", ""source"": ""review_text""}, {""title"": ""团购（评论提及）"", ""price_hint"": """", ""mentions"": ""2"", ""source"": ""review_text""}]",2.0,,,"{""category"": """", ""region"": """", ""shop_region"": ""北京 / 大望路 / 休闲按摩足浴"", ""amap_best_name"": ""唱吧麦颂KTV(百子湾店)"", ""amap_best_score"": ""0.4800"", ""amap_min_score_applied"": ""0.00"", ""review_rows"": ""100""}",search+review_api+offline_enriched,2026-02-14 23:44:44
G3LDd5VypdWeF7TA,魅KTV·AI辅唱(百子湾店),北三环东路33号苏宁易购西侧4层,东城区,116.409872,39.969401,4.5,1188.0,,,"[{""title"": ""套餐（评论提及）"", ""price_hint"": ""20"", ""mentions"": ""8"", ""source"": ""review_text""}, {""title"": ""团购（评论提及）"", ""price_hint"": ""20"", ""mentions"": ""8"", ""source"": ""review_text""}, {""title"": ""欢唱时长（评论提及）"", ""price_hint"": ""20"", ""mentions"": ""5"", ""source"": ""review_text""}, {""title"": ""酒水相关（评论提及）"", ""price_hint"": ""20"", ""mentions"": ""5"", ""source"": ""review_text""}, {""title"": ""包厢相关（评论提及）"", ""price_hint"": ""20"", ""mentions"": ""8"", ""source"": ""review_text""}]",5.0,,,"{""category"": """", ""region"": """", ""shop_region"": ""北京 / 百子湾 / 量贩式KTV"", ""amap_best_name"": ""魅KTV·AI辅唱(安贞桥店)"", ""amap_best_score"": ""0.7273"", ""amap_min_score_applied"": ""0.00"", ""review_rows"": ""100""}",search+review_api+offline_enriched,2026-02-14 23:44:44
k5I4bvhlKB8vRfmV,唱吧麦颂KTV(龙湖时代天街店),北京城区永兴路7号院9号楼403、402,大兴区,116.320791,39.684834,4.8,464.0,,,"[{""title"": ""套餐（评论提及）"", ""price_hint"": """", ""mentions"": ""1"", ""source"": ""review_text""}, {""title"": ""团购（评论提及）"", ""price_hint"": """", ""mentions"": ""6"", ""source"": ""review_text""}, {""title"": ""欢唱时长（评论提及）"", ""price_hint"": """", ""mentions"": ""4"", ""source"": ""review_text""}, {""title"": ""酒水相关（评论提及）"", ""price_hint"": """", ""mentions"": ""3"", ""source"": ""review_text""}, {""title"": ""包厢相关（评论提及）"", ""price_hint"": """", ""mentions"": ""1"", ""source"": ""review_text""}]",5.0,,,"{""category"": """", ""region"": """", ""shop_region"": ""北京 / 大兴龙湖天街 / 量贩式KTV"", ""amap_best_name"": ""唱吧麦颂KTV(龙湖天街店)"", ""amap_best_score"": ""0.9167"", ""amap_min_score_applied"": ""0.00"", ""review_rows"": ""100""}",search+review_api+offline_enriched,2026-02-14 23:44:45
l505nlVX6dxZ2UI6,米莱迪量贩KTV,汇豪商城,房山区,116.069316,39.651298,3.4,54.0,,,"[{""title"": ""套餐（评论提及）"", ""price_hint"": """", ""mentions"": ""7"", ""source"": ""review_text""}, {""title"": ""团购（评论提及）"", ""price_hint"": """", ""mentions"": ""17"", ""source"": ""review_text""}, {""title"": ""欢唱时长（评论提及）"", ""price_hint"": """", ""mentions"": ""18"", ""source"": ""review_text""}, {""title"": ""酒水相关（评论提及）"", ""price_hint"": """", ""mentions"": ""7"", ""source"": ""review_text""}, {""title"": ""包厢相关（评论提及）"", ""price_hint"": """", ""mentions"": ""10"", ""source"": ""review_text""}]",5.0,,,"{""category"": """", ""region"": """", ""shop_region"": ""北京 / 窦店镇商圈 / 量贩式KTV"", ""amap_best_name"": ""米莱迪量贩ktv(汇豪商城店)"", ""amap_best_score"": ""0.5415"", ""amap_min_score_applied"": ""0.00"", ""review_rows"": ""100""}",search+review_api+offline_enriched,2026-02-14 23:44:45
H5jMFmXIVrThEgCA,錢櫃 KTV(亚奥店),北京城区安立路99号名人国际大酒店4F,朝阳区,116.407034,39.995784,4.8,1284.0,,,"[{""title"": ""套餐（评论提及）"", ""price_hint"": ""58"", ""mentions"": ""9"", ""source"": ""review_text""}, {""title"": ""团购（评论提及）"", ""price_hint"": ""58"", ""mentions"": ""10"", ""source"": ""review_text""}, {""title"": ""欢唱时长（评论提及）"", ""price_hint"": ""58"", ""mentions"": ""15"", ""source"": ""review_text""}, {""title"": ""酒水相关（评论提及）"", ""price_hint"": ""58"", ""mentions"": ""3"", ""source"": ""review_text""}, {""title"": ""包厢相关（评论提及）"", ""price_hint"": ""58"", ""mentions"": ""16"", ""source"": ""review_text""}]",5.0,,,"{""category"": """", ""region"": """", ""shop_region"": ""北京 / 亚运村商圈 / 量贩式KTV"", ""amap_best_name"": ""酷秀KTV(亚运村店)"", ""amap_best_score"": ""0.5333"", ""amap_min_score_applied"": ""0.00"", ""review_rows"": ""100""}",search+review_api+offline_enriched,2026-02-14 23:44:45
l6uK9BeMEkF2gzIJ,魅影梦空间KTV·AI辅唱(世纪金源店),北三环东路33号苏宁易购西侧4层,东城区,116.409872,39.969401,4.5,159.0,,,"[{""title"": ""套餐（评论提及）"", ""price_hint"": ""190"", ""mentions"": ""2"", ""source"": ""review_text""}, {""title"": ""团购（评论提及）"", ""price_hint"": ""190"", ""mentions"": ""7"", ""source"": ""review_text""}, {""title"": ""欢唱时长（评论提及）"", ""price_hint"": ""190"", ""mentions"": ""12"", ""source"": ""review_text""}, {""title"": ""酒水相关（评论提及）"", ""price_hint"": ""190"", ""mentions"": ""4"", ""source"": ""review_text""}, {""title"": ""包厢相关（评论提及）"", ""price_hint"": ""190"", ""mentions"": ""9"", ""source"": ""review_text""}]",5.0,,,"{""category"": """", ""region"": """", ""shop_region"": ""北京 / 远大路 / 量贩式KTV"", ""amap_best_name"": ""魅KTV·AI辅唱(安贞桥店)"", ""amap_best_score"": ""0.5926"", ""amap_min_score_applied"": ""0.00"", ""review_rows"": ""100""}",search+review_api+offline_enriched,2026-02-14 23:44:46
k2nxuQaSLI0g6Jyz,唱吧麦颂KTV(西单华威潮铺街店),西单北大街130号华威潮铺街5层,西城区,116.374545,39.911608,4.3,2363.0,,,"[{""title"": ""套餐（评论提及）"", ""price_hint"": ""70,80"", ""mentions"": ""7"", ""source"": ""review_text""}, {""title"": ""团购（评论提及）"", ""price_hint"": ""70,80"", ""mentions"": ""13"", ""source"": ""review_text""}, {""title"": ""欢唱时长（评论提及）"", ""price_hint"": ""70,80"", ""mentions"": ""16"", ""source"": ""review_text""}, {""title"": ""酒水相关（评论提及）"", ""price_hint"": ""70,80"", ""mentions"": ""3"", ""source"": ""review_text""}, {""title"": ""包厢相关（评论提及）"", ""price_hint"": ""70,80"", ""mentions"": ""5"", ""source"": ""review_text""}]",5.0,,,"{""category"": """", ""region"": """", ""shop_region"": ""北京 / 西单 / 量贩式KTV"", ""amap_best_name"": ""唱吧麦颂量贩KTV(西单店)"", ""amap_best_score"": ""0.7826"", ""amap_min_score_applied"": ""0.00"", ""review_rows"": ""100""}",search+review_api+offline_enriched,2026-02-14 23:44:46
H6TjKw9duFE83Mlb,星聚会KTV(中关村领展购物广场店),北京城区丹棱街甲1号6层601-03号,海淀区,116.314805,39.979257,4.3,2722.0,,,"[{""title"": ""套餐（评论提及）"", ""price_hint"": ""68"", ""mentions"": ""7"", ""source"": ""review_text""}, {""title"": ""团购（评论提及）"", ""price_hint"": ""68"", ""mentions"": ""6"", ""source"": ""review_text""}, {""title"": ""欢唱时长（评论提及）"", ""price_hint"": ""68"", ""mentions"": ""11"", ""source"": ""review_text""}, {""title"": ""酒水相关（评论提及）"", ""price_hint"": ""68"", ""mentions"": ""6"", ""source"": ""review_text""}, {""title"": ""包厢相关（评论提及）"", ""price_hint"": ""68"", ""mentions"": ""10"", ""source"": ""review_text""}]",5.0,,,"{""category"": """", ""region"": """", ""shop_region"": ""北京 / 中关村商圈 / 量贩式KTV"", ""amap_best_name"": ""星聚会ktv(中关村领展店)"", ""amap_best_score"": ""0.8462"", ""amap_min_score_applied"": ""0.00"", ""review_rows"": ""100""}",search+review_api+offline_enriched,2026-02-14 23:44:47
G5ILCZDKVh86FO68,金麦圣KTV,广安门内大街6枫桦豪景(菜市口地铁站D西南口步行270米),西城区,116.371785,39.888665,3.2,1533.0,,,"[{""title"": ""套餐（评论提及）"", ""price_hint"": ""39,129"", ""mentions"": ""13"", ""source"": ""review_text""}, {""title"": ""团购（评论提及）"", ""price_hint"": ""39,129"", ""mentions"": ""5"", ""source"": ""review_text""}, {""title"": ""欢唱时长（评论提及）"", ""price_hint"": ""39,129"", ""mentions"": ""12"", ""source"": ""review_text""}, {""title"": ""酒水相关（评论提及）"", ""price_hint"": ""39,129"", ""mentions"": ""16"", ""source"": ""review_text""}, {""title"": ""包厢相关（评论提及）"", ""price_hint"": ""39,129"", ""mentions"": ""7"", ""source"": ""review_text""}]",5.0,,,"{""category"": """", ""region"": """", ""shop_region"": ""北京 / 菜市口/陶然亭 / 量贩式KTV"", ""amap_best_name"": ""金麦圣量贩KTV"", ""amap_best_score"": ""1.0000"", ""amap_min_score_applied"": ""0.00"", ""review_rows"": ""100""}",search+review_api+offline_enriched,2026-02-14 23:44:47
H2KGW4ziZgX53IM4,酷秀KTV(中关村店),海淀大街中关村5号3层EF302,海淀区,116.312655,39.983123,4.4,795.0,,,"[{""title"": ""套餐（评论提及）"", ""price_hint"": ""10"", ""mentions"": ""8"", ""source"": ""review_text""}, {""title"": ""团购（评论提及）"", ""price_hint"": ""10"", ""mentions"": ""5"", ""source"": ""review_text""}, {""title"": ""欢唱时长（评论提及）"", ""price_hint"": ""10"", ""mentions"": ""4"", ""source"": ""review_text""}, {""title"": ""酒水相关（评论提及）"", ""price_hint"": ""10"", ""mentions"": ""14"", ""source"": ""review_text""}, {""title"": ""包厢相关（评论提及）"", ""price_hint"": ""10"", ""mentions"": ""11"", ""source"": ""review_text""}]",5.0,,,"{""category"": """", ""region"": """", ""shop_region"": ""北京 / 中关村商圈 / 量贩式KTV"", ""amap_best_name"": ""酷秀KTV·派对(中关村店)"", ""amap_best_score"": ""0.8889"", ""amap_min_score_applied"": ""0.00"", ""review_rows"": ""100""}",search+review_api+offline_enriched,2026-02-14 23:44:48
l4VtRYb0uqXzvy9Z,唱吧麦颂KTV(崇文门店),区崇文门外大街40号4F北,东城区,116.419054,39.896804,3.9,3731.0,,,"[{""title"": ""套餐（评论提及）"", ""price_hint"": ""200,100"", ""mentions"": ""7"", ""source"": ""review_text""}, {""title"": ""团购（评论提及）"", ""price_hint"": ""200,100"", ""mentions"": ""6"", ""source"": ""review_text""}, {""title"": ""欢唱时长（评论提及）"", ""price_hint"": ""200,100"", ""mentions"": ""13"", ""source"": ""review_text""}, {""title"": ""酒水相关（评论提及）"", ""price_hint"": ""200,100"", ""mentions"": ""3"", ""source"": ""review_text""}, {""title"": ""包厢相关（评论提及）"", ""price_hint"": ""200,100"", ""mentions"": ""4"", ""source"": ""review_text""}]",5.0,,,"{""category"": """", ""region"": """", ""shop_region"": ""北京 / 崇文门 / 量贩式KTV"", ""amap_best_name"": ""唱吧麦颂KTV(崇文门店)"", ""amap_best_score"": ""1.0000"", ""amap_min_score_applied"": ""0.00"", ""review_rows"": ""100""}",search+review_api+offline_enriched,2026-02-14 23:44:48
l9Si4ZJW4nJu1jgr,魅KTV·AI辅唱(簋街店),北三环东路33号苏宁易购西侧4层,东城区,116.409872,39.969401,3.8,4310.0,,,"[{""title"": ""套餐（评论提及）"", ""price_hint"": ""1796,298,10"", ""mentions"": ""17"", ""source"": ""review_text""}, {""title"": ""团购（评论提及）"", ""price_hint"": ""1796,298,10"", ""mentions"": ""10"", ""source"": ""review_text""}, {""title"": ""欢唱时长（评论提及）"", ""price_hint"": ""1796,298,10"", ""mentions"": ""26"", ""source"": ""review_text""}, {""title"": ""酒水相关（评论提及）"", ""price_hint"": ""1796,298,10"", ""mentions"": ""3"", ""source"": ""review_text""}, {""title"": ""包厢相关（评论提及）"", ""price_hint"": ""1796,298,10"", ""mentions"": ""8"", ""source"": ""review_text""}]",5.0,,,"{""category"": """", ""region"": """", ""shop_region"": ""北京 / 北新桥/簋街 / 量贩式KTV"", ""amap_best_name"": ""魅KTV·AI辅唱(安贞桥店)"", ""amap_best_score"": ""0.7619"", ""amap_min_score_applied"": ""0.00"", ""review_rows"": ""100""}",search+review_api+offline_enriched,2026-02-14 23:44:48
k7ombEX594NQiQui,乐巢KTV•派对(西铁营万达店),西铁营中路1号万达广场(西铁营店)2F层,丰台区,116.35493,39.860636,3.6,699.0,,,"[{""title"": ""套餐（评论提及）"", ""price_hint"": ""178"", ""mentions"": ""15"", ""source"": ""review_text""}, {""title"": ""团购（评论提及）"", ""price_hint"": ""178"", ""mentions"": ""8"", ""source"": ""review_text""}, {""title"": ""欢唱时长（评论提及）"", ""price_hint"": ""178"", ""mentions"": ""16"", ""source"": ""review_text""}, {""title"": ""酒水相关（评论提及）"", ""price_hint"": ""178"", ""mentions"": ""12"", ""source"": ""review_text""}, {""title"": ""包厢相关（评论提及）"", ""price_hint"": ""178"", ""mentions"": ""12"", ""source"": ""review_text""}]",5.0,,,"{""category"": """", ""region"": """", ""shop_region"": ""北京 / 北京南站/开阳里 / 量贩式KTV"", ""amap_best_name"": ""乐巢量贩式KTV(万达广场西铁营店)"", ""amap_best_score"": ""0.6667"", ""amap_min_score_applied"": ""0.00"", ""review_rows"": ""100""}",search+review_api+offline_enriched,2026-02-14 23:44:49
k9hhpXpJvsf4ZUO5,M,北京城区工人体育场北路8号院1号楼3层,朝阳区,116.452937,39.933128,4.3,1448.0,,,"[{""title"": ""套餐（评论提及）"", ""price_hint"": """", ""mentions"": ""3"", ""source"": ""review_text""}, {""title"": ""团购（评论提及）"", ""price_hint"": """", ""mentions"": ""2"", ""source"": ""review_text""}, {""title"": ""欢唱时长（评论提及）"", ""price_hint"": """", ""mentions"": ""8"", ""source"": ""review_text""}, {""title"": ""酒水相关（评论提及）"", ""price_hint"": """", ""mentions"": ""1"", ""source"": ""review_text""}, {""title"": ""包厢相关（评论提及）"", ""price_hint"": """", ""mentions"": ""11"", ""source"": ""review_text""}]",5.0,,,"{""category"": """", ""region"": """", ""shop_region"": ""北京 / 常营 / 量贩式KTV"", ""amap_best_name"": ""METAK·元宇宙KTV"", ""amap_best_score"": ""0.3022"", ""amap_min_score_applied"": ""0.00"", ""review_rows"": ""100""}",search+review_api+offline_enriched,2026-02-14 23:44:49
kaVRNodAKS0mTBMm,唱吧麦颂KTV(三里屯店),北京城区工人体育场北路甲6号楼3层301等,朝阳区,116.456435,39.93264,4.6,817.0,,,"[{""title"": ""套餐（评论提及）"", ""price_hint"": ""250"", ""mentions"": ""11"", ""source"": ""review_text""}, {""title"": ""团购（评论提及）"", ""price_hint"": ""250"", ""mentions"": ""4"", ""source"": ""review_text""}, {""title"": ""欢唱时长（评论提及）"", ""price_hint"": ""250"", ""mentions"": ""16"", ""source"": ""review_text""}, {""title"": ""酒水相关（评论提及）"", ""price_hint"": ""250"", ""mentions"": ""3"", ""source"": ""review_text""}, {""title"": ""包厢相关（评论提及）"", ""price_hint"": ""250"", ""mentions"": ""8"", ""source"": ""review_text""}]",5.0,,,"{""category"": """", ""region"": """", ""shop_region"": ""北京 / 三里屯/工体 / 量贩式KTV"", ""amap_best_name"": ""唱吧麦颂KTV(三里屯店)"", ""amap_best_score"": ""1.0000"", ""amap_min_score_applied"": ""0.00"", ""review_rows"": ""100""}",search+review_api+offline_enriched,2026-02-14 23:44:50
l6ti0KJ4s6moxkjt,魅KTV(西大望路店),西大望路15号外企大厦C座5层,朝阳区,116.477132,39.894205,3.4,4914.0,,,"[{""title"": ""套餐（评论提及）"", ""price_hint"": """", ""mentions"": ""6"", ""source"": ""review_text""}, {""title"": ""团购（评论提及）"", ""price_hint"": """", ""mentions"": ""4"", ""source"": ""review_text""}, {""title"": ""欢唱时长（评论提及）"", ""price_hint"": """", ""mentions"": ""19"", ""source"": ""review_text""}, {""title"": ""酒水相关（评论提及）"", ""price_hint"": """", ""mentions"": ""1"", ""source"": ""review_text""}, {""title"": ""包厢相关（评论提及）"", ""price_hint"": """", ""mentions"": ""10"", ""source"": ""review_text""}]",5.0,,,"{""category"": """", ""region"": """", ""shop_region"": ""北京 / 大望路 / 量贩式KTV"", ""amap_best_name"": ""魅KTV(大望路店)"", ""amap_best_score"": ""0.9333"", ""amap_min_score_applied"": ""0.00"", ""review_rows"": ""100""}",search+review_api+offline_enriched,2026-02-14 23:44:50
G36OH4wsyoaE1jFD,酷秀KTV(太阳宫店),太阳宫中路12号楼凯德mall商场4层,朝阳区,116.446744,39.971322,4.3,1782.0,,,"[{""title"": ""套餐（评论提及）"", ""price_hint"": ""70"", ""mentions"": ""8"", ""source"": ""review_text""}, {""title"": ""团购（评论提及）"", ""price_hint"": ""70"", ""mentions"": ""5"", ""source"": ""review_text""}, {""title"": ""欢唱时长（评论提及）"", ""price_hint"": ""70"", ""mentions"": ""5"", ""source"": ""review_text""}, {""title"": ""酒水相关（评论提及）"", ""price_hint"": ""70"", ""mentions"": ""4"", ""source"": ""review_text""}, {""title"": ""包厢相关（评论提及）"", ""price_hint"": ""70"", ""mentions"": ""6"", ""source"": ""review_text""}]",5.0,,,"{""category"": """", ""region"": """", ""shop_region"": ""北京 / 太阳宫 / 量贩式KTV"", ""amap_best_name"": ""酷秀KTV•派对(太阳宫店)"", ""amap_best_score"": ""0.8889"", ""amap_min_score_applied"": ""0.00"", ""review_rows"": ""100""}",search+review_api+offline_enriched,2026-02-14 23:44:51
k67LqLpolxPFd7n1,麦乐汇KTV•AI智慧(石景山万达店),石景山路乙18号万达广场(北京石景山店)1F层,石景山区,116.225559,39.905822,4.5,1026.0,,,"[{""title"": ""套餐（评论提及）"", ""price_hint"": """", ""mentions"": ""4"", ""source"": ""review_text""}, {""title"": ""团购（评论提及）"", ""price_hint"": """", ""mentions"": ""7"", ""source"": ""review_text""}, {""title"": ""欢唱时长（评论提及）"", ""price_hint"": """", ""mentions"": ""9"", ""source"": ""review_text""}, {""title"": ""酒水相关（评论提及）"", ""price_hint"": """", ""mentions"": ""1"", ""source"": ""review_text""}, {""title"": ""包厢相关（评论提及）"", ""price_hint"": """", ""mentions"": ""12"", ""source"": ""review_text""}]",5.0,,,"{""category"": """", ""region"": """", ""shop_region"": ""北京 / 鲁谷商圈 / 量贩式KTV"", ""amap_best_name"": ""麦乐汇KTV(石景山万达广场店)"", ""amap_best_score"": ""0.7857"", ""amap_min_score_applied"": ""0.00"", ""review_rows"": ""100""}",search+review_api+offline_enriched,2026-02-14 23:44:51
H7APipQo0okihrRi,π對星·派对KTV(华贸天地店),华贸天地东北角(北苑地铁站A1口步行470米),朝阳区,116.432852,40.04661,4.8,2209.0,,,"[{""title"": ""套餐（评论提及）"", ""price_hint"": """", ""mentions"": ""3"", ""source"": ""review_text""}, {""title"": ""团购（评论提及）"", ""price_hint"": """", ""mentions"": ""9"", ""source"": ""review_text""}, {""title"": ""欢唱时长（评论提及）"", ""price_hint"": """", ""mentions"": ""3"", ""source"": ""review_text""}, {""title"": ""酒水相关（评论提及）"", ""price_hint"": """", ""mentions"": ""6"", ""source"": ""review_text""}, {""title"": ""包厢相关（评论提及）"", ""price_hint"": """", ""mentions"": ""14"", ""source"": ""review_text""}]",5.0,,,"{""category"": """", ""region"": """", ""shop_region"": ""北京 / 北苑家园 / 量贩式KTV"", ""amap_best_name"": ""π對星·派对KTV(华贸店)"", ""amap_best_score"": ""0.9000"", ""amap_min_score_applied"": ""0.00"", ""review_rows"": ""100""}",search+review_api+offline_enriched,2026-02-14 23:44:51
l7CbHQ57YjcAA5cm,魅KTV·AI辅唱(顺义石园物美门店),北三环东路33号苏宁易购西侧4层,东城区,116.409872,39.969401,3.9,39.0,,,"[{""title"": ""套餐（评论提及）"", ""price_hint"": """", ""mentions"": ""1"", ""source"": ""review_text""}, {""title"": ""团购（评论提及）"", ""price_hint"": """", ""mentions"": ""2"", ""source"": ""review_text""}, {""title"": ""包厢相关（评论提及）"", ""price_hint"": """", ""mentions"": ""3"", ""source"": ""review_text""}]",3.0,,,"{""category"": """", ""region"": """", ""shop_region"": ""北京 / 石园商圈 / 量贩式KTV"", ""amap_best_name"": ""魅KTV·AI辅唱(安贞桥店)"", ""amap_best_score"": ""0.6154"", ""amap_min_score_applied"": ""0.00"", ""review_rows"": ""79""}",search+review_api+offline_enriched,2026-02-14 23:44:52
jS3n2eKvk0uMxvFF,酷秀KTV(城乡店),北京城区复兴路甲23号城乡购物中心5层,海淀区,116.307857,39.909334,4.8,1081.0,,,"[{""title"": ""套餐（评论提及）"", ""price_hint"": """", ""mentions"": ""2"", ""source"": ""review_text""}, {""title"": ""团购（评论提及）"", ""price_hint"": """", ""mentions"": ""6"", ""source"": ""review_text""}, {""title"": ""欢唱时长（评论提及）"", ""price_hint"": """", ""mentions"": ""5"", ""source"": ""review_text""}, {""title"": ""酒水相关（评论提及）"", ""price_hint"": """", ""mentions"": ""4"", ""source"": ""review_text""}, {""title"": ""包厢相关（评论提及）"", ""price_hint"": """", ""mentions"": ""9"", ""source"": ""review_text""}]",5.0,,,"{""category"": """", ""region"": """", ""shop_region"": ""北京 / 公主坟/万寿路 / 量贩式KTV"", ""amap_best_name"": ""酷秀KTV·派对(城乡店)"", ""amap_best_score"": ""0.8750"", ""amap_min_score_applied"": ""0.00"", ""review_rows"": ""100""}",search+review_api+offline_enriched,2026-02-14 23:44:52
G2nB5wXkb6eLSMaR,星聚会KTV(大兴龙湖时代天街店),北京大兴天街(生物医药基地地铁站A西北口步行380米),大兴区,116.318605,39.687661,4.3,1244.0,,,"[{""title"": ""套餐（评论提及）"", ""price_hint"": """", ""mentions"": ""5"", ""source"": ""review_text""}, {""title"": ""团购（评论提及）"", ""price_hint"": """", ""mentions"": ""13"", ""source"": ""review_text""}, {""title"": ""欢唱时长（评论提及）"", ""price_hint"": """", ""mentions"": ""11"", ""source"": ""review_text""}, {""title"": ""酒水相关（评论提及）"", ""price_hint"": """", ""mentions"": ""4"", ""source"": ""review_text""}, {""title"": ""包厢相关（评论提及）"", ""price_hint"": """", ""mentions"": ""11"", ""source"": ""review_text""}]",5.0,,,"{""category"": """", ""region"": """", ""shop_region"": ""北京 / 大兴龙湖天街 / 量贩式KTV"", ""amap_best_name"": ""星聚会KTV(北京大兴天街店)"", ""amap_best_score"": ""0.8333"", ""amap_min_score_applied"": ""0.00"", ""review_rows"": ""100""}",search+review_api+offline_enriched,2026-02-14 23:44:53
H6rNa4uT7JynwHFF,魅KTV·AI辅唱(公主坟翠微店),复兴路33号翠微百货A座5F层,海淀区,116.303043,39.9083,4.7,1729.0,,,"[{""title"": ""套餐（评论提及）"", ""price_hint"": ""68,455"", ""mentions"": ""13"", ""source"": ""review_text""}, {""title"": ""团购（评论提及）"", ""price_hint"": ""68,455"", ""mentions"": ""5"", ""source"": ""review_text""}, {""title"": ""欢唱时长（评论提及）"", ""price_hint"": ""68,455"", ""mentions"": ""9"", ""source"": ""review_text""}, {""title"": ""酒水相关（评论提及）"", ""price_hint"": ""68,455"", ""mentions"": ""3"", ""source"": ""review_text""}, {""title"": ""包厢相关（评论提及）"", ""price_hint"": ""68,455"", ""mentions"": ""17"", ""source"": ""review_text""}]",5.0,,,"{""category"": """", ""region"": """", ""shop_region"": ""北京 / 公主坟/万寿路 / 量贩式KTV"", ""amap_best_name"": ""魅KTV·AI辅唱(公主坟翠微店)"", ""amap_best_score"": ""1.0000"", ""amap_min_score_applied"": ""0.00"", ""review_rows"": ""100""}",search+review_api+offline_enriched,2026-02-14 23:44:53
k8UnDKHHwkNPhx7U,星聚会KTV(北苑龙湖天街店),北苑东路龙湖北苑天街B馆6F(北苑地铁站A2口步行420米),朝阳区,116.438772,40.042799,4.5,934.0,,,"[{""title"": ""套餐（评论提及）"", ""price_hint"": """", ""mentions"": ""13"", ""source"": ""review_text""}, {""title"": ""团购（评论提及）"", ""price_hint"": """", ""mentions"": ""4"", ""source"": ""review_text""}, {""title"": ""欢唱时长（评论提及）"", ""price_hint"": """", ""mentions"": ""10"", ""source"": ""review_text""}, {""title"": ""酒水相关（评论提及）"", ""price_hint"": """", ""mentions"": ""2"", ""source"": ""review_text""}, {""title"": ""包厢相关（评论提及）"", ""price_hint"": """", ""mentions"": ""21"", ""source"": ""review_text""}]",5.0,,,"{""category"": """", ""region"": """", ""shop_region"": ""北京 / 北苑家园 / 量贩式KTV"", ""amap_best_name"": ""星聚会KTV(北京龙湖北苑天街店)"", ""amap_best_score"": ""0.8333"", ""amap_min_score_applied"": ""0.00"", ""review_rows"": ""100""}",search+review_api+offline_enriched,2026-02-14 23:44:54
H85WzFMnXLD3T509,麦乐潮量贩式ktv,团河路48号院3号楼三层(大悦春风里东北方向900米),大兴区,116.353103,39.736389,4.4,714.0,,,"[{""title"": ""套餐（评论提及）"", ""price_hint"": """", ""mentions"": ""3"", ""source"": ""review_text""}, {""title"": ""团购（评论提及）"", ""price_hint"": """", ""mentions"": ""6"", ""source"": ""review_text""}, {""title"": ""欢唱时长（评论提及）"", ""price_hint"": """", ""mentions"": ""7"", ""source"": ""review_text""}, {""title"": ""酒水相关（评论提及）"", ""price_hint"": """", ""mentions"": ""4"", ""source"": ""review_text""}, {""title"": ""包厢相关（评论提及）"", ""price_hint"": """", ""mentions"": ""6"", ""source"": ""review_text""}]",5.0,,,"{""category"": """", ""region"": """", ""shop_region"": ""北京 / 黄村 / 量贩式KTV"", ""amap_best_name"": ""麦乐潮量贩式ktv"", ""amap_best_score"": ""1.0000"", ""amap_min_score_applied"": ""0.00"", ""review_rows"": ""100""}",search+review_api+offline_enriched,2026-02-14 23:44:54
k4YAN4Rpi04hXFoS,唐时圣宴量贩式KTV,广安门内大街6枫桦豪景(菜市口地铁站D西南口步行270米),西城区,116.371785,39.888665,3.4,922.0,,,"[{""title"": ""套餐（评论提及）"", ""price_hint"": ""128,10"", ""mentions"": ""2"", ""source"": ""review_text""}, {""title"": ""团购（评论提及）"", ""price_hint"": ""128,10"", ""mentions"": ""14"", ""source"": ""review_text""}, {""title"": ""欢唱时长（评论提及）"", ""price_hint"": ""128,10"", ""mentions"": ""15"", ""source"": ""review_text""}, {""title"": ""酒水相关（评论提及）"", ""price_hint"": ""128,10"", ""mentions"": ""2"", ""source"": ""review_text""}, {""title"": ""包厢相关（评论提及）"", ""price_hint"": ""128,10"", ""mentions"": ""3"", ""source"": ""review_text""}]",5.0,,,"{""category"": """", ""region"": """", ""shop_region"": ""北京 / 新宫 / 量贩式KTV"", ""amap_best_name"": ""金麦圣量贩KTV"", ""amap_best_score"": ""0.2857"", ""amap_min_score_applied"": ""0.00"", ""review_rows"": ""100""}",search+review_api+offline_enriched,2026-02-14 23:44:54
G9AumG16j55nDlAh,M,北京城区工人体育场北路8号院1号楼3层,朝阳区,116.452937,39.933128,4.6,1606.0,,,"[{""title"": ""套餐（评论提及）"", ""price_hint"": """", ""mentions"": ""4"", ""source"": ""review_text""}, {""title"": ""团购（评论提及）"", ""price_hint"": """", ""mentions"": ""8"", ""source"": ""review_text""}, {""title"": ""欢唱时长（评论提及）"", ""price_hint"": """", ""mentions"": ""7"", ""source"": ""review_text""}, {""title"": ""酒水相关（评论提及）"", ""price_hint"": """", ""mentions"": ""1"", ""source"": ""review_text""}, {""title"": ""包厢相关（评论提及）"", ""price_hint"": """", ""mentions"": ""13"", ""source"": ""review_text""}]",5.0,,,"{""category"": """", ""region"": """", ""shop_region"": ""北京 / 清河商圈 / 量贩式KTV"", ""amap_best_name"": ""METAK·元宇宙KTV"", ""amap_best_score"": ""0.3022"", ""amap_min_score_applied"": ""0.00"", ""review_rows"": ""100""}",search+review_api+offline_enriched,2026-02-14 23:44:55
G8W4qNj0yZeJo2lJ,M,北京城区工人体育场北路8号院1号楼3层,朝阳区,116.452937,39.933128,4.1,1609.0,,,"[{""title"": ""套餐（评论提及）"", ""price_hint"": ""90,130"", ""mentions"": ""8"", ""source"": ""review_text""}, {""title"": ""团购（评论提及）"", ""price_hint"": ""90,130"", ""mentions"": ""19"", ""source"": ""review_text""}, {""title"": ""欢唱时长（评论提及）"", ""price_hint"": ""90,130"", ""mentions"": ""19"", ""source"": ""review_text""}, {""title"": ""酒水相关（评论提及）"", ""price_hint"": ""90,130"", ""mentions"": ""11"", ""source"": ""review_text""}, {""title"": ""包厢相关（评论提及）"", ""price_hint"": ""90,130"", ""mentions"": ""5"", ""source"": ""review_text""}]",5.0,,,"{""category"": """", ""region"": """", ""shop_region"": ""北京 / 崇文门 / 量贩式KTV"", ""amap_best_name"": ""METAK·元宇宙KTV"", ""amap_best_score"": ""0.3022"", ""amap_min_score_applied"": ""0.00"", ""review_rows"": ""100""}",search+review_api+offline_enriched,2026-02-14 23:44:56
G3C40Vx1zjXjliAL,星聚会KTV(丽泽天地店),丰台北路17号院1号丽泽天地购物中心6F层,丰台区,116.306167,39.867867,4.8,920.0,,,"[{""title"": ""套餐（评论提及）"", ""price_hint"": """", ""mentions"": ""9"", ""source"": ""review_text""}, {""title"": ""团购（评论提及）"", ""price_hint"": """", ""mentions"": ""15"", ""source"": ""review_text""}, {""title"": ""欢唱时长（评论提及）"", ""price_hint"": """", ""mentions"": ""14"", ""source"": ""review_text""}, {""title"": ""酒水相关（评论提及）"", ""price_hint"": """", ""mentions"": ""5"", ""source"": ""review_text""}, {""title"": ""包厢相关（评论提及）"", ""price_hint"": """", ""mentions"": ""10"", ""source"": ""review_text""}]",5.0,,,"{""category"": """", ""region"": """", ""shop_region"": ""北京 / 丽泽桥/丰管路 / 量贩式KTV"", ""amap_best_name"": ""星聚会KTV(北京丽泽天地店)"", ""amap_best_score"": ""1.0000"", ""amap_min_score_applied"": ""0.00"", ""review_rows"": ""100""}",search+review_api+offline_enriched,2026-02-14 23:44:56
k3D9rIugyjzY67FQ,十三K·PARTY KTV(京西大悦城店),阜石路173号院1号楼京西大悦城7F层7F-03,石景山区,116.183515,39.925269,4.6,1878.0,,,"[{""title"": ""套餐（评论提及）"", ""price_hint"": """", ""mentions"": ""14"", ""source"": ""review_text""}, {""title"": ""团购（评论提及）"", ""price_hint"": """", ""mentions"": ""10"", ""source"": ""review_text""}, {""title"": ""欢唱时长（评论提及）"", ""price_hint"": """", ""mentions"": ""20"", ""source"": ""review_text""}, {""title"": ""酒水相关（评论提及）"", ""price_hint"": """", ""mentions"": ""2"", ""source"": ""review_text""}, {""title"": ""包厢相关（评论提及）"", ""price_hint"": """", ""mentions"": ""18"", ""source"": ""review_text""}]",5.0,,,"{""category"": """", ""region"": """", ""shop_region"": ""北京 / 苹果园商圈 / 量贩式KTV"", ""amap_best_name"": ""十三K量贩式KTV(京西大悦城店)"", ""amap_best_score"": ""0.8148"", ""amap_min_score_applied"": ""0.00"", ""review_rows"": ""100""}",search+review_api+offline_enriched,2026-02-14 23:44:57
Ga4zdaSdvdOaeSHn,圣乐嘉华KTV,马家堡路180号蓝光云鼎大厦加油站北100米,丰台区,116.379398,39.834848,3.2,192.0,,,"[{""title"": ""套餐（评论提及）"", ""price_hint"": ""39,68,108"", ""mentions"": ""2"", ""source"": ""review_text""}, {""title"": ""团购（评论提及）"", ""price_hint"": ""39,68,108"", ""mentions"": ""1"", ""source"": ""review_text""}, {""title"": ""欢唱时长（评论提及）"", ""price_hint"": ""39,68,108"", ""mentions"": ""10"", ""source"": ""review_text""}, {""title"": ""酒水相关（评论提及）"", ""price_hint"": ""39,68,108"", ""mentions"": ""5"", ""source"": ""review_text""}, {""title"": ""包厢相关（评论提及）"", ""price_hint"": ""39,68,108"", ""mentions"": ""5"", ""source"": ""review_text""}]",5.0,,,"{""category"": """", ""region"": """", ""shop_region"": ""北京 / 昌平镇 / 量贩式KTV"", ""amap_best_name"": ""圣瑞华汗蒸洗浴"", ""amap_best_score"": ""0.3636"", ""amap_min_score_applied"": ""0.00"", ""review_rows"": ""100""}",search+review_api+offline_enriched,2026-02-14 23:44:57
jYapGxE92eaYfF1c,唱吧麦颂KTV(朝阳双合地铁站店),垡头街道双合北街10号楼合憬荟购物中心,朝阳区,116.526842,39.858845,4.5,423.0,,,"[{""title"": ""套餐（评论提及）"", ""price_hint"": ""20"", ""mentions"": ""2"", ""source"": ""review_text""}, {""title"": ""团购（评论提及）"", ""price_hint"": ""20"", ""mentions"": ""8"", ""source"": ""review_text""}, {""title"": ""欢唱时长（评论提及）"", ""price_hint"": ""20"", ""mentions"": ""6"", ""source"": ""review_text""}, {""title"": ""酒水相关（评论提及）"", ""price_hint"": ""20"", ""mentions"": ""2"", ""source"": ""review_text""}, {""title"": ""包厢相关（评论提及）"", ""price_hint"": ""20"", ""mentions"": ""4"", ""source"": ""review_text""}]",5.0,,,"{""category"": """", ""region"": """", ""shop_region"": ""北京 / 双合 / 量贩式KTV"", ""amap_best_name"": ""唱吧麦颂KTV(双合地铁站店)"", ""amap_best_score"": ""0.9231"", ""amap_min_score_applied"": ""0.00"", ""review_rows"": ""100""}",search+review_api+offline_enriched,2026-02-14 23:44:58
G8fyvuyZTXgtfdwv,伯爵3号KTV,广安路9号院10号楼B1层1216-01,丰台区,116.323439,39.890648,3.4,16.0,,,"[{""title"": ""酒水相关（评论提及）"", ""price_hint"": """", ""mentions"": ""1"", ""source"": ""review_text""}]",1.0,,,"{""category"": """", ""region"": """", ""shop_region"": ""北京 / 黄村 / KTV"", ""amap_best_name"": ""39度量贩KTV(广安路9号院10号楼店)"", ""amap_best_score"": ""0.2000"", ""amap_min_score_applied"": ""0.00"", ""review_rows"": ""17""}",search+review_api+offline_enriched,2026-02-14 23:44:58
k2BH4ZrvhmlWySKM,魅KTV·AI辅唱(王府井百货大楼店),北三环东路33号苏宁易购西侧4层,东城区,116.409872,39.969401,4.2,2917.0,,,"[{""title"": ""套餐（评论提及）"", ""price_hint"": """", ""mentions"": ""12"", ""source"": ""review_text""}, {""title"": ""团购（评论提及）"", ""price_hint"": """", ""mentions"": ""3"", ""source"": ""review_text""}, {""title"": ""欢唱时长（评论提及）"", ""price_hint"": """", ""mentions"": ""12"", ""source"": ""review_text""}, {""title"": ""酒水相关（评论提及）"", ""price_hint"": """", ""mentions"": ""3"", ""source"": ""review_text""}, {""title"": ""包厢相关（评论提及）"", ""price_hint"": """", ""mentions"": ""10"", ""source"": ""review_text""}]",5.0,,,"{""category"": """", ""region"": """", ""shop_region"": ""北京 / 王府井/东单 / 量贩式KTV"", ""amap_best_name"": ""魅KTV·AI辅唱(安贞桥店)"", ""amap_best_score"": ""0.6154"", ""amap_min_score_applied"": ""0.00"", ""review_rows"": ""100""}",search+review_api+offline_enriched,2026-02-14 23:44:58
G5Ym5oeit9LfzJ6k,唱吧麦颂ktv(通州土桥店),砖厂南里40号楼201室,通州区,116.696463,39.870789,4.0,1038.0,,,"[{""title"": ""套餐（评论提及）"", ""price_hint"": ""102,200"", ""mentions"": ""6"", ""source"": ""review_text""}, {""title"": ""团购（评论提及）"", ""price_hint"": ""102,200"", ""mentions"": ""6"", ""source"": ""review_text""}, {""title"": ""欢唱时长（评论提及）"", ""price_hint"": ""102,200"", ""mentions"": ""17"", ""source"": ""review_text""}, {""title"": ""酒水相关（评论提及）"", ""price_hint"": ""102,200"", ""mentions"": ""6"", ""source"": ""review_text""}, {""title"": ""包厢相关（评论提及）"", ""price_hint"": ""102,200"", ""mentions"": ""4"", ""source"": ""review_text""}]",5.0,,,"{""category"": """", ""region"": """", ""shop_region"": ""北京 / 土桥 / 量贩式KTV"", ""amap_best_name"": ""唱吧麦颂KTV(土桥店)"", ""amap_best_score"": ""0.9000"", ""amap_min_score_applied"": ""0.00"", ""review_rows"": ""100""}",search+review_api+offline_enriched,2026-02-14 23:44:59
k61ZaZrJrGDqTq64,魅KTV·AI辅唱(国贸呼家楼店),东三环北路38号院4号楼2层商业L201号(麦当劳旁商场西门入口),朝阳区,116.463268,39.921691,4.3,2694.0,,,"[{""title"": ""套餐（评论提及）"", ""price_hint"": """", ""mentions"": ""13"", ""source"": ""review_text""}, {""title"": ""团购（评论提及）"", ""price_hint"": """", ""mentions"": ""4"", ""source"": ""review_text""}, {""title"": ""欢唱时长（评论提及）"", ""price_hint"": """", ""mentions"": ""8"", ""source"": ""review_text""}, {""title"": ""酒水相关（评论提及）"", ""price_hint"": """", ""mentions"": ""10"", ""source"": ""review_text""}, {""title"": ""包厢相关（评论提及）"", ""price_hint"": """", ""mentions"": ""9"", ""source"": ""review_text""}]",5.0,,,"{""category"": """", ""region"": """", ""shop_region"": ""北京 / 国贸/建外 / 量贩式KTV"", ""amap_best_name"": ""魅KTV(国贸呼家楼店)"", ""amap_best_score"": ""0.8182"", ""amap_min_score_applied"": ""0.00"", ""review_rows"": ""100""}",search+review_api+offline_enriched,2026-02-14 23:44:59
G7Mjpx0MNPbUQD3Q,唱吧麦颂KTV(中关村店),北京城区海淀大街3号B座地下一层14,海淀区,116.314411,39.983475,4.3,356.0,,,"[{""title"": ""套餐（评论提及）"", ""price_hint"": """", ""mentions"": ""11"", ""source"": ""review_text""}, {""title"": ""团购（评论提及）"", ""price_hint"": """", ""mentions"": ""8"", ""source"": ""review_text""}, {""title"": ""欢唱时长（评论提及）"", ""price_hint"": """", ""mentions"": ""13"", ""source"": ""review_text""}, {""title"": ""酒水相关（评论提及）"", ""price_hint"": """", ""mentions"": ""11"", ""source"": ""review_text""}, {""title"": ""包厢相关（评论提及）"", ""price_hint"": """", ""mentions"": ""9"", ""source"": ""review_text""}]",5.0,,,"{""category"": """", ""region"": """", ""shop_region"": ""北京 / 中关村商圈 / 量贩式KTV"", ""amap_best_name"": ""唱吧麦颂KTV(中关村店)"", ""amap_best_score"": ""1.0000"", ""amap_min_score_applied"": ""0.00"", ""review_rows"": ""100""}",search+review_api+offline_enriched,2026-02-14 23:45:00
l3FsJs1IqZMr8LfU,唱吧麦颂KTV(华冠天地店),西大街2号花冠天地五层,房山区,115.983507,39.702233,3.7,471.0,,,"[{""title"": ""套餐（评论提及）"", ""price_hint"": ""98,100"", ""mentions"": ""12"", ""source"": ""review_text""}, {""title"": ""团购（评论提及）"", ""price_hint"": ""98,100"", ""mentions"": ""7"", ""source"": ""review_text""}, {""title"": ""欢唱时长（评论提及）"", ""price_hint"": ""98,100"", ""mentions"": ""11"", ""source"": ""review_text""}, {""title"": ""酒水相关（评论提及）"", ""price_hint"": ""98,100"", ""mentions"": ""7"", ""source"": ""review_text""}, {""title"": ""包厢相关（评论提及）"", ""price_hint"": ""98,100"", ""mentions"": ""6"", ""source"": ""review_text""}]",5.0,,,"{""category"": """", ""region"": """", ""shop_region"": ""北京 / 城关街道商圈 / 量贩式KTV"", ""amap_best_name"": ""唱吧麦颂KTV(房山花冠天地店)"", ""amap_best_score"": ""0.8333"", ""amap_min_score_applied"": ""0.00"", ""review_rows"": ""100""}",search+review_api+offline_enriched,2026-02-14 23:45:00
G70FGilv3Qh3Bo3Q,K,马连道东街15号院一号楼商业B1层,西城区,116.331851,39.884419,4.7,1119.0,,,"[{""title"": ""套餐（评论提及）"", ""price_hint"": """", ""mentions"": ""8"", ""source"": ""review_text""}, {""title"": ""团购（评论提及）"", ""price_hint"": """", ""mentions"": ""3"", ""source"": ""review_text""}, {""title"": ""欢唱时长（评论提及）"", ""price_hint"": """", ""mentions"": ""10"", ""source"": ""review_text""}, {""title"": ""酒水相关（评论提及）"", ""price_hint"": """", ""mentions"": ""5"", ""source"": ""review_text""}, {""title"": ""包厢相关（评论提及）"", ""price_hint"": """", ""mentions"": ""19"", ""source"": ""review_text""}]",5.0,,,"{""category"": """", ""region"": """", ""shop_region"": ""北京 / 建外大街 / 量贩式KTV"", ""amap_best_name"": ""麦K量贩式KTV"", ""amap_best_score"": ""0.7467"", ""amap_min_score_applied"": ""0.00"", ""review_rows"": ""100""}",search+review_api+offline_enriched,2026-02-14 23:45:01
Ha94LJ8LRVw5NcGe,酷秀KTV(喜隆多店),北京城区阜石路300号喜隆多购物中心五层501号,石景山区,116.172828,39.922894,4.3,959.0,,,"[{""title"": ""套餐（评论提及）"", ""price_hint"": ""60"", ""mentions"": ""8"", ""source"": ""review_text""}, {""title"": ""团购（评论提及）"", ""price_hint"": ""60"", ""mentions"": ""9"", ""source"": ""review_text""}, {""title"": ""欢唱时长（评论提及）"", ""price_hint"": ""60"", ""mentions"": ""15"", ""source"": ""review_text""}, {""title"": ""酒水相关（评论提及）"", ""price_hint"": ""60"", ""mentions"": ""1"", ""source"": ""review_text""}, {""title"": ""包厢相关（评论提及）"", ""price_hint"": ""60"", ""mentions"": ""8"", ""source"": ""review_text""}]",5.0,,,"{""category"": """", ""region"": """", ""shop_region"": ""北京 / 苹果园商圈 / 量贩式KTV"", ""amap_best_name"": ""酷秀KTV·派对(喜隆多店)"", ""amap_best_score"": ""0.8889"", ""amap_min_score_applied"": ""0.00"", ""review_rows"": ""100""}",search+review_api+offline_enriched,2026-02-14 23:45:01
G7Qko0AZVXRV72SC,天上月KTV(新南路店),新南路75号,密云区,116.849453,40.370453,3.6,59.0,,,"[{""title"": ""套餐（评论提及）"", ""price_hint"": ""40"", ""mentions"": ""4"", ""source"": ""review_text""}, {""title"": ""团购（评论提及）"", ""price_hint"": ""40"", ""mentions"": ""7"", ""source"": ""review_text""}, {""title"": ""欢唱时长（评论提及）"", ""price_hint"": ""40"", ""mentions"": ""17"", ""source"": ""review_text""}, {""title"": ""酒水相关（评论提及）"", ""price_hint"": ""40"", ""mentions"": ""9"", ""source"": ""review_text""}, {""title"": ""包厢相关（评论提及）"", ""price_hint"": ""40"", ""mentions"": ""4"", ""source"": ""review_text""}]",5.0,,,"{""category"": """", ""region"": """", ""shop_region"": ""密云区 / 密云县县城 / 量贩式KTV"", ""amap_best_name"": ""天上月KTV(新南路店)(暂停营业)"", ""amap_best_score"": ""0.8300"", ""amap_min_score_applied"": ""0.00"", ""review_rows"": ""100""}",search+review_api+offline_enriched,2026-02-14 23:45:01
l5xMcDRa6J641Qlj,魅KTV·AI辅唱(次渠店),北三环东路33号苏宁易购西侧4层,东城区,116.409872,39.969401,4.5,526.0,,,"[{""title"": ""套餐（评论提及）"", ""price_hint"": """", ""mentions"": ""6"", ""source"": ""review_text""}, {""title"": ""团购（评论提及）"", ""price_hint"": """", ""mentions"": ""8"", ""source"": ""review_text""}, {""title"": ""欢唱时长（评论提及）"", ""price_hint"": """", ""mentions"": ""11"", ""source"": ""review_text""}, {""title"": ""酒水相关（评论提及）"", ""price_hint"": """", ""mentions"": ""3"", ""source"": ""review_text""}, {""title"": ""包厢相关（评论提及）"", ""price_hint"": """", ""mentions"": ""4"", ""source"": ""review_text""}]",5.0,,,"{""category"": """", ""region"": """", ""shop_region"": ""北京 / 次渠 / 量贩式KTV"", ""amap_best_name"": ""魅KTV·AI辅唱(安贞桥店)"", ""amap_best_score"": ""0.7619"", ""amap_min_score_applied"": ""0.00"", ""review_rows"": ""100""}",search+review_api+offline_enriched,2026-02-14 23:45:02
l9HEBD047LsumDvZ,歌友汇KTV(悦荟广场店),欣旺北大街8号鸿坤广场购物中心F6层,大兴区,116.339725,39.791625,4.3,246.0,,,"[{""title"": ""套餐（评论提及）"", ""price_hint"": """", ""mentions"": ""2"", ""source"": ""review_text""}, {""title"": ""团购（评论提及）"", ""price_hint"": """", ""mentions"": ""3"", ""source"": ""review_text""}, {""title"": ""欢唱时长（评论提及）"", ""price_hint"": """", ""mentions"": ""3"", ""source"": ""review_text""}, {""title"": ""酒水相关（评论提及）"", ""price_hint"": """", ""mentions"": ""1"", ""source"": ""review_text""}, {""title"": ""包厢相关（评论提及）"", ""price_hint"": """", ""mentions"": ""12"", ""source"": ""review_text""}]",5.0,,,"{""category"": """", ""region"": """", ""shop_region"": ""北京 / 昌平镇 / 量贩式KTV"", ""amap_best_name"": ""友乐汇量贩式KTV(鸿坤广场店)"", ""amap_best_score"": ""0.7000"", ""amap_min_score_applied"": ""0.00"", ""review_rows"": ""100""}",search+review_api+offline_enriched,2026-02-14 23:45:02
H3UeKwTYNpZX0IOT,唱吧麦颂KTV(草房地铁站店),常营丽景园6号楼-1层-110,朝阳区,116.61216,39.924342,4.5,1599.0,,,"[{""title"": ""套餐（评论提及）"", ""price_hint"": ""99"", ""mentions"": ""3"", ""source"": ""review_text""}, {""title"": ""团购（评论提及）"", ""price_hint"": ""99"", ""mentions"": ""6"", ""source"": ""review_text""}, {""title"": ""欢唱时长（评论提及）"", ""price_hint"": ""99"", ""mentions"": ""13"", ""source"": ""review_text""}, {""title"": ""包厢相关（评论提及）"", ""price_hint"": ""99"", ""mentions"": ""4"", ""source"": ""review_text""}]",4.0,,,"{""category"": """", ""region"": """", ""shop_region"": ""北京 / 草房 / 量贩式KTV"", ""amap_best_name"": ""唱吧麦颂KTV(草房店)"", ""amap_best_score"": ""0.8571"", ""amap_min_score_applied"": ""0.00"", ""review_rows"": ""100""}",search+review_api+offline_enriched,2026-02-14 23:45:03
G61PxtYssh5edIDy,酷秀KTV(望京新世界店),北京城区广顺南大街16号院1号楼3层301号03F015,朝阳区,116.481297,39.986212,4.4,1287.0,,,"[{""title"": ""套餐（评论提及）"", ""price_hint"": ""158"", ""mentions"": ""2"", ""source"": ""review_text""}, {""title"": ""团购（评论提及）"", ""price_hint"": ""158"", ""mentions"": ""2"", ""source"": ""review_text""}, {""title"": ""欢唱时长（评论提及）"", ""price_hint"": ""158"", ""mentions"": ""4"", ""source"": ""review_text""}, {""title"": ""酒水相关（评论提及）"", ""price_hint"": ""158"", ""mentions"": ""2"", ""source"": ""review_text""}, {""title"": ""包厢相关（评论提及）"", ""price_hint"": ""158"", ""mentions"": ""11"", ""source"": ""review_text""}]",5.0,,,"{""category"": """", ""region"": """", ""shop_region"": ""北京 / 望京 / 量贩式KTV"", ""amap_best_name"": ""酷秀KTV(望京新世界百货店)"", ""amap_best_score"": ""0.9091"", ""amap_min_score_applied"": ""0.00"", ""review_rows"": ""100""}",search+review_api+offline_enriched,2026-02-14 23:45:03
H8GCPi82y5wsW5Jp,酷秀KTV(东坝店),北京城区建国门外大街甲5号贵友大厦5层,朝阳区,116.45107,39.909089,4.1,953.0,,,"[{""title"": ""套餐（评论提及）"", ""price_hint"": ""48,80,60"", ""mentions"": ""13"", ""source"": ""review_text""}, {""title"": ""团购（评论提及）"", ""price_hint"": ""48,80,60"", ""mentions"": ""10"", ""source"": ""review_text""}, {""title"": ""欢唱时长（评论提及）"", ""price_hint"": ""48,80,60"", ""mentions"": ""19"", ""source"": ""review_text""}, {""title"": ""酒水相关（评论提及）"", ""price_hint"": ""48,80,60"", ""mentions"": ""9"", ""source"": ""review_text""}, {""title"": ""包厢相关（评论提及）"", ""price_hint"": ""48,80,60"", ""mentions"": ""8"", ""source"": ""review_text""}]",5.0,,,"{""category"": """", ""region"": """", ""shop_region"": ""北京 / 东坝 / 量贩式KTV"", ""amap_best_name"": ""酷秀KTV(北京贵友店)"", ""amap_best_score"": ""0.7143"", ""amap_min_score_applied"": ""0.00"", ""review_rows"": ""100""}",search+review_api+offline_enriched,2026-02-14 23:45:03
G6wT9ULAx3AwT4GO,M,北京城区工人体育场北路8号院1号楼3层,朝阳区,116.452937,39.933128,3.8,65.0,,,"[{""title"": ""套餐（评论提及）"", ""price_hint"": """", ""mentions"": ""1"", ""source"": ""review_text""}, {""title"": ""团购（评论提及）"", ""price_hint"": """", ""mentions"": ""1"", ""source"": ""review_text""}, {""title"": ""欢唱时长（评论提及）"", ""price_hint"": """", ""mentions"": ""1"", ""source"": ""review_text""}, {""title"": ""酒水相关（评论提及）"", ""price_hint"": """", ""mentions"": ""1"", ""source"": ""review_text""}, {""title"": ""包厢相关（评论提及）"", ""price_hint"": """", ""mentions"": ""2"", ""source"": ""review_text""}]",5.0,,,"{""category"": """", ""region"": """", ""shop_region"": ""北京 / 魏公村 / 量贩式KTV"", ""amap_best_name"": ""METAK·元宇宙KTV"", ""amap_best_score"": ""0.3022"", ""amap_min_score_applied"": ""0.00"", ""review_rows"": ""100""}",search+review_api+offline_enriched,2026-02-14 23:45:04
H7mUwuwKA97IoOrB,酷秀KTV(悠唐广场店),来广营保利广场西座一层内L1-06号,朝阳区,116.463809,40.01662,4.7,194.0,,,"[{""title"": ""套餐（评论提及）"", ""price_hint"": ""298"", ""mentions"": ""9"", ""source"": ""review_text""}, {""title"": ""团购（评论提及）"", ""price_hint"": ""298"", ""mentions"": ""11"", ""source"": ""review_text""}, {""title"": ""欢唱时长（评论提及）"", ""price_hint"": ""298"", ""mentions"": ""11"", ""source"": ""review_text""}, {""title"": ""酒水相关（评论提及）"", ""price_hint"": ""298"", ""mentions"": ""2"", ""source"": ""review_text""}, {""title"": ""包厢相关（评论提及）"", ""price_hint"": ""298"", ""mentions"": ""13"", ""source"": ""review_text""}]",5.0,,,"{""category"": """", ""region"": """", ""shop_region"": ""北京 / 悠唐生活广场 / 量贩式KTV"", ""amap_best_name"": ""酷秀KTV(来广营店)"", ""amap_best_score"": ""0.7059"", ""amap_min_score_applied"": ""0.00"", ""review_rows"": ""100""}",search+review_api+offline_enriched,2026-02-14 23:45:04
k15ArNOWXtz5gPFX,魅KTV·AI辅唱(望京凯德MALL店),广顺北大街33号院215号楼06层601内06-01号,朝阳区,116.467841,39.993649,4.6,1596.0,,,"[{""title"": ""套餐（评论提及）"", ""price_hint"": """", ""mentions"": ""9"", ""source"": ""review_text""}, {""title"": ""团购（评论提及）"", ""price_hint"": """", ""mentions"": ""3"", ""source"": ""review_text""}, {""title"": ""欢唱时长（评论提及）"", ""price_hint"": """", ""mentions"": ""12"", ""source"": ""review_text""}, {""title"": ""酒水相关（评论提及）"", ""price_hint"": """", ""mentions"": ""1"", ""source"": ""review_text""}, {""title"": ""包厢相关（评论提及）"", ""price_hint"": """", ""mentions"": ""9"", ""source"": ""review_text""}]",5.0,,,"{""category"": """", ""region"": """", ""shop_region"": ""北京 / 望京 / 量贩式KTV"", ""amap_best_name"": ""魅KTV(望京凯德MALL店)"", ""amap_best_score"": ""0.8571"", ""amap_min_score_applied"": ""0.00"", ""review_rows"": ""100""}",search+review_api+offline_enriched,2026-02-14 23:45:05
G4sbujAbZhkG4Dzx,魅KTV·AI辅唱(方庄店),北三环东路33号苏宁易购西侧4层,东城区,116.409872,39.969401,4.1,2262.0,,,"[{""title"": ""套餐（评论提及）"", ""price_hint"": """", ""mentions"": ""4"", ""source"": ""review_text""}, {""title"": ""团购（评论提及）"", ""price_hint"": """", ""mentions"": ""5"", ""source"": ""review_text""}, {""title"": ""欢唱时长（评论提及）"", ""price_hint"": """", ""mentions"": ""9"", ""source"": ""review_text""}, {""title"": ""酒水相关（评论提及）"", ""price_hint"": """", ""mentions"": ""6"", ""source"": ""review_text""}, {""title"": ""包厢相关（评论提及）"", ""price_hint"": """", ""mentions"": ""3"", ""source"": ""review_text""}]",5.0,,,"{""category"": """", ""region"": """", ""shop_region"": ""北京 / 方庄/蒲黄榆 / 量贩式KTV"", ""amap_best_name"": ""魅KTV·AI辅唱(安贞桥店)"", ""amap_best_score"": ""0.7619"", ""amap_min_score_applied"": ""0.00"", ""review_rows"": ""100""}",search+review_api+offline_enriched,2026-02-14 23:45:05
G8hlZjQNN6IG58xa,蜜·PARTY·KTV(亦庄店),立汤路辅路与中滩村北三街交叉口西南160米,昌平区,116.411775,40.063625,4.5,399.0,,,"[{""title"": ""套餐（评论提及）"", ""price_hint"": """", ""mentions"": ""1"", ""source"": ""review_text""}, {""title"": ""团购（评论提及）"", ""price_hint"": """", ""mentions"": ""6"", ""source"": ""review_text""}, {""title"": ""欢唱时长（评论提及）"", ""price_hint"": """", ""mentions"": ""5"", ""source"": ""review_text""}, {""title"": ""酒水相关（评论提及）"", ""price_hint"": """", ""mentions"": ""4"", ""source"": ""review_text""}, {""title"": ""包厢相关（评论提及）"", ""price_hint"": """", ""mentions"": ""15"", ""source"": ""review_text""}]",5.0,,,"{""category"": """", ""region"": """", ""shop_region"": ""北京 / 亦庄 / 量贩式KTV"", ""amap_best_name"": ""A-party KTV(未来城店)"", ""amap_best_score"": ""0.6957"", ""amap_min_score_applied"": ""0.00"", ""review_rows"": ""100""}",search+review_api+offline_enriched,2026-02-14 23:45:06
k1N12ih3CriXU0uj,帝凯乐量贩式KTV(深影国际影城店),东三环中路61号地下一层,朝阳区,116.460964,39.898731,4.0,572.0,,,"[{""title"": ""套餐（评论提及）"", ""price_hint"": ""777,150"", ""mentions"": ""13"", ""source"": ""review_text""}, {""title"": ""团购（评论提及）"", ""price_hint"": ""777,150"", ""mentions"": ""5"", ""source"": ""review_text""}, {""title"": ""欢唱时长（评论提及）"", ""price_hint"": ""777,150"", ""mentions"": ""10"", ""source"": ""review_text""}, {""title"": ""酒水相关（评论提及）"", ""price_hint"": ""777,150"", ""mentions"": ""6"", ""source"": ""review_text""}, {""title"": ""包厢相关（评论提及）"", ""price_hint"": ""777,150"", ""mentions"": ""10"", ""source"": ""review_text""}]",5.0,,,"{""category"": """", ""region"": """", ""shop_region"": ""北京 / 北下关商圈 / 量贩式KTV"", ""amap_best_name"": ""麦乐迪KTV(富力城店)"", ""amap_best_score"": ""0.4762"", ""amap_min_score_applied"": ""0.00"", ""review_rows"": ""100""}",search+review_api+offline_enriched,2026-02-14 23:45:06
l7LF21IxXcS8HJtH,唱吧麦颂KTV(马连道店),北京城区马连道东街15号院1号,西城区,116.331965,39.88444,4.7,1259.0,,,"[{""title"": ""套餐（评论提及）"", ""price_hint"": ""68"", ""mentions"": ""7"", ""source"": ""review_text""}, {""title"": ""团购（评论提及）"", ""price_hint"": ""68"", ""mentions"": ""9"", ""source"": ""review_text""}, {""title"": ""欢唱时长（评论提及）"", ""price_hint"": ""68"", ""mentions"": ""12"", ""source"": ""review_text""}, {""title"": ""酒水相关（评论提及）"", ""price_hint"": ""68"", ""mentions"": ""5"", ""source"": ""review_text""}, {""title"": ""包厢相关（评论提及）"", ""price_hint"": ""68"", ""mentions"": ""14"", ""source"": ""review_text""}]",5.0,,,"{""category"": """", ""region"": """", ""shop_region"": ""北京 / 广外大街 / 量贩式KTV"", ""amap_best_name"": ""唱吧麦颂KTV(马连道店)"", ""amap_best_score"": ""1.0000"", ""amap_min_score_applied"": ""0.00"", ""review_rows"": ""100""}",search+review_api+offline_enriched,2026-02-14 23:45:06
k8szwxQc66MGKzh6,魅KTV·AI辅唱(新辰里酒仙桥店),北三环东路33号苏宁易购西侧4层,东城区,116.409872,39.969401,4.1,1645.0,,,"[{""title"": ""套餐（评论提及）"", ""price_hint"": ""68,138,151"", ""mentions"": ""9"", ""source"": ""review_text""}, {""title"": ""团购（评论提及）"", ""price_hint"": ""68,138,151"", ""mentions"": ""5"", ""source"": ""review_text""}, {""title"": ""欢唱时长（评论提及）"", ""price_hint"": ""68,138,151"", ""mentions"": ""9"", ""source"": ""review_text""}, {""title"": ""酒水相关（评论提及）"", ""price_hint"": ""68,138,151"", ""mentions"": ""1"", ""source"": ""review_text""}, {""title"": ""包厢相关（评论提及）"", ""price_hint"": ""68,138,151"", ""mentions"": ""12"", ""source"": ""review_text""}]",5.0,,,"{""category"": """", ""region"": """", ""shop_region"": ""北京 / 酒仙桥商圈 / 量贩式KTV"", ""amap_best_name"": ""魅KTV·AI辅唱(安贞桥店)"", ""amap_best_score"": ""0.7200"", ""amap_min_score_applied"": ""0.00"", ""review_rows"": ""100""}",search+review_api+offline_enriched,2026-02-14 23:45:07
l9OYA18Kcf79pDME,云端量贩式KTV,北京华联BHG Mall平谷店西2门西100米,平谷区,117.092567,40.146784,3.5,19.0,,,"[{""title"": ""套餐（评论提及）"", ""price_hint"": ""50,30"", ""mentions"": ""2"", ""source"": ""review_text""}, {""title"": ""团购（评论提及）"", ""price_hint"": ""50,30"", ""mentions"": ""2"", ""source"": ""review_text""}, {""title"": ""欢唱时长（评论提及）"", ""price_hint"": ""50,30"", ""mentions"": ""6"", ""source"": ""review_text""}, {""title"": ""酒水相关（评论提及）"", ""price_hint"": ""50,30"", ""mentions"": ""4"", ""source"": ""review_text""}, {""title"": ""包厢相关（评论提及）"", ""price_hint"": ""50,30"", ""mentions"": ""6"", ""source"": ""review_text""}]",5.0,,,"{""category"": """", ""region"": """", ""shop_region"": ""平谷区 / 平谷城区 / 休闲娱乐"", ""amap_best_name"": ""云端俱乐部"", ""amap_best_score"": ""0.6514"", ""amap_min_score_applied"": ""0.00"", ""review_rows"": ""100""}",search+review_api+offline_enriched,2026-02-14 23:45:07
G4F9O9tsWDaCuGdz,唱吧麦颂KTV(日坛店),西单北大街130号华威潮铺街5层,西城区,116.374545,39.911608,4.0,1467.0,,,"[{""title"": ""套餐（评论提及）"", ""price_hint"": """", ""mentions"": ""1"", ""source"": ""review_text""}, {""title"": ""团购（评论提及）"", ""price_hint"": """", ""mentions"": ""7"", ""source"": ""review_text""}, {""title"": ""欢唱时长（评论提及）"", ""price_hint"": """", ""mentions"": ""11"", ""source"": ""review_text""}, {""title"": ""酒水相关（评论提及）"", ""price_hint"": """", ""mentions"": ""4"", ""source"": ""review_text""}, {""title"": ""包厢相关（评论提及）"", ""price_hint"": """", ""mentions"": ""7"", ""source"": ""review_text""}]",5.0,,,"{""category"": """", ""region"": """", ""shop_region"": ""北京 / 朝外大街 / 量贩式KTV"", ""amap_best_name"": ""唱吧麦颂量贩KTV(西单店)"", ""amap_best_score"": ""0.7778"", ""amap_min_score_applied"": ""0.00"", ""review_rows"": ""100""}",search+review_api+offline_enriched,2026-02-14 23:45:08
k9eIbTS0GisX3Xot,魅KTV·AI辅唱(东坝店),北三环东路33号苏宁易购西侧4层,东城区,116.409872,39.969401,4.6,752.0,,,"[{""title"": ""套餐（评论提及）"", ""price_hint"": ""48"", ""mentions"": ""9"", ""source"": ""review_text""}, {""title"": ""团购（评论提及）"", ""price_hint"": ""48"", ""mentions"": ""6"", ""source"": ""review_text""}, {""title"": ""欢唱时长（评论提及）"", ""price_hint"": ""48"", ""mentions"": ""6"", ""source"": ""review_text""}, {""title"": ""包厢相关（评论提及）"", ""price_hint"": ""48"", ""mentions"": ""4"", ""source"": ""review_text""}]",4.0,,,"{""category"": """", ""region"": """", ""shop_region"": ""北京 / 东坝 / 量贩式KTV"", ""amap_best_name"": ""魅KTV·AI辅唱(安贞桥店)"", ""amap_best_score"": ""0.7619"", ""amap_min_score_applied"": ""0.00"", ""review_rows"": ""100""}",search+review_api+offline_enriched,2026-02-14 23:45:08
jKhBbG0i6whuJCuE,5号KTV音乐广场(天通苑店),新华西街60号院211万达金街A1区,通州区,116.638611,39.904518,3.3,1011.0,,,"[{""title"": ""套餐（评论提及）"", ""price_hint"": ""178,118,308"", ""mentions"": ""6"", ""source"": ""review_text""}, {""title"": ""团购（评论提及）"", ""price_hint"": ""178,118,308"", ""mentions"": ""12"", ""source"": ""review_text""}, {""title"": ""欢唱时长（评论提及）"", ""price_hint"": ""178,118,308"", ""mentions"": ""17"", ""source"": ""review_text""}, {""title"": ""酒水相关（评论提及）"", ""price_hint"": ""178,118,308"", ""mentions"": ""6"", ""source"": ""review_text""}, {""title"": ""包厢相关（评论提及）"", ""price_hint"": ""178,118,308"", ""mentions"": ""4"", ""source"": ""review_text""}]",5.0,,,"{""category"": """", ""region"": """", ""shop_region"": ""北京 / 天通苑 / 量贩式KTV"", ""amap_best_name"": ""松果音乐KTV(通州万达店)"", ""amap_best_score"": ""0.5217"", ""amap_min_score_applied"": ""0.00"", ""review_rows"": ""100""}",search+review_api+offline_enriched,2026-02-14 23:45:09
k6yYdUcOgT4uuHjl,酷秀KTV(丽泽新光界店),北京城区丰台北路18号院金唐新光界商场5层,丰台区,116.30489,39.865945,4.8,524.0,,,"[{""title"": ""套餐（评论提及）"", ""price_hint"": ""80"", ""mentions"": ""10"", ""source"": ""review_text""}, {""title"": ""团购（评论提及）"", ""price_hint"": ""80"", ""mentions"": ""7"", ""source"": ""review_text""}, {""title"": ""欢唱时长（评论提及）"", ""price_hint"": ""80"", ""mentions"": ""13"", ""source"": ""review_text""}, {""title"": ""包厢相关（评论提及）"", ""price_hint"": ""80"", ""mentions"": ""4"", ""source"": ""review_text""}]",4.0,,,"{""category"": """", ""region"": """", ""shop_region"": ""北京 / 丽泽桥/丰管路 / 量贩式KTV"", ""amap_best_name"": ""酷秀KTV(丽泽新光界店)"", ""amap_best_score"": ""1.0000"", ""amap_min_score_applied"": ""0.00"", ""review_rows"": ""100""}",search+review_api+offline_enriched,2026-02-14 23:45:09
l3b4rDb5Y7dKoYVI,鑫堡康年KTV,良乡西潞北大街81号,房山区,116.136427,39.737294,3.6,658.0,,,"[{""title"": ""套餐（评论提及）"", ""price_hint"": ""15,78"", ""mentions"": ""10"", ""source"": ""review_text""}, {""title"": ""团购（评论提及）"", ""price_hint"": ""15,78"", ""mentions"": ""3"", ""source"": ""review_text""}, {""title"": ""欢唱时长（评论提及）"", ""price_hint"": ""15,78"", ""mentions"": ""26"", ""source"": ""review_text""}, {""title"": ""酒水相关（评论提及）"", ""price_hint"": ""15,78"", ""mentions"": ""4"", ""source"": ""review_text""}, {""title"": ""包厢相关（评论提及）"", ""price_hint"": ""15,78"", ""mentions"": ""10"", ""source"": ""review_text""}]",5.0,,,"{""category"": """", ""region"": """", ""shop_region"": ""北京 / 良乡 / 量贩式KTV"", ""amap_best_name"": ""鑫堡康年KTV(良乡店)"", ""amap_best_score"": ""0.6954"", ""amap_min_score_applied"": ""0.00"", ""review_rows"": ""100""}",search+review_api+offline_enriched,2026-02-14 23:45:09
G9ftwv896pcYDHGI,魅KTV·AI辅唱(新辰里亚运村店),北辰东路8号院新辰里购物中心B1九本居酒屋旁,朝阳区,116.406622,39.991735,4.3,1429.0,,,"[{""title"": ""套餐（评论提及）"", ""price_hint"": ""12,68"", ""mentions"": ""5"", ""source"": ""review_text""}, {""title"": ""团购（评论提及）"", ""price_hint"": ""12,68"", ""mentions"": ""5"", ""source"": ""review_text""}, {""title"": ""欢唱时长（评论提及）"", ""price_hint"": ""12,68"", ""mentions"": ""7"", ""source"": ""review_text""}, {""title"": ""酒水相关（评论提及）"", ""price_hint"": ""12,68"", ""mentions"": ""6"", ""source"": ""review_text""}, {""title"": ""包厢相关（评论提及）"", ""price_hint"": ""12,68"", ""mentions"": ""5"", ""source"": ""review_text""}]",5.0,,,"{""category"": """", ""region"": """", ""shop_region"": ""北京 / 亚运村商圈 / 量贩式KTV"", ""amap_best_name"": ""魅KTV(新辰里购物中心亚运村店)"", ""amap_best_score"": ""0.7143"", ""amap_min_score_applied"": ""0.00"", ""review_rows"": ""100""}",search+review_api+offline_enriched,2026-02-14 23:45:10
H5uMoIMI7V6CthVC,酷秀KTV(双井富力城店),东三环中路65号北京富力广场F8层,朝阳区,116.460629,39.895483,4.6,1626.0,,,"[{""title"": ""套餐（评论提及）"", ""price_hint"": """", ""mentions"": ""10"", ""source"": ""review_text""}, {""title"": ""团购（评论提及）"", ""price_hint"": """", ""mentions"": ""3"", ""source"": ""review_text""}, {""title"": ""欢唱时长（评论提及）"", ""price_hint"": """", ""mentions"": ""9"", ""source"": ""review_text""}, {""title"": ""酒水相关（评论提及）"", ""price_hint"": """", ""mentions"": ""2"", ""source"": ""review_text""}, {""title"": ""包厢相关（评论提及）"", ""price_hint"": """", ""mentions"": ""8"", ""source"": ""review_text""}]",5.0,,,"{""category"": """", ""region"": """", ""shop_region"": ""北京 / 双井 / 量贩式KTV"", ""amap_best_name"": ""酷秀KTV(富力城店)"", ""amap_best_score"": ""0.8889"", ""amap_min_score_applied"": ""0.00"", ""review_rows"": ""100""}",search+review_api+offline_enriched,2026-02-14 23:45:10
l4NsAHCTEGGEnYsx,同乐迪智慧KTV·T,云岗路与迎宾东路交叉口东南100米,丰台区,116.167018,39.809165,3.9,3268.0,,,"[{""title"": ""套餐（评论提及）"", ""price_hint"": ""120,788,129"", ""mentions"": ""17"", ""source"": ""review_text""}, {""title"": ""团购（评论提及）"", ""price_hint"": ""120,788,129"", ""mentions"": ""8"", ""source"": ""review_text""}, {""title"": ""欢唱时长（评论提及）"", ""price_hint"": ""120,788,129"", ""mentions"": ""18"", ""source"": ""review_text""}, {""title"": ""酒水相关（评论提及）"", ""price_hint"": ""120,788,129"", ""mentions"": ""7"", ""source"": ""review_text""}, {""title"": ""包厢相关（评论提及）"", ""price_hint"": ""120,788,129"", ""mentions"": ""8"", ""source"": ""review_text""}]",5.0,,,"{""category"": """", ""region"": """", ""shop_region"": ""北京 / 望京 / 量贩式KTV"", ""amap_best_name"": ""友乐迪量贩式KTV"", ""amap_best_score"": ""0.4444"", ""amap_min_score_applied"": ""0.00"", ""review_rows"": ""100""}",search+review_api+offline_enriched,2026-02-14 23:45:11
HaaroX2xzZkElUX4,唱吧麦颂KTV(惠新东桥对外经贸大学珠宝城店),北京城区惠新东街2号,朝阳区,116.424682,39.987713,4.4,1453.0,,,"[{""title"": ""套餐（评论提及）"", ""price_hint"": """", ""mentions"": ""7"", ""source"": ""review_text""}, {""title"": ""团购（评论提及）"", ""price_hint"": """", ""mentions"": ""13"", ""source"": ""review_text""}, {""title"": ""欢唱时长（评论提及）"", ""price_hint"": """", ""mentions"": ""9"", ""source"": ""review_text""}, {""title"": ""酒水相关（评论提及）"", ""price_hint"": """", ""mentions"": ""11"", ""source"": ""review_text""}, {""title"": ""包厢相关（评论提及）"", ""price_hint"": """", ""mentions"": ""6"", ""source"": ""review_text""}]",5.0,,,"{""category"": """", ""region"": """", ""shop_region"": ""北京 / 亚运村商圈 / 量贩式KTV"", ""amap_best_name"": ""唱吧麦颂KTV(北京惠新东桥对外经贸大学)"", ""amap_best_score"": ""0.8889"", ""amap_min_score_applied"": ""0.00"", ""review_rows"": ""100""}",search+review_api+offline_enriched,2026-02-14 23:45:12
k333O0yV2uuI3hcT,魅KTV·AI辅唱(采育缤纷汇店),北三环东路33号苏宁易购西侧4层,东城区,116.409872,39.969401,4.8,2239.0,,,,,,,"{""category"": """", ""region"": """", ""shop_region"": ""北京 / 大兴区 / 量贩式KTV"", ""amap_best_name"": ""魅KTV·AI辅唱(安贞桥店)"", ""amap_best_score"": ""0.6667"", ""amap_min_score_applied"": ""0.00"", ""review_rows"": ""100""}",search+review_api+offline_enriched,2026-02-14 23:45:12
l3rgeInWwo6mqBGW,酷秀KTV(立水桥店),北京城区立水桥北路水景花园46号楼-01层,朝阳区,116.416149,40.056057,4.5,2372.0,,,"[{""title"": ""套餐（评论提及）"", ""price_hint"": ""68"", ""mentions"": ""8"", ""source"": ""review_text""}, {""title"": ""团购（评论提及）"", ""price_hint"": ""68"", ""mentions"": ""7"", ""source"": ""review_text""}, {""title"": ""欢唱时长（评论提及）"", ""price_hint"": ""68"", ""mentions"": ""13"", ""source"": ""review_text""}, {""title"": ""酒水相关（评论提及）"", ""price_hint"": ""68"", ""mentions"": ""1"", ""source"": ""review_text""}, {""title"": ""包厢相关（评论提及）"", ""price_hint"": ""68"", ""mentions"": ""16"", ""source"": ""review_text""}]",5.0,,,"{""category"": """", ""region"": """", ""shop_region"": ""北京 / 天通苑 / 量贩式KTV"", ""amap_best_name"": ""酷秀KTV·派对(立水桥店 )"", ""amap_best_score"": ""0.8889"", ""amap_min_score_applied"": ""0.00"", ""review_rows"": ""100""}",search+review_api+offline_enriched,2026-02-14 23:45:13
k6UqAFxnYSB75o6e,天秤座量贩式KTV(路劲广场店),南邵镇双营西路78号路劲世界城2层,昌平区,116.292849,40.206481,3.6,373.0,,,"[{""title"": ""套餐（评论提及）"", ""price_hint"": ""188,3000,140"", ""mentions"": ""16"", ""source"": ""review_text""}, {""title"": ""团购（评论提及）"", ""price_hint"": ""188,3000,140"", ""mentions"": ""23"", ""source"": ""review_text""}, {""title"": ""欢唱时长（评论提及）"", ""price_hint"": ""188,3000,140"", ""mentions"": ""16"", ""source"": ""review_text""}, {""title"": ""酒水相关（评论提及）"", ""price_hint"": ""188,3000,140"", ""mentions"": ""6"", ""source"": ""review_text""}, {""title"": ""包厢相关（评论提及）"", ""price_hint"": ""188,3000,140"", ""mentions"": ""4"", ""source"": ""review_text""}]",5.0,,,"{""category"": """", ""region"": """", ""shop_region"": ""北京 / 昌平镇 / 量贩式KTV"", ""amap_best_name"": ""天秤座量贩式KTV(路劲广场店)"", ""amap_best_score"": ""1.0000"", ""amap_min_score_applied"": ""0.00"", ""review_rows"": ""100""}",search+review_api+offline_enriched,2026-02-14 23:45:13
k1gRvKlc3KVEDtz3,唱吧麦颂KTV(五道口店),北京城区马连道东街15号院1号,西城区,116.331965,39.88444,4.4,1452.0,,,"[{""title"": ""套餐（评论提及）"", ""price_hint"": ""278,288"", ""mentions"": ""8"", ""source"": ""review_text""}, {""title"": ""团购（评论提及）"", ""price_hint"": ""278,288"", ""mentions"": ""8"", ""source"": ""review_text""}, {""title"": ""欢唱时长（评论提及）"", ""price_hint"": ""278,288"", ""mentions"": ""7"", ""source"": ""review_text""}, {""title"": ""酒水相关（评论提及）"", ""price_hint"": ""278,288"", ""mentions"": ""4"", ""source"": ""review_text""}, {""title"": ""包厢相关（评论提及）"", ""price_hint"": ""278,288"", ""mentions"": ""14"", ""source"": ""review_text""}]",5.0,,,"{""category"": """", ""region"": """", ""shop_region"": ""北京 / 五道口 / 量贩式KTV"", ""amap_best_name"": ""唱吧麦颂KTV(马连道店)"", ""amap_best_score"": ""0.8000"", ""amap_min_score_applied"": ""0.00"", ""review_rows"": ""100""}",search+review_api+offline_enriched,2026-02-14 23:45:14
H86N3Z28JgLb6Bkq,唱吧麦颂KTV(甘家口大厦店),北京城区三里河路17号5层504,海淀区,116.33349,39.927264,4.8,1454.0,,,"[{""title"": ""套餐（评论提及）"", ""price_hint"": """", ""mentions"": ""7"", ""source"": ""review_text""}, {""title"": ""团购（评论提及）"", ""price_hint"": """", ""mentions"": ""8"", ""source"": ""review_text""}, {""title"": ""欢唱时长（评论提及）"", ""price_hint"": """", ""mentions"": ""4"", ""source"": ""review_text""}, {""title"": ""酒水相关（评论提及）"", ""price_hint"": """", ""mentions"": ""1"", ""source"": ""review_text""}, {""title"": ""包厢相关（评论提及）"", ""price_hint"": """", ""mentions"": ""7"", ""source"": ""review_text""}]",5.0,,,"{""category"": """", ""region"": """", ""shop_region"": ""北京 / 甘家口百货 / 量贩式KTV"", ""amap_best_name"": ""唱吧麦颂KTV(甘家口大厦店)"", ""amap_best_score"": ""1.0000"", ""amap_min_score_applied"": ""0.00"", ""review_rows"": ""100""}",search+review_api+offline_enriched,2026-02-14 23:45:15
k6vxVTU8pwGoHuUj,5号KTV(常营店),北京城区朝阳北路17号常营回族乡华联商场一层,朝阳区,116.598916,39.926676,4.1,377.0,,,"[{""title"": ""套餐（评论提及）"", ""price_hint"": """", ""mentions"": ""5"", ""source"": ""review_text""}, {""title"": ""团购（评论提及）"", ""price_hint"": """", ""mentions"": ""5"", ""source"": ""review_text""}, {""title"": ""欢唱时长（评论提及）"", ""price_hint"": """", ""mentions"": ""8"", ""source"": ""review_text""}, {""title"": ""酒水相关（评论提及）"", ""price_hint"": """", ""mentions"": ""4"", ""source"": ""review_text""}, {""title"": ""包厢相关（评论提及）"", ""price_hint"": """", ""mentions"": ""7"", ""source"": ""review_text""}]",5.0,,,"{""category"": """", ""region"": """", ""shop_region"": ""北京 / 常营 / 量贩式KTV"", ""amap_best_name"": ""酷秀KTV•派对(常营店)"", ""amap_best_score"": ""0.6250"", ""amap_min_score_applied"": ""0.00"", ""review_rows"": ""100""}",search+review_api+offline_enriched,2026-02-14 23:45:15
H8krtSIIrMPp2UId,魅KTV·AI辅唱(荟聚新光界店),北三环东路33号苏宁易购西侧4层,东城区,116.409872,39.969401,4.2,147.0,,,"[{""title"": ""套餐（评论提及）"", ""price_hint"": ""100"", ""mentions"": ""4"", ""source"": ""review_text""}, {""title"": ""团购（评论提及）"", ""price_hint"": ""100"", ""mentions"": ""4"", ""source"": ""review_text""}, {""title"": ""欢唱时长（评论提及）"", ""price_hint"": ""100"", ""mentions"": ""3"", ""source"": ""review_text""}, {""title"": ""酒水相关（评论提及）"", ""price_hint"": ""100"", ""mentions"": ""2"", ""source"": ""review_text""}, {""title"": ""包厢相关（评论提及）"", ""price_hint"": ""100"", ""mentions"": ""7"", ""source"": ""review_text""}]",5.0,,,"{""category"": """", ""region"": """", ""shop_region"": ""北京 / 西红门 / 量贩式KTV"", ""amap_best_name"": ""魅KTV·AI辅唱(安贞桥店)"", ""amap_best_score"": ""0.6667"", ""amap_min_score_applied"": ""0.00"", ""review_rows"": ""100""}",search+review_api+offline_enriched,2026-02-14 23:45:15
G6jHNrecTHnhC28H,盛世夜都KTV(沙河东区3号楼店),地区路松街51号院3号楼2层201,昌平区,116.28732,40.147331,3.7,74.0,,,"[{""title"": ""套餐（评论提及）"", ""price_hint"": ""11,10,38"", ""mentions"": ""3"", ""source"": ""review_text""}, {""title"": ""团购（评论提及）"", ""price_hint"": ""11,10,38"", ""mentions"": ""6"", ""source"": ""review_text""}, {""title"": ""欢唱时长（评论提及）"", ""price_hint"": ""11,10,38"", ""mentions"": ""6"", ""source"": ""review_text""}, {""title"": ""包厢相关（评论提及）"", ""price_hint"": ""11,10,38"", ""mentions"": ""3"", ""source"": ""review_text""}]",4.0,,,"{""category"": """", ""region"": """", ""shop_region"": ""密云区 / 密云县县城 / KTV"", ""amap_best_name"": ""酷秀KTV·派对(沙河店)"", ""amap_best_score"": ""0.4348"", ""amap_min_score_applied"": ""0.00"", ""review_rows"": ""100""}",search+review_api+offline_enriched,2026-02-14 23:45:16
l3nrsAGlXYA4YPMN,唱吧麦颂KTV(欢乐谷店),北京城区迎宾街1号院22号楼四层f4-01,平谷区,117.093631,40.14634,4.6,417.0,,,"[{""title"": ""套餐（评论提及）"", ""price_hint"": ""68"", ""mentions"": ""10"", ""source"": ""review_text""}, {""title"": ""团购（评论提及）"", ""price_hint"": ""68"", ""mentions"": ""8"", ""source"": ""review_text""}, {""title"": ""欢唱时长（评论提及）"", ""price_hint"": ""68"", ""mentions"": ""8"", ""source"": ""review_text""}, {""title"": ""酒水相关（评论提及）"", ""price_hint"": ""68"", ""mentions"": ""3"", ""source"": ""review_text""}, {""title"": ""包厢相关（评论提及）"", ""price_hint"": ""68"", ""mentions"": ""9"", ""source"": ""review_text""}]",5.0,,,"{""category"": """", ""region"": """", ""shop_region"": ""北京 / 北京欢乐谷 / 量贩式KTV"", ""amap_best_name"": ""唱吧麦颂KTV(北京平谷华联店)"", ""amap_best_score"": ""0.7619"", ""amap_min_score_applied"": ""0.00"", ""review_rows"": ""100""}",search+review_api+offline_enriched,2026-02-14 23:45:16
k8bCQIjgLiWDEGOB,唱吧麦颂KTV(次渠南里店),次渠大街与亦庄通惠灌渠东路交叉口东南80米,通州区,116.573979,39.802534,4.1,381.0,,,"[{""title"": ""套餐（评论提及）"", ""price_hint"": """", ""mentions"": ""3"", ""source"": ""review_text""}, {""title"": ""团购（评论提及）"", ""price_hint"": """", ""mentions"": ""7"", ""source"": ""review_text""}, {""title"": ""欢唱时长（评论提及）"", ""price_hint"": """", ""mentions"": ""9"", ""source"": ""review_text""}, {""title"": ""酒水相关（评论提及）"", ""price_hint"": """", ""mentions"": ""2"", ""source"": ""review_text""}, {""title"": ""包厢相关（评论提及）"", ""price_hint"": """", ""mentions"": ""7"", ""source"": ""review_text""}]",5.0,,,"{""category"": """", ""region"": """", ""shop_region"": ""北京 / 次渠 / 量贩式KTV"", ""amap_best_name"": ""唱吧麦颂KTV(通州次渠店)"", ""amap_best_score"": ""0.8182"", ""amap_min_score_applied"": ""0.00"", ""review_rows"": ""100""}",search+review_api+offline_enriched,2026-02-14 23:45:17
k3zFdEQmmtSqL69D,乐翻天KTV(房山绿地缤纷城店),天星街1号院绿地缤纷城房山店F4层,房山区,116.16074,39.756874,3.8,748.0,,,"[{""title"": ""套餐（评论提及）"", ""price_hint"": ""100"", ""mentions"": ""7"", ""source"": ""review_text""}, {""title"": ""团购（评论提及）"", ""price_hint"": ""100"", ""mentions"": ""10"", ""source"": ""review_text""}, {""title"": ""欢唱时长（评论提及）"", ""price_hint"": ""100"", ""mentions"": ""22"", ""source"": ""review_text""}, {""title"": ""酒水相关（评论提及）"", ""price_hint"": ""100"", ""mentions"": ""3"", ""source"": ""review_text""}, {""title"": ""包厢相关（评论提及）"", ""price_hint"": ""100"", ""mentions"": ""3"", ""source"": ""review_text""}]",5.0,,,"{""category"": """", ""region"": """", ""shop_region"": ""北京 / 良乡 / 量贩式KTV"", ""amap_best_name"": ""乐翻天(房山绿地缤纷城店)"", ""amap_best_score"": ""1.0000"", ""amap_min_score_applied"": ""0.00"", ""review_rows"": ""100""}",search+review_api+offline_enriched,2026-02-14 23:45:17
l3dN1b7bLTbcoBoR,魅KTV·AI辅唱(通州乐堤港店),黄船埠街2号院2号楼6层601-A602A603,通州区,116.658257,39.923785,4.4,1636.0,,,"[{""title"": ""套餐（评论提及）"", ""price_hint"": ""10"", ""mentions"": ""10"", ""source"": ""review_text""}, {""title"": ""团购（评论提及）"", ""price_hint"": ""10"", ""mentions"": ""6"", ""source"": ""review_text""}, {""title"": ""欢唱时长（评论提及）"", ""price_hint"": ""10"", ""mentions"": ""12"", ""source"": ""review_text""}, {""title"": ""酒水相关（评论提及）"", ""price_hint"": ""10"", ""mentions"": ""4"", ""source"": ""review_text""}, {""title"": ""包厢相关（评论提及）"", ""price_hint"": ""10"", ""mentions"": ""9"", ""source"": ""review_text""}]",5.0,,,"{""category"": """", ""region"": """", ""shop_region"": ""北京 / 北关 / 量贩式KTV"", ""amap_best_name"": ""魅KTV(通州乐堤港店)"", ""amap_best_score"": ""0.8182"", ""amap_min_score_applied"": ""0.00"", ""review_rows"": ""100""}",search+review_api+offline_enriched,2026-02-14 23:45:18
k6yNsrNCSvDeGIOd,唱吧麦颂KTV(石景山和美汇店),和美汇(石景山和美汇店),石景山区,116.126879,39.956861,4.7,358.0,,,"[{""title"": ""套餐（评论提及）"", ""price_hint"": ""78"", ""mentions"": ""6"", ""source"": ""review_text""}, {""title"": ""团购（评论提及）"", ""price_hint"": ""78"", ""mentions"": ""8"", ""source"": ""review_text""}, {""title"": ""欢唱时长（评论提及）"", ""price_hint"": ""78"", ""mentions"": ""12"", ""source"": ""review_text""}, {""title"": ""酒水相关（评论提及）"", ""price_hint"": ""78"", ""mentions"": ""3"", ""source"": ""review_text""}, {""title"": ""包厢相关（评论提及）"", ""price_hint"": ""78"", ""mentions"": ""2"", ""source"": ""review_text""}]",5.0,,,"{""category"": """", ""region"": """", ""shop_region"": ""北京 / 五里坨商圈 / 量贩式KTV"", ""amap_best_name"": ""唱吧麦颂KTV(石景山和美汇店)"", ""amap_best_score"": ""1.0000"", ""amap_min_score_applied"": ""0.00"", ""review_rows"": ""100""}",search+review_api+offline_enriched,2026-02-14 23:45:18
l89q0xuQ2pfjoH4D,CRAYOKE KTV(工体店),北京城区工人体育场西路6号(工人体育场西门南侧200米),朝阳区,116.444276,39.929376,4.2,156.0,,,"[{""title"": ""酒水相关（评论提及）"", ""price_hint"": """", ""mentions"": ""11"", ""source"": ""review_text""}, {""title"": ""包厢相关（评论提及）"", ""price_hint"": """", ""mentions"": ""17"", ""source"": ""review_text""}]",2.0,,,"{""category"": """", ""region"": """", ""shop_region"": ""北京 / 三里屯/工体 / 娱乐会所"", ""amap_best_name"": ""纯K(工体店)"", ""amap_best_score"": ""0.6316"", ""amap_min_score_applied"": ""0.00"", ""review_rows"": ""100""}",search+review_api+offline_enriched,2026-02-14 23:45:19
k8ILwl21yx9bNwdX,魅KTV·AI辅唱(安贞桥店),北三环东路33号苏宁易购西侧4层,东城区,116.409872,39.969401,4.5,2024.0,,,"[{""title"": ""套餐（评论提及）"", ""price_hint"": ""10"", ""mentions"": ""7"", ""source"": ""review_text""}, {""title"": ""团购（评论提及）"", ""price_hint"": ""10"", ""mentions"": ""5"", ""source"": ""review_text""}, {""title"": ""欢唱时长（评论提及）"", ""price_hint"": ""10"", ""mentions"": ""4"", ""source"": ""review_text""}, {""title"": ""酒水相关（评论提及）"", ""price_hint"": ""10"", ""mentions"": ""4"", ""source"": ""review_text""}, {""title"": ""包厢相关（评论提及）"", ""price_hint"": ""10"", ""mentions"": ""4"", ""source"": ""review_text""}]",5.0,,,"{""category"": """", ""region"": """", ""shop_region"": ""北京 / 安贞商圈 / 量贩式KTV"", ""amap_best_name"": ""魅KTV·AI辅唱(安贞桥店)"", ""amap_best_score"": ""1.0000"", ""amap_min_score_applied"": ""0.00"", ""review_rows"": ""100""}",search+review_api+offline_enriched,2026-02-14 23:45:19
l9JrSQct1CBpZvBE,唱吧麦颂ktv(回龙观龙旗广场店),回龙观镇育知东路30号院5号楼,昌平区,116.337996,40.072468,4.7,1221.0,,,"[{""title"": ""套餐（评论提及）"", ""price_hint"": ""38"", ""mentions"": ""5"", ""source"": ""review_text""}, {""title"": ""团购（评论提及）"", ""price_hint"": ""38"", ""mentions"": ""6"", ""source"": ""review_text""}, {""title"": ""欢唱时长（评论提及）"", ""price_hint"": ""38"", ""mentions"": ""15"", ""source"": ""review_text""}, {""title"": ""酒水相关（评论提及）"", ""price_hint"": ""38"", ""mentions"": ""4"", ""source"": ""review_text""}, {""title"": ""包厢相关（评论提及）"", ""price_hint"": ""38"", ""mentions"": ""9"", ""source"": ""review_text""}]",5.0,,,"{""category"": """", ""region"": """", ""shop_region"": ""北京 / 回龙观商圈 / 量贩式KTV"", ""amap_best_name"": ""唱吧麦颂KTV(北京回龙观地铁站店)"", ""amap_best_score"": ""0.7407"", ""amap_min_score_applied"": ""0.00"", ""review_rows"": ""100""}",search+review_api+offline_enriched,2026-02-14 23:45:20
l5EGtUPilcB1LEI8,唱吧麦颂KTV(回龙观地铁站店),回龙观镇育知东路30号院5号楼,昌平区,116.337996,40.072468,4.4,1502.0,,,"[{""title"": ""套餐（评论提及）"", ""price_hint"": ""98,100,60"", ""mentions"": ""4"", ""source"": ""review_text""}, {""title"": ""团购（评论提及）"", ""price_hint"": ""98,100,60"", ""mentions"": ""7"", ""source"": ""review_text""}, {""title"": ""欢唱时长（评论提及）"", ""price_hint"": ""98,100,60"", ""mentions"": ""17"", ""source"": ""review_text""}, {""title"": ""酒水相关（评论提及）"", ""price_hint"": ""98,100,60"", ""mentions"": ""5"", ""source"": ""review_text""}, {""title"": ""包厢相关（评论提及）"", ""price_hint"": ""98,100,60"", ""mentions"": ""4"", ""source"": ""review_text""}]",5.0,,,"{""category"": """", ""region"": """", ""shop_region"": ""北京 / 回龙观商圈 / 量贩式KTV"", ""amap_best_name"": ""唱吧麦颂KTV(北京回龙观地铁站店)"", ""amap_best_score"": ""1.0000"", ""amap_min_score_applied"": ""0.00"", ""review_rows"": ""100""}",search+review_api+offline_enriched,2026-02-14 23:45:20
Ga2lxtUWSvxWVefs,阿尔法量贩式KTV(鸟巢新奥天虹店),湖景东路9号北投新奥购物中心H1层,朝阳区,116.39397,40.00162,4.4,660.0,,,"[{""title"": ""套餐（评论提及）"", ""price_hint"": ""88"", ""mentions"": ""10"", ""source"": ""review_text""}, {""title"": ""团购（评论提及）"", ""price_hint"": ""88"", ""mentions"": ""6"", ""source"": ""review_text""}, {""title"": ""欢唱时长（评论提及）"", ""price_hint"": ""88"", ""mentions"": ""16"", ""source"": ""review_text""}, {""title"": ""酒水相关（评论提及）"", ""price_hint"": ""88"", ""mentions"": ""2"", ""source"": ""review_text""}, {""title"": ""包厢相关（评论提及）"", ""price_hint"": ""88"", ""mentions"": ""3"", ""source"": ""review_text""}]",5.0,,,"{""category"": """", ""region"": """", ""shop_region"": ""北京 / 亚运村商圈 / 量贩式KTV"", ""amap_best_name"": ""阿尔法KTV(北投新奥购物中心店)"", ""amap_best_score"": ""0.6154"", ""amap_min_score_applied"": ""0.00"", ""review_rows"": ""100""}",search+review_api+offline_enriched,2026-02-14 23:45:21
la0ski2SAsMLXZO8,酷秀KTV(陶然桥店),北京城区永定门外街道彭庄甲58号陶然桥西南角,东城区,116.387086,39.870196,4.4,297.0,,,"[{""title"": ""套餐（评论提及）"", ""price_hint"": """", ""mentions"": ""8"", ""source"": ""review_text""}, {""title"": ""团购（评论提及）"", ""price_hint"": """", ""mentions"": ""9"", ""source"": ""review_text""}, {""title"": ""欢唱时长（评论提及）"", ""price_hint"": """", ""mentions"": ""13"", ""source"": ""review_text""}, {""title"": ""酒水相关（评论提及）"", ""price_hint"": """", ""mentions"": ""5"", ""source"": ""review_text""}, {""title"": ""包厢相关（评论提及）"", ""price_hint"": """", ""mentions"": ""17"", ""source"": ""review_text""}]",5.0,,,"{""category"": """", ""region"": """", ""shop_region"": ""北京 / 洋桥/木樨园 / 量贩式KTV"", ""amap_best_name"": ""酷秀KTV·派对(陶然桥店)"", ""amap_best_score"": ""0.8889"", ""amap_min_score_applied"": ""0.00"", ""review_rows"": ""100""}",search+review_api+offline_enriched,2026-02-14 23:45:21
G5wnvuwX0y6aab3s,十三K·PARTY KTV(海淀大悦城店),北京城区大牛房二巷8号院1号楼4层06,海淀区,116.230147,40.090776,4.4,1709.0,,,"[{""title"": ""套餐（评论提及）"", ""price_hint"": ""300,168,80"", ""mentions"": ""12"", ""source"": ""review_text""}, {""title"": ""团购（评论提及）"", ""price_hint"": ""300,168,80"", ""mentions"": ""11"", ""source"": ""review_text""}, {""title"": ""欢唱时长（评论提及）"", ""price_hint"": ""300,168,80"", ""mentions"": ""15"", ""source"": ""review_text""}, {""title"": ""酒水相关（评论提及）"", ""price_hint"": ""300,168,80"", ""mentions"": ""4"", ""source"": ""review_text""}, {""title"": ""包厢相关（评论提及）"", ""price_hint"": ""300,168,80"", ""mentions"": ""7"", ""source"": ""review_text""}]",5.0,,,"{""category"": """", ""region"": """", ""shop_region"": ""北京 / 西北旺 / 量贩式KTV"", ""amap_best_name"": ""十三K量贩式KTV(海淀大悦城)"", ""amap_best_score"": ""0.7692"", ""amap_min_score_applied"": ""0.00"", ""review_rows"": ""100""}",search+review_api+offline_enriched,2026-02-14 23:45:22
Gag5qGGmmBVxtuG4,9号Party KTV(U悦生活广场店),立汤路辅路与中滩村北三街交叉口西南160米,昌平区,116.411775,40.063625,4.5,285.0,,,"[{""title"": ""套餐（评论提及）"", ""price_hint"": """", ""mentions"": ""8"", ""source"": ""review_text""}, {""title"": ""团购（评论提及）"", ""price_hint"": """", ""mentions"": ""5"", ""source"": ""review_text""}, {""title"": ""欢唱时长（评论提及）"", ""price_hint"": """", ""mentions"": ""7"", ""source"": ""review_text""}, {""title"": ""酒水相关（评论提及）"", ""price_hint"": """", ""mentions"": ""6"", ""source"": ""review_text""}, {""title"": ""包厢相关（评论提及）"", ""price_hint"": """", ""mentions"": ""6"", ""source"": ""review_text""}]",5.0,,,"{""category"": """", ""region"": """", ""shop_region"": ""北京 / 西北旺 / 量贩式KTV"", ""amap_best_name"": ""A-party KTV(未来城店)"", ""amap_best_score"": ""0.5714"", ""amap_min_score_applied"": ""0.00"", ""review_rows"": ""100""}",search+review_api+offline_enriched,2026-02-14 23:45:22
G3Q2xrzpFKyx3VHP,唱吧麦颂KTV(北苑家园城悦荟店),云景东路51号3层,通州区,116.664781,39.876223,4.6,839.0,,,"[{""title"": ""套餐（评论提及）"", ""price_hint"": ""28,30,38"", ""mentions"": ""5"", ""source"": ""review_text""}, {""title"": ""团购（评论提及）"", ""price_hint"": ""28,30,38"", ""mentions"": ""8"", ""source"": ""review_text""}, {""title"": ""欢唱时长（评论提及）"", ""price_hint"": ""28,30,38"", ""mentions"": ""9"", ""source"": ""review_text""}, {""title"": ""酒水相关（评论提及）"", ""price_hint"": ""28,30,38"", ""mentions"": ""6"", ""source"": ""review_text""}, {""title"": ""包厢相关（评论提及）"", ""price_hint"": ""28,30,38"", ""mentions"": ""11"", ""source"": ""review_text""}]",5.0,,,"{""category"": """", ""region"": """", ""shop_region"": ""北京 / 北苑家园 / 量贩式KTV"", ""amap_best_name"": ""唱吧麦颂量贩KTV(梨园店)"", ""amap_best_score"": ""0.6957"", ""amap_min_score_applied"": ""0.00"", ""review_rows"": ""100""}",search+review_api+offline_enriched,2026-02-14 23:45:22
k9iMRaU400D6PRKL,唱吧麦颂KTV(好运街店),北京城区麦子店街道朝阳公园路好运街,朝阳区,116.471712,39.949712,3.9,2292.0,,,"[{""title"": ""套餐（评论提及）"", ""price_hint"": """", ""mentions"": ""5"", ""source"": ""review_text""}, {""title"": ""团购（评论提及）"", ""price_hint"": """", ""mentions"": ""11"", ""source"": ""review_text""}, {""title"": ""欢唱时长（评论提及）"", ""price_hint"": """", ""mentions"": ""5"", ""source"": ""review_text""}, {""title"": ""酒水相关（评论提及）"", ""price_hint"": """", ""mentions"": ""5"", ""source"": ""review_text""}, {""title"": ""包厢相关（评论提及）"", ""price_hint"": """", ""mentions"": ""11"", ""source"": ""review_text""}]",5.0,,,"{""category"": """", ""region"": """", ""shop_region"": ""北京 / 蓝色港湾 / 量贩式KTV"", ""amap_best_name"": ""唱吧麦颂KTV(好运街店)"", ""amap_best_score"": ""1.0000"", ""amap_min_score_applied"": ""0.00"", ""review_rows"": ""100""}",search+review_api+offline_enriched,2026-02-14 23:45:23
H3UG8xQUrBoD95bn,唱吧麦颂KTV(北京龙德广场店),北京城区东中街九号东环广场A座b1,东城区,116.43616,39.937828,4.2,1352.0,,,"[{""title"": ""套餐（评论提及）"", ""price_hint"": ""58"", ""mentions"": ""2"", ""source"": ""review_text""}, {""title"": ""团购（评论提及）"", ""price_hint"": ""58"", ""mentions"": ""8"", ""source"": ""review_text""}, {""title"": ""欢唱时长（评论提及）"", ""price_hint"": ""58"", ""mentions"": ""15"", ""source"": ""review_text""}, {""title"": ""酒水相关（评论提及）"", ""price_hint"": ""58"", ""mentions"": ""7"", ""source"": ""review_text""}, {""title"": ""包厢相关（评论提及）"", ""price_hint"": ""58"", ""mentions"": ""10"", ""source"": ""review_text""}]",5.0,,,"{""category"": """", ""region"": """", ""shop_region"": ""北京 / 天通苑 / 量贩式KTV"", ""amap_best_name"": ""唱吧麦颂KTV(东环广场店)"", ""amap_best_score"": ""0.8182"", ""amap_min_score_applied"": ""0.00"", ""review_rows"": ""100""}",search+review_api+offline_enriched,2026-02-14 23:45:23
l9InkkyoWkdkjss6,麦浪 PARTY量贩KTV(庞各庄店),航程世界坊三层,大兴区,116.301125,39.514975,4.3,130.0,,,"[{""title"": ""套餐（评论提及）"", ""price_hint"": ""400,99,600"", ""mentions"": ""3"", ""source"": ""review_text""}, {""title"": ""团购（评论提及）"", ""price_hint"": ""400,99,600"", ""mentions"": ""6"", ""source"": ""review_text""}, {""title"": ""欢唱时长（评论提及）"", ""price_hint"": ""400,99,600"", ""mentions"": ""6"", ""source"": ""review_text""}, {""title"": ""酒水相关（评论提及）"", ""price_hint"": ""400,99,600"", ""mentions"": ""3"", ""source"": ""review_text""}, {""title"": ""包厢相关（评论提及）"", ""price_hint"": ""400,99,600"", ""mentions"": ""2"", ""source"": ""review_text""}]",5.0,,,"{""category"": """", ""region"": """", ""shop_region"": ""北京 / 庞各庄 / 量贩式KTV"", ""amap_best_name"": ""麦浪PARTY量贩式KTV(榆垡店)"", ""amap_best_score"": ""0.8000"", ""amap_min_score_applied"": ""0.00"", ""review_rows"": ""100""}",search+review_api+offline_enriched,2026-02-14 23:45:24
l3dZK0ZLdm7hmlEA,麦乐汇KTV·AI智慧(顺义石门店),石门街与顺西路交汇处(15号线石门站西南出口)聚乐汇4层,顺义区,116.640277,40.12928,4.6,1957.0,,,"[{""title"": ""套餐（评论提及）"", ""price_hint"": """", ""mentions"": ""3"", ""source"": ""review_text""}, {""title"": ""团购（评论提及）"", ""price_hint"": """", ""mentions"": ""5"", ""source"": ""review_text""}, {""title"": ""欢唱时长（评论提及）"", ""price_hint"": """", ""mentions"": ""12"", ""source"": ""review_text""}, {""title"": ""酒水相关（评论提及）"", ""price_hint"": """", ""mentions"": ""4"", ""source"": ""review_text""}, {""title"": ""包厢相关（评论提及）"", ""price_hint"": """", ""mentions"": ""12"", ""source"": ""review_text""}]",5.0,,,"{""category"": """", ""region"": """", ""shop_region"": ""北京 / 顺义城区 / 量贩式KTV"", ""amap_best_name"": ""麦乐汇KTV(顺义石门店)"", ""amap_best_score"": ""0.8333"", ""amap_min_score_applied"": ""0.00"", ""review_rows"": ""100""}",search+review_api+offline_enriched,2026-02-14 23:45:24
Ha17Nd5fNum66Def,侨森歌喤量贩式KTV,顺沙路与高白路交叉口西120米,顺义区,116.500361,40.169944,3.5,335.0,,,"[{""title"": ""套餐（评论提及）"", ""price_hint"": ""358"", ""mentions"": ""7"", ""source"": ""review_text""}, {""title"": ""团购（评论提及）"", ""price_hint"": ""358"", ""mentions"": ""5"", ""source"": ""review_text""}, {""title"": ""欢唱时长（评论提及）"", ""price_hint"": ""358"", ""mentions"": ""19"", ""source"": ""review_text""}, {""title"": ""酒水相关（评论提及）"", ""price_hint"": ""358"", ""mentions"": ""2"", ""source"": ""review_text""}, {""title"": ""包厢相关（评论提及）"", ""price_hint"": ""358"", ""mentions"": ""5"", ""source"": ""review_text""}]",5.0,,,"{""category"": """", ""region"": """", ""shop_region"": ""北京 / 良乡 / 量贩式KTV"", ""amap_best_name"": ""畅歌量贩KTV"", ""amap_best_score"": ""0.3333"", ""amap_min_score_applied"": ""0.00"", ""review_rows"": ""100""}",search+review_api+offline_enriched,2026-02-14 23:45:25
k6yRruFi21y2tIWU,新钱柜KTV(蓝靛厂店),蓝靛厂西路101号,海淀区,116.278205,39.963703,3.8,259.0,,,"[{""title"": ""套餐（评论提及）"", ""price_hint"": ""358"", ""mentions"": ""4"", ""source"": ""review_text""}, {""title"": ""团购（评论提及）"", ""price_hint"": ""358"", ""mentions"": ""8"", ""source"": ""review_text""}, {""title"": ""欢唱时长（评论提及）"", ""price_hint"": ""358"", ""mentions"": ""15"", ""source"": ""review_text""}, {""title"": ""酒水相关（评论提及）"", ""price_hint"": ""358"", ""mentions"": ""5"", ""source"": ""review_text""}, {""title"": ""包厢相关（评论提及）"", ""price_hint"": ""358"", ""mentions"": ""4"", ""source"": ""review_text""}]",5.0,,,"{""category"": """", ""region"": """", ""shop_region"": ""北京 / 远大路 / 量贩式KTV"", ""amap_best_name"": ""新钱柜(世纪金源店)"", ""amap_best_score"": ""0.6316"", ""amap_min_score_applied"": ""0.00"", ""review_rows"": ""100""}",search+review_api+offline_enriched,2026-02-14 23:45:25
jTErGd6C80YZyHNd,同乐迪智慧KTV·T,云岗路与迎宾东路交叉口东南100米,丰台区,116.167018,39.809165,4.2,980.0,,,"[{""title"": ""套餐（评论提及）"", ""price_hint"": ""38,100"", ""mentions"": ""14"", ""source"": ""review_text""}, {""title"": ""团购（评论提及）"", ""price_hint"": ""38,100"", ""mentions"": ""12"", ""source"": ""review_text""}, {""title"": ""欢唱时长（评论提及）"", ""price_hint"": ""38,100"", ""mentions"": ""14"", ""source"": ""review_text""}, {""title"": ""酒水相关（评论提及）"", ""price_hint"": ""38,100"", ""mentions"": ""6"", ""source"": ""review_text""}, {""title"": ""包厢相关（评论提及）"", ""price_hint"": ""38,100"", ""mentions"": ""10"", ""source"": ""review_text""}]",5.0,,,"{""category"": """", ""region"": """", ""shop_region"": ""北京 / 朝外大街 / 量贩式KTV"", ""amap_best_name"": ""友乐迪量贩式KTV"", ""amap_best_score"": ""0.4444"", ""amap_min_score_applied"": ""0.00"", ""review_rows"": ""100""}",search+review_api+offline_enriched,2026-02-14 23:45:25
H6HwLAf6dxOCBNra,唱吧麦颂KTV(马家堡店),北京城区马家堡西路11号地下一层,丰台区,116.370767,39.84817,3.8,1388.0,,,"[{""title"": ""套餐（评论提及）"", ""price_hint"": ""58,70"", ""mentions"": ""4"", ""source"": ""review_text""}, {""title"": ""团购（评论提及）"", ""price_hint"": ""58,70"", ""mentions"": ""5"", ""source"": ""review_text""}, {""title"": ""欢唱时长（评论提及）"", ""price_hint"": ""58,70"", ""mentions"": ""9"", ""source"": ""review_text""}, {""title"": ""酒水相关（评论提及）"", ""price_hint"": ""58,70"", ""mentions"": ""9"", ""source"": ""review_text""}, {""title"": ""包厢相关（评论提及）"", ""price_hint"": ""58,70"", ""mentions"": ""4"", ""source"": ""review_text""}]",5.0,,,"{""category"": """", ""region"": """", ""shop_region"": ""北京 / 马家堡/角门 / 量贩式KTV"", ""amap_best_name"": ""唱吧麦颂KTV(马家堡店)"", ""amap_best_score"": ""1.0000"", ""amap_min_score_applied"": ""0.00"", ""review_rows"": ""100""}",search+review_api+offline_enriched,2026-02-14 23:45:26
k8Uof1fFMLE8c2aw,星聚会KTV(姚家园万象汇店),北京城区青年北路35号院1号楼2层L203、L204、L205,朝阳区,116.516015,39.941242,4.5,679.0,,,"[{""title"": ""套餐（评论提及）"", ""price_hint"": ""40"", ""mentions"": ""8"", ""source"": ""review_text""}, {""title"": ""团购（评论提及）"", ""price_hint"": ""40"", ""mentions"": ""9"", ""source"": ""review_text""}, {""title"": ""欢唱时长（评论提及）"", ""price_hint"": ""40"", ""mentions"": ""13"", ""source"": ""review_text""}, {""title"": ""酒水相关（评论提及）"", ""price_hint"": ""40"", ""mentions"": ""4"", ""source"": ""review_text""}, {""title"": ""包厢相关（评论提及）"", ""price_hint"": ""40"", ""mentions"": ""18"", ""source"": ""review_text""}]",5.0,,,"{""category"": """", ""region"": """", ""shop_region"": ""北京 / 姚家园 / 量贩式KTV"", ""amap_best_name"": ""星聚会KTV(北京姚家园万象汇店)"", ""amap_best_score"": ""1.0000"", ""amap_min_score_applied"": ""0.00"", ""review_rows"": ""100""}",search+review_api+offline_enriched,2026-02-14 23:45:26
H5Pb6NvwLB3SstSl,动刻KTV(通州万达店),新华西街58号院万达广场B座4F层B2,通州区,116.642374,39.90564,4.0,1709.0,,,"[{""title"": ""套餐（评论提及）"", ""price_hint"": ""43,138,200"", ""mentions"": ""9"", ""source"": ""review_text""}, {""title"": ""团购（评论提及）"", ""price_hint"": ""43,138,200"", ""mentions"": ""15"", ""source"": ""review_text""}, {""title"": ""欢唱时长（评论提及）"", ""price_hint"": ""43,138,200"", ""mentions"": ""17"", ""source"": ""review_text""}, {""title"": ""酒水相关（评论提及）"", ""price_hint"": ""43,138,200"", ""mentions"": ""6"", ""source"": ""review_text""}, {""title"": ""包厢相关（评论提及）"", ""price_hint"": ""43,138,200"", ""mentions"": ""10"", ""source"": ""review_text""}]",5.0,,,"{""category"": """", ""region"": """", ""shop_region"": ""北京 / 通州北苑 / 量贩式KTV"", ""amap_best_name"": ""动刻KTV(通州万达广场店)"", ""amap_best_score"": ""0.9000"", ""amap_min_score_applied"": ""0.00"", ""review_rows"": ""100""}",search+review_api+offline_enriched,2026-02-14 23:45:27
G49Pvr7VlVsENfcc,桃屋量贩KTV(北京西郊宾馆店),西单北大街109号三层(灵境胡同地铁站D西南口步行280米),西城区,116.37309,39.913888,4.2,2674.0,,,"[{""title"": ""套餐（评论提及）"", ""price_hint"": """", ""mentions"": ""1"", ""source"": ""review_text""}, {""title"": ""团购（评论提及）"", ""price_hint"": """", ""mentions"": ""4"", ""source"": ""review_text""}, {""title"": ""欢唱时长（评论提及）"", ""price_hint"": """", ""mentions"": ""5"", ""source"": ""review_text""}, {""title"": ""酒水相关（评论提及）"", ""price_hint"": """", ""mentions"": ""1"", ""source"": ""review_text""}, {""title"": ""包厢相关（评论提及）"", ""price_hint"": """", ""mentions"": ""5"", ""source"": ""review_text""}]",5.0,,,"{""category"": """", ""region"": """", ""shop_region"": ""北京 / 五道口 / 量贩式KTV"", ""amap_best_name"": ""魅KTV(西单店)"", ""amap_best_score"": ""0.5333"", ""amap_min_score_applied"": ""0.00"", ""review_rows"": ""100""}",search+review_api+offline_enriched,2026-02-14 23:45:27
GaqufpeSWmHi9q9P,唱吧麦颂KTV(旧宫店),北京城区旧宫镇小红门路136-5号兴南大厦A座,大兴区,116.455925,39.812113,4.1,734.0,,,"[{""title"": ""套餐（评论提及）"", ""price_hint"": ""38,13"", ""mentions"": ""9"", ""source"": ""review_text""}, {""title"": ""团购（评论提及）"", ""price_hint"": ""38,13"", ""mentions"": ""5"", ""source"": ""review_text""}, {""title"": ""欢唱时长（评论提及）"", ""price_hint"": ""38,13"", ""mentions"": ""7"", ""source"": ""review_text""}, {""title"": ""酒水相关（评论提及）"", ""price_hint"": ""38,13"", ""mentions"": ""5"", ""source"": ""review_text""}, {""title"": ""包厢相关（评论提及）"", ""price_hint"": ""38,13"", ""mentions"": ""2"", ""source"": ""review_text""}]",5.0,,,"{""category"": """", ""region"": """", ""shop_region"": ""北京 / 旧宫 / 量贩式KTV"", ""amap_best_name"": ""唱吧麦颂KTV(大兴旧宫店)"", ""amap_best_score"": ""0.9000"", ""amap_min_score_applied"": ""0.00"", ""review_rows"": ""100""}",search+review_api+offline_enriched,2026-02-14 23:45:28
H9BgBXIUYxkP6rln,星聚会KTV(北京朝阳公园棕榈泉店),北京城区朝阳公园南路8号院14号02层02号H301,朝阳区,116.478815,39.932248,4.8,302.0,,,"[{""title"": ""套餐（评论提及）"", ""price_hint"": """", ""mentions"": ""7"", ""source"": ""review_text""}, {""title"": ""团购（评论提及）"", ""price_hint"": """", ""mentions"": ""8"", ""source"": ""review_text""}, {""title"": ""欢唱时长（评论提及）"", ""price_hint"": """", ""mentions"": ""8"", ""source"": ""review_text""}, {""title"": ""包厢相关（评论提及）"", ""price_hint"": """", ""mentions"": ""10"", ""source"": ""review_text""}]",4.0,,,"{""category"": """", ""region"": """", ""shop_region"": ""北京 / 甜水园 / 量贩式KTV"", ""amap_best_name"": ""星聚会KTV(北京朝阳公园棕榈泉店)"", ""amap_best_score"": ""1.0000"", ""amap_min_score_applied"": ""0.00"", ""review_rows"": ""100""}",search+review_api+offline_enriched,2026-02-14 23:45:28
EqKiL2Cx6NFBXyRB,北京魅力星座KTV,良锦路一号院一号楼二层202,房山区,116.1348,39.680831,0.0,,,,,,,,"{""category"": """", ""region"": """", ""shop_region"": """", ""amap_best_name"": ""星河量贩KTV"", ""amap_best_score"": ""0.3333"", ""amap_min_score_applied"": ""0.00""}",search+review_api+offline_enriched,2026-02-14 23:45:28
G69Nq4zlTse39Jjx,唱吧麦颂KTV(顺义华联店),仁和镇新顺南大街8号院1幢四层,顺义区,116.651979,40.127645,3.9,1196.0,,,"[{""title"": ""套餐（评论提及）"", ""price_hint"": ""118"", ""mentions"": ""4"", ""source"": ""review_text""}, {""title"": ""团购（评论提及）"", ""price_hint"": ""118"", ""mentions"": ""12"", ""source"": ""review_text""}, {""title"": ""欢唱时长（评论提及）"", ""price_hint"": ""118"", ""mentions"": ""19"", ""source"": ""review_text""}, {""title"": ""酒水相关（评论提及）"", ""price_hint"": ""118"", ""mentions"": ""13"", ""source"": ""review_text""}, {""title"": ""包厢相关（评论提及）"", ""price_hint"": ""118"", ""mentions"": ""9"", ""source"": ""review_text""}]",5.0,,,"{""category"": """", ""region"": """", ""shop_region"": ""北京 / 顺义城区 / 量贩式KTV"", ""amap_best_name"": ""唱吧麦颂KTV(北京顺义华联店)"", ""amap_best_score"": ""1.0000"", ""amap_min_score_applied"": ""0.00"", ""review_rows"": ""100""}",search+review_api+offline_enriched,2026-02-14 23:45:29
H1cU8iCnRYsQtHf4,唱吧麦颂KTV(北京丰台智慧广场店),北京城区东中街九号东环广场A座b1,东城区,116.43616,39.937828,4.3,883.0,,,"[{""title"": ""套餐（评论提及）"", ""price_hint"": ""58,50"", ""mentions"": ""6"", ""source"": ""review_text""}, {""title"": ""团购（评论提及）"", ""price_hint"": ""58,50"", ""mentions"": ""2"", ""source"": ""review_text""}, {""title"": ""欢唱时长（评论提及）"", ""price_hint"": ""58,50"", ""mentions"": ""8"", ""source"": ""review_text""}, {""title"": ""酒水相关（评论提及）"", ""price_hint"": ""58,50"", ""mentions"": ""8"", ""source"": ""review_text""}, {""title"": ""包厢相关（评论提及）"", ""price_hint"": ""58,50"", ""mentions"": ""5"", ""source"": ""review_text""}]",5.0,,,"{""category"": """", ""region"": """", ""shop_region"": ""北京 / 世界公园 / 量贩式KTV"", ""amap_best_name"": ""唱吧麦颂KTV(东环广场店)"", ""amap_best_score"": ""0.7500"", ""amap_min_score_applied"": ""0.00"", ""review_rows"": ""100""}",search+review_api+offline_enriched,2026-02-14 23:45:29
k34sujBxdSfvUlPi,唱吧麦颂KTV(五棵松华熙万达店),北京城区探五哩街区负一层B-161,海淀区,116.27605,39.912224,4.4,952.0,,,"[{""title"": ""套餐（评论提及）"", ""price_hint"": """", ""mentions"": ""5"", ""source"": ""review_text""}, {""title"": ""团购（评论提及）"", ""price_hint"": """", ""mentions"": ""8"", ""source"": ""review_text""}, {""title"": ""欢唱时长（评论提及）"", ""price_hint"": """", ""mentions"": ""10"", ""source"": ""review_text""}, {""title"": ""酒水相关（评论提及）"", ""price_hint"": """", ""mentions"": ""7"", ""source"": ""review_text""}, {""title"": ""包厢相关（评论提及）"", ""price_hint"": """", ""mentions"": ""5"", ""source"": ""review_text""}]",5.0,,,"{""category"": """", ""region"": """", ""shop_region"": ""北京 / 五棵松 / 量贩式KTV"", ""amap_best_name"": ""唱吧麦颂KTV(五棵松华熙万达店)"", ""amap_best_score"": ""1.0000"", ""amap_min_score_applied"": ""0.00"", ""review_rows"": ""100""}",search+review_api+offline_enriched,2026-02-14 23:45:30
l2hX0tONf0I1uNkQ,魅KTV·AI辅唱(顺义锦荟港店),站前街3号院锦荟港F5层,顺义区,116.647761,40.126183,4.3,1460.0,,,"[{""title"": ""套餐（评论提及）"", ""price_hint"": """", ""mentions"": ""4"", ""source"": ""review_text""}, {""title"": ""团购（评论提及）"", ""price_hint"": """", ""mentions"": ""3"", ""source"": ""review_text""}, {""title"": ""欢唱时长（评论提及）"", ""price_hint"": """", ""mentions"": ""11"", ""source"": ""review_text""}, {""title"": ""酒水相关（评论提及）"", ""price_hint"": """", ""mentions"": ""2"", ""source"": ""review_text""}, {""title"": ""包厢相关（评论提及）"", ""price_hint"": """", ""mentions"": ""16"", ""source"": ""review_text""}]",5.0,,,"{""category"": """", ""region"": """", ""shop_region"": ""北京 / 顺义城区 / 量贩式KTV"", ""amap_best_name"": ""魅KTV(锦荟港店)"", ""amap_best_score"": ""0.7000"", ""amap_min_score_applied"": ""0.00"", ""review_rows"": ""100""}",search+review_api+offline_enriched,2026-02-14 23:45:30
l7DKWkqZbj3eLPdQ,唱吧麦颂KTV(东四北大街店),北京城区东四北大街343号3层,东城区,116.41711,39.928466,3.4,2119.0,,,"[{""title"": ""套餐（评论提及）"", ""price_hint"": ""78,168"", ""mentions"": ""8"", ""source"": ""review_text""}, {""title"": ""团购（评论提及）"", ""price_hint"": ""78,168"", ""mentions"": ""6"", ""source"": ""review_text""}, {""title"": ""欢唱时长（评论提及）"", ""price_hint"": ""78,168"", ""mentions"": ""16"", ""source"": ""review_text""}, {""title"": ""酒水相关（评论提及）"", ""price_hint"": ""78,168"", ""mentions"": ""5"", ""source"": ""review_text""}, {""title"": ""包厢相关（评论提及）"", ""price_hint"": ""78,168"", ""mentions"": ""5"", ""source"": ""review_text""}]",5.0,,,"{""category"": """", ""region"": """", ""shop_region"": ""北京 / 东四商圈 / 量贩式KTV"", ""amap_best_name"": ""唱吧麦颂KTV(东四北大街店)"", ""amap_best_score"": ""1.0000"", ""amap_min_score_applied"": ""0.00"", ""review_rows"": ""100""}",search+review_api+offline_enriched,2026-02-14 23:45:31
H4uAizprggA9UNmk,唱吧麦颂KTV(公益西桥地铁站店),垡头街道双合北街10号楼合憬荟购物中心,朝阳区,116.526842,39.858845,4.3,1713.0,,,"[{""title"": ""套餐（评论提及）"", ""price_hint"": """", ""mentions"": ""11"", ""source"": ""review_text""}, {""title"": ""团购（评论提及）"", ""price_hint"": """", ""mentions"": ""4"", ""source"": ""review_text""}, {""title"": ""欢唱时长（评论提及）"", ""price_hint"": """", ""mentions"": ""7"", ""source"": ""review_text""}, {""title"": ""酒水相关（评论提及）"", ""price_hint"": """", ""mentions"": ""5"", ""source"": ""review_text""}, {""title"": ""包厢相关（评论提及）"", ""price_hint"": """", ""mentions"": ""6"", ""source"": ""review_text""}]",5.0,,,"{""category"": """", ""region"": """", ""shop_region"": ""北京 / 草桥/公益西桥 / 量贩式KTV"", ""amap_best_name"": ""唱吧麦颂KTV(双合地铁站店)"", ""amap_best_score"": ""0.7692"", ""amap_min_score_applied"": ""0.00"", ""review_rows"": ""100""}",search+review_api+offline_enriched,2026-02-14 23:45:31
k9ohczrUcxf6xJKx,悦π美食KTV(大悦春风里店),朝阳北路雅成一里19号世丰国际大厦B1层,朝阳区,116.52163,39.924023,3.9,625.0,,,"[{""title"": ""套餐（评论提及）"", ""price_hint"": ""90"", ""mentions"": ""5"", ""source"": ""review_text""}, {""title"": ""团购（评论提及）"", ""price_hint"": ""90"", ""mentions"": ""8"", ""source"": ""review_text""}, {""title"": ""欢唱时长（评论提及）"", ""price_hint"": ""90"", ""mentions"": ""7"", ""source"": ""review_text""}, {""title"": ""酒水相关（评论提及）"", ""price_hint"": ""90"", ""mentions"": ""5"", ""source"": ""review_text""}, {""title"": ""包厢相关（评论提及）"", ""price_hint"": ""90"", ""mentions"": ""9"", ""source"": ""review_text""}]",5.0,,,"{""category"": """", ""region"": """", ""shop_region"": ""北京 / 黄村 / 量贩式KTV"", ""amap_best_name"": ""魅KTV(朝阳大悦城店)"", ""amap_best_score"": ""0.5000"", ""amap_min_score_applied"": ""0.00"", ""review_rows"": ""100""}",search+review_api+offline_enriched,2026-02-14 23:45:31
H6p2HDKZiTGAzk4H,唱吧麦颂KTV(国泰良辰店),北京城区滨河街道文化北街13号6,平谷区,117.111047,40.140766,4.8,174.0,,,"[{""title"": ""套餐（评论提及）"", ""price_hint"": ""39"", ""mentions"": ""1"", ""source"": ""review_text""}, {""title"": ""团购（评论提及）"", ""price_hint"": ""39"", ""mentions"": ""5"", ""source"": ""review_text""}, {""title"": ""欢唱时长（评论提及）"", ""price_hint"": ""39"", ""mentions"": ""4"", ""source"": ""review_text""}, {""title"": ""酒水相关（评论提及）"", ""price_hint"": ""39"", ""mentions"": ""2"", ""source"": ""review_text""}, {""title"": ""包厢相关（评论提及）"", ""price_hint"": ""39"", ""mentions"": ""5"", ""source"": ""review_text""}]",5.0,,,"{""category"": """", ""region"": """", ""shop_region"": ""北京 / 良乡 / 量贩式KTV"", ""amap_best_name"": ""唱吧麦颂KTV(北京平谷国泰百货店)"", ""amap_best_score"": ""0.7500"", ""amap_min_score_applied"": ""0.00"", ""review_rows"": ""100""}",search+review_api+offline_enriched,2026-02-14 23:45:32
l2gDTEVd9kO7wMbn,魅KTV·AI辅唱(望京麒麟社店),北三环东路33号苏宁易购西侧4层,东城区,116.409872,39.969401,4.3,1563.0,,,"[{""title"": ""套餐（评论提及）"", ""price_hint"": ""200,118"", ""mentions"": ""2"", ""source"": ""review_text""}, {""title"": ""团购（评论提及）"", ""price_hint"": ""200,118"", ""mentions"": ""7"", ""source"": ""review_text""}, {""title"": ""欢唱时长（评论提及）"", ""price_hint"": ""200,118"", ""mentions"": ""7"", ""source"": ""review_text""}, {""title"": ""酒水相关（评论提及）"", ""price_hint"": ""200,118"", ""mentions"": ""7"", ""source"": ""review_text""}, {""title"": ""包厢相关（评论提及）"", ""price_hint"": ""200,118"", ""mentions"": ""12"", ""source"": ""review_text""}]",5.0,,,"{""category"": """", ""region"": """", ""shop_region"": ""北京 / 望京 / 量贩式KTV"", ""amap_best_name"": ""魅KTV·AI辅唱(安贞桥店)"", ""amap_best_score"": ""0.6667"", ""amap_min_score_applied"": ""0.00"", ""review_rows"": ""100""}",search+review_api+offline_enriched,2026-02-14 23:45:32
FxBwUiiVYRhWQJoY,酷秀KTV(房山龙湖天街店),北京城区政通南路2号院1号楼4F08-09,房山区,116.141225,39.744837,4.5,920.0,,,"[{""title"": ""套餐（评论提及）"", ""price_hint"": """", ""mentions"": ""7"", ""source"": ""review_text""}, {""title"": ""团购（评论提及）"", ""price_hint"": """", ""mentions"": ""4"", ""source"": ""review_text""}, {""title"": ""欢唱时长（评论提及）"", ""price_hint"": """", ""mentions"": ""10"", ""source"": ""review_text""}, {""title"": ""酒水相关（评论提及）"", ""price_hint"": """", ""mentions"": ""2"", ""source"": ""review_text""}, {""title"": ""包厢相关（评论提及）"", ""price_hint"": """", ""mentions"": ""8"", ""source"": ""review_text""}]",5.0,,,"{""category"": """", ""region"": """", ""shop_region"": ""北京 / 良乡 / 量贩式KTV"", ""amap_best_name"": ""酷秀KTV(房山龙湖天街店)"", ""amap_best_score"": ""1.0000"", ""amap_min_score_applied"": ""0.00"", ""review_rows"": ""100""}",search+review_api+offline_enriched,2026-02-14 23:45:33
G4Ebdjo8nQc4pvLC,蓝调KTV(通州梨园店),通朝大街107号109、111,通州区,116.639602,39.892675,4.1,1087.0,,,"[{""title"": ""套餐（评论提及）"", ""price_hint"": """", ""mentions"": ""10"", ""source"": ""review_text""}, {""title"": ""团购（评论提及）"", ""price_hint"": """", ""mentions"": ""3"", ""source"": ""review_text""}, {""title"": ""欢唱时长（评论提及）"", ""price_hint"": """", ""mentions"": ""8"", ""source"": ""review_text""}, {""title"": ""酒水相关（评论提及）"", ""price_hint"": """", ""mentions"": ""6"", ""source"": ""review_text""}, {""title"": ""包厢相关（评论提及）"", ""price_hint"": """", ""mentions"": ""4"", ""source"": ""review_text""}]",5.0,,,"{""category"": """", ""region"": """", ""shop_region"": ""北京 / 梨园商圈 / 量贩式KTV"", ""amap_best_name"": ""蓝调KTV(通州果园店)"", ""amap_best_score"": ""0.8889"", ""amap_min_score_applied"": ""0.00"", ""review_rows"": ""100""}",search+review_api+offline_enriched,2026-02-14 23:45:33
Ha4LzfVW8SFWhMZW,酷秀KTV(万柳店),北京城区巴沟路2号1幢05层501,海淀区,116.294937,39.972946,4.3,615.0,,,"[{""title"": ""套餐（评论提及）"", ""price_hint"": ""10"", ""mentions"": ""10"", ""source"": ""review_text""}, {""title"": ""团购（评论提及）"", ""price_hint"": ""10"", ""mentions"": ""9"", ""source"": ""review_text""}, {""title"": ""欢唱时长（评论提及）"", ""price_hint"": ""10"", ""mentions"": ""10"", ""source"": ""review_text""}, {""title"": ""酒水相关（评论提及）"", ""price_hint"": ""10"", ""mentions"": ""5"", ""source"": ""review_text""}, {""title"": ""包厢相关（评论提及）"", ""price_hint"": ""10"", ""mentions"": ""7"", ""source"": ""review_text""}]",5.0,,,"{""category"": """", ""region"": """", ""shop_region"": ""北京 / 万柳 / 量贩式KTV"", ""amap_best_name"": ""酷秀KTV.派对(万柳店)"", ""amap_best_score"": ""0.8750"", ""amap_min_score_applied"": ""0.00"", ""review_rows"": ""100""}",search+review_api+offline_enriched,2026-02-14 23:45:34
H9VBocCAs8vWqM8f,蓝调KTV(通州果园店),通朝大街107号109、111,通州区,116.639602,39.892675,4.1,1271.0,,,"[{""title"": ""套餐（评论提及）"", ""price_hint"": """", ""mentions"": ""5"", ""source"": ""review_text""}, {""title"": ""团购（评论提及）"", ""price_hint"": """", ""mentions"": ""8"", ""source"": ""review_text""}, {""title"": ""欢唱时长（评论提及）"", ""price_hint"": """", ""mentions"": ""7"", ""source"": ""review_text""}, {""title"": ""酒水相关（评论提及）"", ""price_hint"": """", ""mentions"": ""5"", ""source"": ""review_text""}, {""title"": ""包厢相关（评论提及）"", ""price_hint"": """", ""mentions"": ""8"", ""source"": ""review_text""}]",5.0,,,"{""category"": """", ""region"": """", ""shop_region"": ""北京 / 果园 / 量贩式KTV"", ""amap_best_name"": ""蓝调KTV(通州果园店)"", ""amap_best_score"": ""1.0000"", ""amap_min_score_applied"": ""0.00"", ""review_rows"": ""100""}",search+review_api+offline_enriched,2026-02-14 23:45:34
G3ZrQnp9TdloiC7o,CHAMBER 28,北京城区中国东大桥路甲8号,朝阳区,116.451194,39.919723,4.5,1031.0,,,"[{""title"": ""套餐（评论提及）"", ""price_hint"": """", ""mentions"": ""1"", ""source"": ""review_text""}, {""title"": ""团购（评论提及）"", ""price_hint"": """", ""mentions"": ""3"", ""source"": ""review_text""}, {""title"": ""欢唱时长（评论提及）"", ""price_hint"": """", ""mentions"": ""2"", ""source"": ""review_text""}, {""title"": ""酒水相关（评论提及）"", ""price_hint"": """", ""mentions"": ""10"", ""source"": ""review_text""}, {""title"": ""包厢相关（评论提及）"", ""price_hint"": """", ""mentions"": ""4"", ""source"": ""review_text""}]",5.0,,,"{""category"": """", ""region"": """", ""shop_region"": ""北京 / 三里屯/工体 / 量贩式KTV"", ""amap_best_name"": ""AM8ER音乐餐吧(尚都国际中心店)"", ""amap_best_score"": ""0.2963"", ""amap_min_score_applied"": ""0.00"", ""review_rows"": ""100""}",search+review_api+offline_enriched,2026-02-14 23:45:35
k1EusAEyT5QDtdKa,蓝调KTV(通州马驹桥二店),马驹桥新海南里100号楼3层,通州区,116.541715,39.752047,3.9,68.0,,,"[{""title"": ""套餐（评论提及）"", ""price_hint"": """", ""mentions"": ""1"", ""source"": ""review_text""}, {""title"": ""欢唱时长（评论提及）"", ""price_hint"": """", ""mentions"": ""3"", ""source"": ""review_text""}, {""title"": ""酒水相关（评论提及）"", ""price_hint"": """", ""mentions"": ""1"", ""source"": ""review_text""}, {""title"": ""包厢相关（评论提及）"", ""price_hint"": """", ""mentions"": ""8"", ""source"": ""review_text""}]",4.0,,,"{""category"": """", ""region"": """", ""shop_region"": ""北京 / 马驹桥商圈 / 量贩式KTV"", ""amap_best_name"": ""蓝调KTV(马驹桥店)"", ""amap_best_score"": ""0.8421"", ""amap_min_score_applied"": ""0.00"", ""review_rows"": ""100""}",search+review_api+offline_enriched,2026-02-14 23:45:35
H7Sm8eszLvrhx9oj,乐幻KTV,永定路与正大南路交叉口东南160米,海淀区,116.265275,39.908825,4.5,141.0,,,"[{""title"": ""套餐（评论提及）"", ""price_hint"": ""66"", ""mentions"": ""8"", ""source"": ""review_text""}, {""title"": ""团购（评论提及）"", ""price_hint"": ""66"", ""mentions"": ""10"", ""source"": ""review_text""}, {""title"": ""欢唱时长（评论提及）"", ""price_hint"": ""66"", ""mentions"": ""10"", ""source"": ""review_text""}, {""title"": ""酒水相关（评论提及）"", ""price_hint"": ""66"", ""mentions"": ""5"", ""source"": ""review_text""}, {""title"": ""包厢相关（评论提及）"", ""price_hint"": ""66"", ""mentions"": ""14"", ""source"": ""review_text""}]",5.0,,,"{""category"": """", ""region"": """", ""shop_region"": ""北京 / 石园商圈 / 量贩式KTV"", ""amap_best_name"": ""欢乐颂量贩式KTV"", ""amap_best_score"": ""0.4000"", ""amap_min_score_applied"": ""0.00"", ""review_rows"": ""100""}",search+review_api+offline_enriched,2026-02-14 23:45:35
H8FmKcUf8Tc2JKQ9,麦乐汇KTV·AI智慧(首经贸店),石门街与顺西路交汇处(15号线石门站西南出口)聚乐汇4层,顺义区,116.640277,40.12928,4.8,726.0,,,"[{""title"": ""套餐（评论提及）"", ""price_hint"": ""99,49"", ""mentions"": ""6"", ""source"": ""review_text""}, {""title"": ""团购（评论提及）"", ""price_hint"": ""99,49"", ""mentions"": ""7"", ""source"": ""review_text""}, {""title"": ""欢唱时长（评论提及）"", ""price_hint"": ""99,49"", ""mentions"": ""12"", ""source"": ""review_text""}, {""title"": ""酒水相关（评论提及）"", ""price_hint"": ""99,49"", ""mentions"": ""3"", ""source"": ""review_text""}, {""title"": ""包厢相关（评论提及）"", ""price_hint"": ""99,49"", ""mentions"": ""4"", ""source"": ""review_text""}]",5.0,,,"{""category"": """", ""region"": """", ""shop_region"": ""北京 / 夏家胡同/纪家庙 / 量贩式KTV"", ""amap_best_name"": ""麦乐汇KTV(顺义石门店)"", ""amap_best_score"": ""0.5217"", ""amap_min_score_applied"": ""0.00"", ""review_rows"": ""100""}",search+review_api+offline_enriched,2026-02-14 23:45:36
k7OWNOdJWNIKRBVi,秘宅KTV(西坝河店),北京城区西坝河东里83号(西坝河地铁站C口步行140米),朝阳区,116.44474,39.965674,3.9,1178.0,,,"[{""title"": ""套餐（评论提及）"", ""price_hint"": ""200,300"", ""mentions"": ""6"", ""source"": ""review_text""}, {""title"": ""团购（评论提及）"", ""price_hint"": ""200,300"", ""mentions"": ""6"", ""source"": ""review_text""}, {""title"": ""欢唱时长（评论提及）"", ""price_hint"": ""200,300"", ""mentions"": ""9"", ""source"": ""review_text""}, {""title"": ""酒水相关（评论提及）"", ""price_hint"": ""200,300"", ""mentions"": ""6"", ""source"": ""review_text""}, {""title"": ""包厢相关（评论提及）"", ""price_hint"": ""200,300"", ""mentions"": ""16"", ""source"": ""review_text""}]",5.0,,,"{""category"": """", ""region"": """", ""shop_region"": ""北京 / 太阳宫 / 量贩式KTV"", ""amap_best_name"": ""秘宅KTV(西坝河店)"", ""amap_best_score"": ""1.0000"", ""amap_min_score_applied"": ""0.00"", ""review_rows"": ""100""}",search+review_api+offline_enriched,2026-02-14 23:45:36
G3UumGzoW2DshTHH,蓝调KTV·派对(绿地缤纷城店),金星西路3号缤纷城·东岸B1层,大兴区,116.333986,39.764033,4.0,291.0,,,"[{""title"": ""套餐（评论提及）"", ""price_hint"": """", ""mentions"": ""3"", ""source"": ""review_text""}, {""title"": ""团购（评论提及）"", ""price_hint"": """", ""mentions"": ""5"", ""source"": ""review_text""}, {""title"": ""欢唱时长（评论提及）"", ""price_hint"": """", ""mentions"": ""10"", ""source"": ""review_text""}, {""title"": ""酒水相关（评论提及）"", ""price_hint"": """", ""mentions"": ""10"", ""source"": ""review_text""}, {""title"": ""包厢相关（评论提及）"", ""price_hint"": """", ""mentions"": ""4"", ""source"": ""review_text""}]",5.0,,,"{""category"": """", ""region"": """", ""shop_region"": ""北京 / 黄村 / 量贩式KTV"", ""amap_best_name"": ""蓝调派对KTV(缤纷城·东岸店)"", ""amap_best_score"": ""0.8333"", ""amap_min_score_applied"": ""0.00"", ""review_rows"": ""100""}",search+review_api+offline_enriched,2026-02-14 23:45:37
l3mmY8XGsb56zQec,酷秀KTV(宋家庄汇琴购物中心店),乾安路13号鲁能美丽汇购物中心F2层,顺义区,116.652259,40.179084,4.4,126.0,,,"[{""title"": ""套餐（评论提及）"", ""price_hint"": ""20,53"", ""mentions"": ""11"", ""source"": ""review_text""}, {""title"": ""团购（评论提及）"", ""price_hint"": ""20,53"", ""mentions"": ""5"", ""source"": ""review_text""}, {""title"": ""欢唱时长（评论提及）"", ""price_hint"": ""20,53"", ""mentions"": ""19"", ""source"": ""review_text""}, {""title"": ""酒水相关（评论提及）"", ""price_hint"": ""20,53"", ""mentions"": ""1"", ""source"": ""review_text""}, {""title"": ""包厢相关（评论提及）"", ""price_hint"": ""20,53"", ""mentions"": ""20"", ""source"": ""review_text""}]",5.0,,,"{""category"": """", ""region"": """", ""shop_region"": ""北京 / 刘家窑/宋家庄 / 量贩式KTV"", ""amap_best_name"": ""唱吧麦颂KTV(鲁能美丽汇购物中心店)"", ""amap_best_score"": ""0.5333"", ""amap_min_score_applied"": ""0.00"", ""review_rows"": ""100""}",search+review_api+offline_enriched,2026-02-14 23:45:37
H4oBMR0B0kqUORQp,唱吧麦颂KTV(望京新世界店),新华百货6层(积水潭地铁站G1口步行130米),西城区,116.371272,39.947123,4.3,179.0,,,"[{""title"": ""套餐（评论提及）"", ""price_hint"": ""29"", ""mentions"": ""2"", ""source"": ""review_text""}, {""title"": ""团购（评论提及）"", ""price_hint"": ""29"", ""mentions"": ""5"", ""source"": ""review_text""}, {""title"": ""欢唱时长（评论提及）"", ""price_hint"": ""29"", ""mentions"": ""11"", ""source"": ""review_text""}, {""title"": ""酒水相关（评论提及）"", ""price_hint"": ""29"", ""mentions"": ""5"", ""source"": ""review_text""}, {""title"": ""包厢相关（评论提及）"", ""price_hint"": ""29"", ""mentions"": ""8"", ""source"": ""review_text""}]",5.0,,,"{""category"": """", ""region"": """", ""shop_region"": ""北京 / 望京 / 量贩式KTV"", ""amap_best_name"": ""唱吧麦颂KTV(新华百货店)"", ""amap_best_score"": ""0.6957"", ""amap_min_score_applied"": ""0.00"", ""review_rows"": ""100""}",search+review_api+offline_enriched,2026-02-14 23:45:38
G4Y23id33I0NUv0J,凯嘉量贩式KTV(怡和阳光大厦店),朝阳北路雅成一里19号世丰国际大厦B1层,朝阳区,116.52163,39.924023,3.9,629.0,,,"[{""title"": ""套餐（评论提及）"", ""price_hint"": """", ""mentions"": ""3"", ""source"": ""review_text""}, {""title"": ""团购（评论提及）"", ""price_hint"": """", ""mentions"": ""7"", ""source"": ""review_text""}, {""title"": ""欢唱时长（评论提及）"", ""price_hint"": """", ""mentions"": ""12"", ""source"": ""review_text""}, {""title"": ""酒水相关（评论提及）"", ""price_hint"": """", ""mentions"": ""7"", ""source"": ""review_text""}, {""title"": ""包厢相关（评论提及）"", ""price_hint"": """", ""mentions"": ""6"", ""source"": ""review_text""}]",5.0,,,"{""category"": """", ""region"": """", ""shop_region"": ""北京 / 左家庄商圈 / 量贩式KTV"", ""amap_best_name"": ""魅KTV(朝阳大悦城店)"", ""amap_best_score"": ""0.5000"", ""amap_min_score_applied"": ""0.00"", ""review_rows"": ""100""}",search+review_api+offline_enriched,2026-02-14 23:45:38
l78BJ9OHLvyZ5NfZ,麦K量贩式KTV(马连道店),北京城区马连道东街15号院1号,西城区,116.331965,39.88444,4.6,759.0,,,"[{""title"": ""套餐（评论提及）"", ""price_hint"": """", ""mentions"": ""14"", ""source"": ""review_text""}, {""title"": ""团购（评论提及）"", ""price_hint"": """", ""mentions"": ""5"", ""source"": ""review_text""}, {""title"": ""欢唱时长（评论提及）"", ""price_hint"": """", ""mentions"": ""10"", ""source"": ""review_text""}, {""title"": ""酒水相关（评论提及）"", ""price_hint"": """", ""mentions"": ""3"", ""source"": ""review_text""}, {""title"": ""包厢相关（评论提及）"", ""price_hint"": """", ""mentions"": ""6"", ""source"": ""review_text""}]",5.0,,,"{""category"": """", ""region"": """", ""shop_region"": ""北京 / 广外大街 / 量贩式KTV"", ""amap_best_name"": ""唱吧麦颂KTV(马连道店)"", ""amap_best_score"": ""0.7778"", ""amap_min_score_applied"": ""0.00"", ""review_rows"": ""100""}",search+review_api+offline_enriched,2026-02-14 23:45:39
iory85RPVNFnSXpu,秘宅量贩式KTV(万寿路地铁店),北京城区西坝河东里83号(西坝河地铁站C口步行140米),朝阳区,116.44474,39.965674,3.8,48.0,,,"[{""title"": ""套餐（评论提及）"", ""price_hint"": """", ""mentions"": ""2"", ""source"": ""review_text""}, {""title"": ""团购（评论提及）"", ""price_hint"": """", ""mentions"": ""8"", ""source"": ""review_text""}, {""title"": ""欢唱时长（评论提及）"", ""price_hint"": """", ""mentions"": ""6"", ""source"": ""review_text""}, {""title"": ""酒水相关（评论提及）"", ""price_hint"": """", ""mentions"": ""3"", ""source"": ""review_text""}, {""title"": ""包厢相关（评论提及）"", ""price_hint"": """", ""mentions"": ""11"", ""source"": ""review_text""}]",5.0,,,"{""category"": """", ""region"": """", ""shop_region"": ""北京 / 公主坟/万寿路 / 量贩式KTV"", ""amap_best_name"": ""秘宅KTV(西坝河店)"", ""amap_best_score"": ""0.5556"", ""amap_min_score_applied"": ""0.00"", ""review_rows"": ""100""}",search+review_api+offline_enriched,2026-02-14 23:45:39
G29c3AWZjbo9KGF7,酷秀KTV(天宫院店),华佗路2号凯德茂商场L5-09B,大兴区,116.318959,39.671987,4.6,907.0,,,"[{""title"": ""套餐（评论提及）"", ""price_hint"": ""199"", ""mentions"": ""7"", ""source"": ""review_text""}, {""title"": ""团购（评论提及）"", ""price_hint"": ""199"", ""mentions"": ""9"", ""source"": ""review_text""}, {""title"": ""欢唱时长（评论提及）"", ""price_hint"": ""199"", ""mentions"": ""18"", ""source"": ""review_text""}, {""title"": ""酒水相关（评论提及）"", ""price_hint"": ""199"", ""mentions"": ""1"", ""source"": ""review_text""}, {""title"": ""包厢相关（评论提及）"", ""price_hint"": ""199"", ""mentions"": ""11"", ""source"": ""review_text""}]",5.0,,,"{""category"": """", ""region"": """", ""shop_region"": ""北京 / 凯德MALL / 量贩式KTV"", ""amap_best_name"": ""酷秀KTV(天宫院店)"", ""amap_best_score"": ""1.0000"", ""amap_min_score_applied"": ""0.00"", ""review_rows"": ""100""}",search+review_api+offline_enriched,2026-02-14 23:45:40
idhnJftdD9nHNoHT,京浙会商务会所ktv,北杨洼小区13号楼1至3层,通州区,116.671511,39.887643,0.0,30.0,,,"[{""title"": ""酒水相关（评论提及）"", ""price_hint"": """", ""mentions"": ""2"", ""source"": ""review_text""}]",1.0,,,"{""category"": """", ""region"": """", ""shop_region"": """", ""amap_best_name"": ""京都汇商务公馆"", ""amap_best_score"": ""0.4286"", ""amap_min_score_applied"": ""0.00"", ""review_rows"": ""30""}",search+review_api+offline_enriched,2026-02-14 23:45:41
G9KZl9ww7VBKKqvH,凯乐量贩式KTV,永定路与正大南路交叉口东南160米,海淀区,116.265275,39.908825,4.3,239.0,,,"[{""title"": ""套餐（评论提及）"", ""price_hint"": ""88,20"", ""mentions"": ""6"", ""source"": ""review_text""}, {""title"": ""团购（评论提及）"", ""price_hint"": ""88,20"", ""mentions"": ""11"", ""source"": ""review_text""}, {""title"": ""欢唱时长（评论提及）"", ""price_hint"": ""88,20"", ""mentions"": ""6"", ""source"": ""review_text""}, {""title"": ""酒水相关（评论提及）"", ""price_hint"": ""88,20"", ""mentions"": ""2"", ""source"": ""review_text""}, {""title"": ""包厢相关（评论提及）"", ""price_hint"": ""88,20"", ""mentions"": ""9"", ""source"": ""review_text""}]",5.0,,,"{""category"": """", ""region"": """", ""shop_region"": ""北京 / 昌平镇 / 量贩式KTV"", ""amap_best_name"": ""欢乐颂量贩式KTV"", ""amap_best_score"": ""0.4000"", ""amap_min_score_applied"": ""0.00"", ""review_rows"": ""100""}",search+review_api+offline_enriched,2026-02-14 23:45:42
iPeqfEKARRa3s4Tf,魅KTV·AI辅唱(首开LONG街店),龙锦三街24号,昌平区,116.371871,40.084074,3.9,669.0,,,"[{""title"": ""套餐（评论提及）"", ""price_hint"": ""108"", ""mentions"": ""10"", ""source"": ""review_text""}, {""title"": ""团购（评论提及）"", ""price_hint"": ""108"", ""mentions"": ""7"", ""source"": ""review_text""}, {""title"": ""欢唱时长（评论提及）"", ""price_hint"": ""108"", ""mentions"": ""15"", ""source"": ""review_text""}, {""title"": ""酒水相关（评论提及）"", ""price_hint"": ""108"", ""mentions"": ""7"", ""source"": ""review_text""}, {""title"": ""包厢相关（评论提及）"", ""price_hint"": ""108"", ""mentions"": ""5"", ""source"": ""review_text""}]",5.0,,,"{""category"": """", ""region"": """", ""shop_region"": ""北京 / 回龙观商圈 / 量贩式KTV"", ""amap_best_name"": ""魅KTV(首开LONG街南区店)"", ""amap_best_score"": ""0.7857"", ""amap_min_score_applied"": ""0.00"", ""review_rows"": ""100""}",search+review_api+offline_enriched,2026-02-14 23:45:43
H5PsfZN1ndBygAvB,唱吧麦颂KTV(北京顺义上品店),燕京街32号上品城市奥莱顺义店F4层,顺义区,116.670037,40.103293,4.6,239.0,,,"[{""title"": ""套餐（评论提及）"", ""price_hint"": """", ""mentions"": ""2"", ""source"": ""review_text""}, {""title"": ""团购（评论提及）"", ""price_hint"": """", ""mentions"": ""11"", ""source"": ""review_text""}, {""title"": ""欢唱时长（评论提及）"", ""price_hint"": """", ""mentions"": ""6"", ""source"": ""review_text""}, {""title"": ""包厢相关（评论提及）"", ""price_hint"": """", ""mentions"": ""2"", ""source"": ""review_text""}]",4.0,,,"{""category"": """", ""region"": """", ""shop_region"": ""北京 / 石园商圈 / 量贩式KTV"", ""amap_best_name"": ""唱吧麦颂KTV(顺义上品店)"", ""amap_best_score"": ""1.0000"", ""amap_min_score_applied"": ""0.00"", ""review_rows"": ""100""}",search+review_api+offline_enriched,2026-02-14 23:45:44
H3Xyh8IUhHfhYZEZ,酷秀KTV(王府井店),王府井大街253号五层001,东城区,116.410471,39.914313,4.5,126.0,,,"[{""title"": ""套餐（评论提及）"", ""price_hint"": """", ""mentions"": ""6"", ""source"": ""review_text""}, {""title"": ""团购（评论提及）"", ""price_hint"": """", ""mentions"": ""4"", ""source"": ""review_text""}, {""title"": ""欢唱时长（评论提及）"", ""price_hint"": """", ""mentions"": ""9"", ""source"": ""review_text""}, {""title"": ""包厢相关（评论提及）"", ""price_hint"": """", ""mentions"": ""19"", ""source"": ""review_text""}]",4.0,,,"{""category"": """", ""region"": """", ""shop_region"": ""北京 / 王府井/东单 / 量贩式KTV"", ""amap_best_name"": ""魅KTV(王府井步行街店)"", ""amap_best_score"": ""0.6667"", ""amap_min_score_applied"": ""0.00"", ""review_rows"": ""100""}",search+review_api+offline_enriched,2026-02-14 23:45:44
H9YL1JlboPvOJ4cB,麦尊 303·IES,张辛庄大街与夏鱼路交叉口西80米,平谷区,117.186354,40.168526,4.1,920.0,,,"[{""title"": ""套餐（评论提及）"", ""price_hint"": """", ""mentions"": ""10"", ""source"": ""review_text""}, {""title"": ""团购（评论提及）"", ""price_hint"": """", ""mentions"": ""8"", ""source"": ""review_text""}, {""title"": ""欢唱时长（评论提及）"", ""price_hint"": """", ""mentions"": ""8"", ""source"": ""review_text""}, {""title"": ""酒水相关（评论提及）"", ""price_hint"": """", ""mentions"": ""6"", ""source"": ""review_text""}, {""title"": ""包厢相关（评论提及）"", ""price_hint"": """", ""mentions"": ""16"", ""source"": ""review_text""}]",5.0,,,"{""category"": """", ""region"": """", ""shop_region"": ""北京 / 顺义城区 / 量贩式KTV"", ""amap_best_name"": ""谷仓音乐厅Live House"", ""amap_best_score"": ""0.2727"", ""amap_min_score_applied"": ""0.00"", ""review_rows"": ""100""}",search+review_api+offline_enriched,2026-02-14 23:45:45
G5ocEm1Teei1ywVj,唱吧麦颂KTV(泥洼地铁站店),北京城区丰管路甲3号亿潼隆丰益购物中心4,丰台区,116.302196,39.858667,4.7,1818.0,,,"[{""title"": ""套餐（评论提及）"", ""price_hint"": ""58,60"", ""mentions"": ""6"", ""source"": ""review_text""}, {""title"": ""团购（评论提及）"", ""price_hint"": ""58,60"", ""mentions"": ""7"", ""source"": ""review_text""}, {""title"": ""欢唱时长（评论提及）"", ""price_hint"": ""58,60"", ""mentions"": ""8"", ""source"": ""review_text""}, {""title"": ""酒水相关（评论提及）"", ""price_hint"": ""58,60"", ""mentions"": ""6"", ""source"": ""review_text""}, {""title"": ""包厢相关（评论提及）"", ""price_hint"": ""58,60"", ""mentions"": ""16"", ""source"": ""review_text""}]",5.0,,,"{""category"": """", ""region"": """", ""shop_region"": ""北京 / 丽泽桥/丰管路 / 量贩式KTV"", ""amap_best_name"": ""唱吧麦颂KTV(泥洼地铁站店)"", ""amap_best_score"": ""1.0000"", ""amap_min_score_applied"": ""0.00"", ""review_rows"": ""100""}",search+review_api+offline_enriched,2026-02-14 23:45:45
laQ1snsdCFCzlHu1,金碧量贩KTV,广安门内大街6枫桦豪景(菜市口地铁站D西南口步行270米),西城区,116.371785,39.888665,4.3,107.0,,,"[{""title"": ""套餐（评论提及）"", ""price_hint"": ""260"", ""mentions"": ""13"", ""source"": ""review_text""}, {""title"": ""团购（评论提及）"", ""price_hint"": ""260"", ""mentions"": ""8"", ""source"": ""review_text""}, {""title"": ""欢唱时长（评论提及）"", ""price_hint"": ""260"", ""mentions"": ""16"", ""source"": ""review_text""}, {""title"": ""酒水相关（评论提及）"", ""price_hint"": ""260"", ""mentions"": ""6"", ""source"": ""review_text""}, {""title"": ""包厢相关（评论提及）"", ""price_hint"": ""260"", ""mentions"": ""19"", ""source"": ""review_text""}]",5.0,,,"{""category"": """", ""region"": """", ""shop_region"": ""北京 / 广外大街 / 量贩式KTV"", ""amap_best_name"": ""金麦圣量贩KTV"", ""amap_best_score"": ""0.4000"", ""amap_min_score_applied"": ""0.00"", ""review_rows"": ""100""}",search+review_api+offline_enriched,2026-02-14 23:45:46
H58SSnVM5Y0DFwIW,唱吧麦颂KTV(世纪财富中心店),北京城区光华路5号院世纪财富中心B1,朝阳区,116.457098,39.914356,4.5,601.0,,,"[{""title"": ""套餐（评论提及）"", ""price_hint"": ""120"", ""mentions"": ""4"", ""source"": ""review_text""}, {""title"": ""团购（评论提及）"", ""price_hint"": ""120"", ""mentions"": ""7"", ""source"": ""review_text""}, {""title"": ""欢唱时长（评论提及）"", ""price_hint"": ""120"", ""mentions"": ""18"", ""source"": ""review_text""}, {""title"": ""酒水相关（评论提及）"", ""price_hint"": ""120"", ""mentions"": ""2"", ""source"": ""review_text""}, {""title"": ""包厢相关（评论提及）"", ""price_hint"": ""120"", ""mentions"": ""9"", ""source"": ""review_text""}]",5.0,,,"{""category"": """", ""region"": """", ""shop_region"": ""北京 / 国贸/建外 / 量贩式KTV"", ""amap_best_name"": ""唱吧麦颂KTV(世纪财富中心店)"", ""amap_best_score"": ""1.0000"", ""amap_min_score_applied"": ""0.00"", ""review_rows"": ""100""}",search+review_api+offline_enriched,2026-02-14 23:45:47
G62rSkphriyhPsMa,酷秀KTV(常营店),北京城区朝阳北路17号常营回族乡华联商场一层,朝阳区,116.598916,39.926676,4.4,1898.0,,,"[{""title"": ""套餐（评论提及）"", ""price_hint"": """", ""mentions"": ""9"", ""source"": ""review_text""}, {""title"": ""团购（评论提及）"", ""price_hint"": """", ""mentions"": ""8"", ""source"": ""review_text""}, {""title"": ""欢唱时长（评论提及）"", ""price_hint"": """", ""mentions"": ""9"", ""source"": ""review_text""}, {""title"": ""酒水相关（评论提及）"", ""price_hint"": """", ""mentions"": ""5"", ""source"": ""review_text""}, {""title"": ""包厢相关（评论提及）"", ""price_hint"": """", ""mentions"": ""13"", ""source"": ""review_text""}]",5.0,,,"{""category"": """", ""region"": """", ""shop_region"": ""北京 / 常营 / 量贩式KTV"", ""amap_best_name"": ""酷秀KTV•派对(常营店)"", ""amap_best_score"": ""0.8750"", ""amap_min_score_applied"": ""0.00"", ""review_rows"": ""100""}",search+review_api+offline_enriched,2026-02-14 23:45:47
k1aGjEMVNEKJS0HB,唱吧麦颂KTV(方庄店),北京城区蒲方路12、14号楼,丰台区,116.432094,39.865678,3.8,1789.0,,,"[{""title"": ""套餐（评论提及）"", ""price_hint"": ""700"", ""mentions"": ""4"", ""source"": ""review_text""}, {""title"": ""团购（评论提及）"", ""price_hint"": ""700"", ""mentions"": ""12"", ""source"": ""review_text""}, {""title"": ""欢唱时长（评论提及）"", ""price_hint"": ""700"", ""mentions"": ""18"", ""source"": ""review_text""}, {""title"": ""酒水相关（评论提及）"", ""price_hint"": ""700"", ""mentions"": ""7"", ""source"": ""review_text""}, {""title"": ""包厢相关（评论提及）"", ""price_hint"": ""700"", ""mentions"": ""5"", ""source"": ""review_text""}]",5.0,,,"{""category"": """", ""region"": """", ""shop_region"": ""北京 / 方庄/蒲黄榆 / 量贩式KTV"", ""amap_best_name"": ""唱吧麦颂KTV(北京方庄店)"", ""amap_best_score"": ""1.0000"", ""amap_min_score_applied"": ""0.00"", ""review_rows"": ""100""}",search+review_api+offline_enriched,2026-02-14 23:45:48
Zb9IQpLnsOu7dy6t,星聚会KTV(龙湖北京亦庄天街店),博兴八路与兴海路交叉口龙湖北京亦庄天街3F层3F-23,大兴区,116.492141,39.752805,4.8,667.0,,,"[{""title"": ""套餐（评论提及）"", ""price_hint"": ""80"", ""mentions"": ""9"", ""source"": ""review_text""}, {""title"": ""团购（评论提及）"", ""price_hint"": ""80"", ""mentions"": ""11"", ""source"": ""review_text""}, {""title"": ""欢唱时长（评论提及）"", ""price_hint"": ""80"", ""mentions"": ""7"", ""source"": ""review_text""}, {""title"": ""酒水相关（评论提及）"", ""price_hint"": ""80"", ""mentions"": ""5"", ""source"": ""review_text""}, {""title"": ""包厢相关（评论提及）"", ""price_hint"": ""80"", ""mentions"": ""8"", ""source"": ""review_text""}]",5.0,,,"{""category"": """", ""region"": """", ""shop_region"": ""北京 / 亦庄龙湖天街 / 量贩式KTV"", ""amap_best_name"": ""星聚会ktv(龙湖北京亦庄天街店)"", ""amap_best_score"": ""1.0000"", ""amap_min_score_applied"": ""0.00"", ""review_rows"": ""100""}",search+review_api+offline_enriched,2026-02-14 23:45:48
G9IqsWN8benUT1RF,唱吧麦颂KTV(汉华世纪大厦店),黄寺大街路15号佰隆大厦2层,朝阳区,116.388577,39.963499,4.2,277.0,,,"[{""title"": ""套餐（评论提及）"", ""price_hint"": ""78,400"", ""mentions"": ""8"", ""source"": ""review_text""}, {""title"": ""团购（评论提及）"", ""price_hint"": ""78,400"", ""mentions"": ""8"", ""source"": ""review_text""}, {""title"": ""欢唱时长（评论提及）"", ""price_hint"": ""78,400"", ""mentions"": ""16"", ""source"": ""review_text""}, {""title"": ""酒水相关（评论提及）"", ""price_hint"": ""78,400"", ""mentions"": ""2"", ""source"": ""review_text""}, {""title"": ""包厢相关（评论提及）"", ""price_hint"": ""78,400"", ""mentions"": ""8"", ""source"": ""review_text""}]",5.0,,,"{""category"": """", ""region"": """", ""shop_region"": ""北京 / 五道口 / 量贩式KTV"", ""amap_best_name"": ""唱吧麦颂KTV(佰隆大厦店)"", ""amap_best_score"": ""0.7500"", ""amap_min_score_applied"": ""0.00"", ""review_rows"": ""100""}",search+review_api+offline_enriched,2026-02-14 23:45:49
k8ZvqhZAjdRhVO5z,唱吧麦颂KTV(北京万柳华联店),北京城区朝阳北路17号楼,朝阳区,116.596186,39.926212,4.1,1820.0,,,"[{""title"": ""套餐（评论提及）"", ""price_hint"": ""68"", ""mentions"": ""5"", ""source"": ""review_text""}, {""title"": ""团购（评论提及）"", ""price_hint"": ""68"", ""mentions"": ""5"", ""source"": ""review_text""}, {""title"": ""欢唱时长（评论提及）"", ""price_hint"": ""68"", ""mentions"": ""12"", ""source"": ""review_text""}, {""title"": ""酒水相关（评论提及）"", ""price_hint"": ""68"", ""mentions"": ""6"", ""source"": ""review_text""}, {""title"": ""包厢相关（评论提及）"", ""price_hint"": ""68"", ""mentions"": ""15"", ""source"": ""review_text""}]",5.0,,,"{""category"": """", ""region"": """", ""shop_region"": ""北京 / 万柳 / 量贩式KTV"", ""amap_best_name"": ""唱吧麦颂KTV(常营华联店)"", ""amap_best_score"": ""0.8182"", ""amap_min_score_applied"": ""0.00"", ""review_rows"": ""100""}",search+review_api+offline_enriched,2026-02-14 23:45:49
k6gasD9JdQewaTgU,酷秀KTV(房山印象城店),广阳新路9号院1号楼北京房山印象城1F层,房山区,116.21136,39.753403,4.7,242.0,,,"[{""title"": ""套餐（评论提及）"", ""price_hint"": """", ""mentions"": ""4"", ""source"": ""review_text""}, {""title"": ""团购（评论提及）"", ""price_hint"": """", ""mentions"": ""6"", ""source"": ""review_text""}, {""title"": ""欢唱时长（评论提及）"", ""price_hint"": """", ""mentions"": ""11"", ""source"": ""review_text""}, {""title"": ""酒水相关（评论提及）"", ""price_hint"": """", ""mentions"": ""3"", ""source"": ""review_text""}, {""title"": ""包厢相关（评论提及）"", ""price_hint"": """", ""mentions"": ""12"", ""source"": ""review_text""}]",5.0,,,"{""category"": """", ""region"": """", ""shop_region"": ""北京 / 长阳镇商圈 / 量贩式KTV"", ""amap_best_name"": ""酷秀KTV(房山印象城店)"", ""amap_best_score"": ""1.0000"", ""amap_min_score_applied"": ""0.00"", ""review_rows"": ""100""}",search+review_api+offline_enriched,2026-02-14 23:45:50
k6gxFhMTzhPZx4bp,酷秀KTV·派对(财富广场店),北京城区拱辰大街98号金智汇3层,房山区,116.14275,39.732458,4.6,591.0,,,"[{""title"": ""套餐（评论提及）"", ""price_hint"": """", ""mentions"": ""6"", ""source"": ""review_text""}, {""title"": ""团购（评论提及）"", ""price_hint"": """", ""mentions"": ""8"", ""source"": ""review_text""}, {""title"": ""欢唱时长（评论提及）"", ""price_hint"": """", ""mentions"": ""8"", ""source"": ""review_text""}, {""title"": ""酒水相关（评论提及）"", ""price_hint"": """", ""mentions"": ""2"", ""source"": ""review_text""}, {""title"": ""包厢相关（评论提及）"", ""price_hint"": """", ""mentions"": ""8"", ""source"": ""review_text""}]",5.0,,,"{""category"": """", ""region"": """", ""shop_region"": ""北京 / 良乡 / 量贩式KTV"", ""amap_best_name"": ""酷秀KTV·派对(房山财富广场店)"", ""amap_best_score"": ""0.9167"", ""amap_min_score_applied"": ""0.00"", ""review_rows"": ""100""}",search+review_api+offline_enriched,2026-02-14 23:45:50
k7VZDLJ45KyODbdu,同乐迪智慧KTV(木樨园店),月坛北街2号地下一层及东配楼二层局部,西城区,116.35439,39.918147,4.2,1185.0,,,"[{""title"": ""套餐（评论提及）"", ""price_hint"": ""299,153"", ""mentions"": ""11"", ""source"": ""review_text""}, {""title"": ""团购（评论提及）"", ""price_hint"": ""299,153"", ""mentions"": ""9"", ""source"": ""review_text""}, {""title"": ""欢唱时长（评论提及）"", ""price_hint"": ""299,153"", ""mentions"": ""11"", ""source"": ""review_text""}, {""title"": ""酒水相关（评论提及）"", ""price_hint"": ""299,153"", ""mentions"": ""16"", ""source"": ""review_text""}, {""title"": ""包厢相关（评论提及）"", ""price_hint"": ""299,153"", ""mentions"": ""8"", ""source"": ""review_text""}]",5.0,,,"{""category"": """", ""region"": """", ""shop_region"": ""北京 / 洋桥/木樨园 / 量贩式KTV"", ""amap_best_name"": ""麦乐迪KTV(月坛店)"", ""amap_best_score"": ""0.5263"", ""amap_min_score_applied"": ""0.00"", ""review_rows"": ""100""}",search+review_api+offline_enriched,2026-02-14 23:45:51
lavZclJhqAjaNaiS,唱吧麦颂ktv(朝阳门地铁站店),北京城区朝外大街19号华普大厦3,朝阳区,116.438049,39.924786,3.9,2136.0,,,"[{""title"": ""套餐（评论提及）"", ""price_hint"": ""88,178,10"", ""mentions"": ""8"", ""source"": ""review_text""}, {""title"": ""团购（评论提及）"", ""price_hint"": ""88,178,10"", ""mentions"": ""8"", ""source"": ""review_text""}, {""title"": ""欢唱时长（评论提及）"", ""price_hint"": ""88,178,10"", ""mentions"": ""11"", ""source"": ""review_text""}, {""title"": ""酒水相关（评论提及）"", ""price_hint"": ""88,178,10"", ""mentions"": ""5"", ""source"": ""review_text""}, {""title"": ""包厢相关（评论提及）"", ""price_hint"": ""88,178,10"", ""mentions"": ""7"", ""source"": ""review_text""}]",5.0,,,"{""category"": """", ""region"": """", ""shop_region"": ""北京 / 朝外大街 / 量贩式KTV"", ""amap_best_name"": ""唱吧麦颂KTV(朝阳门地铁站店)"", ""amap_best_score"": ""1.0000"", ""amap_min_score_applied"": ""0.00"", ""review_rows"": ""100""}",search+review_api+offline_enriched,2026-02-14 23:45:52
l5ocH0cu2DtcfYzh,麦颂唱吧KTV(北京新宫地铁站店),北京城区槐房西路新宫地铁站A口,丰台区,116.364951,39.814115,4.7,271.0,,,"[{""title"": ""团购（评论提及）"", ""price_hint"": """", ""mentions"": ""5"", ""source"": ""review_text""}, {""title"": ""欢唱时长（评论提及）"", ""price_hint"": """", ""mentions"": ""8"", ""source"": ""review_text""}, {""title"": ""酒水相关（评论提及）"", ""price_hint"": """", ""mentions"": ""6"", ""source"": ""review_text""}, {""title"": ""包厢相关（评论提及）"", ""price_hint"": """", ""mentions"": ""6"", ""source"": ""review_text""}]",4.0,,,"{""category"": """", ""region"": """", ""shop_region"": ""北京 / 新宫 / 量贩式KTV"", ""amap_best_name"": ""唱吧麦颂KTV(北京新宫地铁站店)"", ""amap_best_score"": ""0.8333"", ""amap_min_score_applied"": ""0.00"", ""review_rows"": ""100""}",search+review_api+offline_enriched,2026-02-14 23:45:52
l6jB1Oe8mBhJJH3I,蓝调量贩式主题KTV(北京站店),毛家湾胡同4号(北京站地铁站C东南出口步行260米),东城区,116.430701,39.904396,3.9,249.0,,,"[{""title"": ""套餐（评论提及）"", ""price_hint"": ""38"", ""mentions"": ""1"", ""source"": ""review_text""}, {""title"": ""团购（评论提及）"", ""price_hint"": ""38"", ""mentions"": ""3"", ""source"": ""review_text""}, {""title"": ""欢唱时长（评论提及）"", ""price_hint"": ""38"", ""mentions"": ""7"", ""source"": ""review_text""}, {""title"": ""酒水相关（评论提及）"", ""price_hint"": ""38"", ""mentions"": ""5"", ""source"": ""review_text""}, {""title"": ""包厢相关（评论提及）"", ""price_hint"": ""38"", ""mentions"": ""6"", ""source"": ""review_text""}]",5.0,,,"{""category"": """", ""region"": """", ""shop_region"": ""北京 / 建国门/北京站 / 量贩式KTV"", ""amap_best_name"": ""蓝调量贩式主题KTV(北京站店)"", ""amap_best_score"": ""1.0000"", ""amap_min_score_applied"": ""0.00"", ""review_rows"": ""100""}",search+review_api+offline_enriched,2026-02-14 23:45:53
l1K37CygO2etNBQD,魅KTV·AI辅唱(金安环宇荟店),金安环宇荟购物中心B1层(3号门西侧),石景山区,116.162611,39.922623,4.3,708.0,,,"[{""title"": ""套餐（评论提及）"", ""price_hint"": """", ""mentions"": ""2"", ""source"": ""review_text""}, {""title"": ""团购（评论提及）"", ""price_hint"": """", ""mentions"": ""5"", ""source"": ""review_text""}, {""title"": ""欢唱时长（评论提及）"", ""price_hint"": """", ""mentions"": ""5"", ""source"": ""review_text""}, {""title"": ""酒水相关（评论提及）"", ""price_hint"": """", ""mentions"": ""7"", ""source"": ""review_text""}, {""title"": ""包厢相关（评论提及）"", ""price_hint"": """", ""mentions"": ""5"", ""source"": ""review_text""}]",5.0,,,"{""category"": """", ""region"": """", ""shop_region"": ""北京 / 苹果园商圈 / 量贩式KTV"", ""amap_best_name"": ""魅KTV·AI辅唱(金安环宇荟购物中心店)"", ""amap_best_score"": ""0.8667"", ""amap_min_score_applied"": ""0.00"", ""review_rows"": ""100""}",search+review_api+offline_enriched,2026-02-14 23:45:53
l3EDm8GHYKYNsSf4,赛乐堡KTV(五道口店),北京城区成府路28号五道口购物中心4层,海淀区,116.339566,39.991506,3.4,3978.0,,,"[{""title"": ""套餐（评论提及）"", ""price_hint"": """", ""mentions"": ""2"", ""source"": ""review_text""}, {""title"": ""团购（评论提及）"", ""price_hint"": """", ""mentions"": ""1"", ""source"": ""review_text""}, {""title"": ""欢唱时长（评论提及）"", ""price_hint"": """", ""mentions"": ""3"", ""source"": ""review_text""}, {""title"": ""酒水相关（评论提及）"", ""price_hint"": """", ""mentions"": ""4"", ""source"": ""review_text""}, {""title"": ""包厢相关（评论提及）"", ""price_hint"": """", ""mentions"": ""5"", ""source"": ""review_text""}]",5.0,,,"{""category"": """", ""region"": """", ""shop_region"": ""北京 / 五道口 / 量贩式KTV"", ""amap_best_name"": ""酷秀KTV·派对(五道口店)"", ""amap_best_score"": ""0.6316"", ""amap_min_score_applied"": ""0.00"", ""review_rows"": ""100""}",search+review_api+offline_enriched,2026-02-14 23:45:54
l39Evr1dpP0eyvyJ,星聚会KTV(远洋未来汇店),八里庄街道慈云寺北里209号楼层301、303、304、305、307部分,朝阳区,116.492312,39.916153,4.4,117.0,,,"[{""title"": ""套餐（评论提及）"", ""price_hint"": ""28"", ""mentions"": ""5"", ""source"": ""review_text""}, {""title"": ""团购（评论提及）"", ""price_hint"": ""28"", ""mentions"": ""4"", ""source"": ""review_text""}, {""title"": ""欢唱时长（评论提及）"", ""price_hint"": ""28"", ""mentions"": ""4"", ""source"": ""review_text""}, {""title"": ""酒水相关（评论提及）"", ""price_hint"": ""28"", ""mentions"": ""3"", ""source"": ""review_text""}, {""title"": ""包厢相关（评论提及）"", ""price_hint"": ""28"", ""mentions"": ""17"", ""source"": ""review_text""}]",5.0,,,"{""category"": """", ""region"": """", ""shop_region"": ""北京 / 慈云寺/八里庄 / 量贩式KTV"", ""amap_best_name"": ""星聚会KTV(北京远洋未来汇店)"", ""amap_best_score"": ""1.0000"", ""amap_min_score_applied"": ""0.00"", ""review_rows"": ""100""}",search+review_api+offline_enriched,2026-02-14 23:45:54
laHALTodm5hQepP8,金麦洺量贩式KTV,,顺义区,116.638307,40.099572,4.2,160.0,,,"[{""title"": ""套餐（评论提及）"", ""price_hint"": """", ""mentions"": ""5"", ""source"": ""review_text""}, {""title"": ""团购（评论提及）"", ""price_hint"": """", ""mentions"": ""4"", ""source"": ""review_text""}, {""title"": ""欢唱时长（评论提及）"", ""price_hint"": """", ""mentions"": ""9"", ""source"": ""review_text""}, {""title"": ""酒水相关（评论提及）"", ""price_hint"": """", ""mentions"": ""2"", ""source"": ""review_text""}, {""title"": ""包厢相关（评论提及）"", ""price_hint"": """", ""mentions"": ""8"", ""source"": ""review_text""}]",5.0,,,"{""category"": """", ""region"": """", ""shop_region"": ""北京 / 顺义城区 / 量贩式KTV"", ""amap_best_name"": ""金麦洺量贩式KTV"", ""amap_best_score"": ""1.0000"", ""amap_min_score_applied"": ""0.00"", ""review_rows"": ""100""}",search+review_api+offline_enriched,2026-02-14 23:45:54
io9YKYL4RhDKl9Af,唱吧麦颂KTV(北京万商店),北京城区石景山路22号万商大厦,石景山区,116.219301,39.90675,4.2,2757.0,,,"[{""title"": ""套餐（评论提及）"", ""price_hint"": ""88"", ""mentions"": ""3"", ""source"": ""review_text""}, {""title"": ""团购（评论提及）"", ""price_hint"": ""88"", ""mentions"": ""3"", ""source"": ""review_text""}, {""title"": ""欢唱时长（评论提及）"", ""price_hint"": ""88"", ""mentions"": ""11"", ""source"": ""review_text""}, {""title"": ""酒水相关（评论提及）"", ""price_hint"": ""88"", ""mentions"": ""4"", ""source"": ""review_text""}, {""title"": ""包厢相关（评论提及）"", ""price_hint"": ""88"", ""mentions"": ""5"", ""source"": ""review_text""}]",5.0,,,"{""category"": """", ""region"": """", ""shop_region"": ""北京 / 鲁谷商圈 / 量贩式KTV"", ""amap_best_name"": ""唱吧麦颂KTV(北京石景山万商店)"", ""amap_best_score"": ""0.8571"", ""amap_min_score_applied"": ""0.00"", ""review_rows"": ""100""}",search+review_api+offline_enriched,2026-02-14 23:45:55
G2kCbxibLs5uAyDX,欢乐颂量贩式KTV(昌平店),永安路与南环路交叉口南200米,昌平区,116.234133,40.210693,3.1,388.0,,,"[{""title"": ""套餐（评论提及）"", ""price_hint"": ""10,100"", ""mentions"": ""6"", ""source"": ""review_text""}, {""title"": ""团购（评论提及）"", ""price_hint"": ""10,100"", ""mentions"": ""12"", ""source"": ""review_text""}, {""title"": ""欢唱时长（评论提及）"", ""price_hint"": ""10,100"", ""mentions"": ""15"", ""source"": ""review_text""}, {""title"": ""酒水相关（评论提及）"", ""price_hint"": ""10,100"", ""mentions"": ""2"", ""source"": ""review_text""}, {""title"": ""包厢相关（评论提及）"", ""price_hint"": ""10,100"", ""mentions"": ""12"", ""source"": ""review_text""}]",5.0,,,"{""category"": """", ""region"": """", ""shop_region"": ""北京 / 昌平镇 / 量贩式KTV"", ""amap_best_name"": ""欢乐颂KTV(昌平店)"", ""amap_best_score"": ""1.0000"", ""amap_min_score_applied"": ""0.00"", ""review_rows"": ""100""}",search+review_api+offline_enriched,2026-02-14 23:45:55
k6WJRI1A7jZuETH0,唱吧麦颂KTV(TBD云集中心店),北京城区慧忠北里-214号楼3层,朝阳区,116.403693,40.005383,4.8,848.0,,,"[{""title"": ""套餐（评论提及）"", ""price_hint"": ""50"", ""mentions"": ""3"", ""source"": ""review_text""}, {""title"": ""团购（评论提及）"", ""price_hint"": ""50"", ""mentions"": ""5"", ""source"": ""review_text""}, {""title"": ""欢唱时长（评论提及）"", ""price_hint"": ""50"", ""mentions"": ""3"", ""source"": ""review_text""}, {""title"": ""酒水相关（评论提及）"", ""price_hint"": ""50"", ""mentions"": ""1"", ""source"": ""review_text""}, {""title"": ""包厢相关（评论提及）"", ""price_hint"": ""50"", ""mentions"": ""2"", ""source"": ""review_text""}]",5.0,,,"{""category"": """", ""region"": """", ""shop_region"": ""北京 / 回龙观商圈 / 量贩式KTV"", ""amap_best_name"": ""唱吧麦颂KTV(中心鸟巢店)"", ""amap_best_score"": ""0.7200"", ""amap_min_score_applied"": ""0.00"", ""review_rows"": ""100""}",search+review_api+offline_enriched,2026-02-14 23:45:56
H9F99soe0cj7wsFm,友乐汇量贩式KTV(欢乐城店),兴房大街38号华冠欢乐城F3层,房山区,115.987727,39.693051,4.1,380.0,,,"[{""title"": ""套餐（评论提及）"", ""price_hint"": ""52,49,70"", ""mentions"": ""5"", ""source"": ""review_text""}, {""title"": ""团购（评论提及）"", ""price_hint"": ""52,49,70"", ""mentions"": ""7"", ""source"": ""review_text""}, {""title"": ""欢唱时长（评论提及）"", ""price_hint"": ""52,49,70"", ""mentions"": ""20"", ""source"": ""review_text""}, {""title"": ""酒水相关（评论提及）"", ""price_hint"": ""52,49,70"", ""mentions"": ""11"", ""source"": ""review_text""}, {""title"": ""包厢相关（评论提及）"", ""price_hint"": ""52,49,70"", ""mentions"": ""6"", ""source"": ""review_text""}]",5.0,,,"{""category"": """", ""region"": """", ""shop_region"": ""北京 / 城关街道商圈 / 量贩式KTV"", ""amap_best_name"": ""友樂匯(华冠欢乐城店)"", ""amap_best_score"": ""0.7000"", ""amap_min_score_applied"": ""0.00"", ""review_rows"": ""100""}",search+review_api+offline_enriched,2026-02-14 23:45:56
l2YwiJ3hRkDr1AWz,唱吧麦颂KTV(四通桥店),北京城区中关村南大街甲6号铸诚大厦B1层,海淀区,116.32436,39.964471,3.9,2405.0,,,"[{""title"": ""套餐（评论提及）"", ""price_hint"": """", ""mentions"": ""3"", ""source"": ""review_text""}, {""title"": ""团购（评论提及）"", ""price_hint"": """", ""mentions"": ""5"", ""source"": ""review_text""}, {""title"": ""欢唱时长（评论提及）"", ""price_hint"": """", ""mentions"": ""12"", ""source"": ""review_text""}, {""title"": ""酒水相关（评论提及）"", ""price_hint"": """", ""mentions"": ""2"", ""source"": ""review_text""}, {""title"": ""包厢相关（评论提及）"", ""price_hint"": """", ""mentions"": ""7"", ""source"": ""review_text""}]",5.0,,,"{""category"": """", ""region"": """", ""shop_region"": ""北京 / 人民大学 / 量贩式KTV"", ""amap_best_name"": ""唱吧麦颂KTV(四通桥店)"", ""amap_best_score"": ""1.0000"", ""amap_min_score_applied"": ""0.00"", ""review_rows"": ""100""}",search+review_api+offline_enriched,2026-02-14 23:45:57
l6LZvDj4DT08DXuR,π對星·派对KTV(清河店),东升科技园生活服务中心3层,海淀区,116.355575,40.037466,4.7,714.0,,,"[{""title"": ""套餐（评论提及）"", ""price_hint"": """", ""mentions"": ""2"", ""source"": ""review_text""}, {""title"": ""团购（评论提及）"", ""price_hint"": """", ""mentions"": ""4"", ""source"": ""review_text""}, {""title"": ""欢唱时长（评论提及）"", ""price_hint"": """", ""mentions"": ""11"", ""source"": ""review_text""}, {""title"": ""酒水相关（评论提及）"", ""price_hint"": """", ""mentions"": ""8"", ""source"": ""review_text""}, {""title"": ""包厢相关（评论提及）"", ""price_hint"": """", ""mentions"": ""7"", ""source"": ""review_text""}]",5.0,,,"{""category"": """", ""region"": """", ""shop_region"": ""北京 / 清河商圈 / 量贩式KTV"", ""amap_best_name"": ""π對星·派对KTV(清河店)"", ""amap_best_score"": ""1.0000"", ""amap_min_score_applied"": ""0.00"", ""review_rows"": ""100""}",search+review_api+offline_enriched,2026-02-14 23:45:57
l2SvZOq522zr1JVh,优麦克量贩式KTV(首经贸地铁站店),垡头街道双合北街10号楼合憬荟购物中心,朝阳区,116.526842,39.858845,4.3,490.0,,,"[{""title"": ""套餐（评论提及）"", ""price_hint"": """", ""mentions"": ""3"", ""source"": ""review_text""}, {""title"": ""团购（评论提及）"", ""price_hint"": """", ""mentions"": ""7"", ""source"": ""review_text""}, {""title"": ""欢唱时长（评论提及）"", ""price_hint"": """", ""mentions"": ""6"", ""source"": ""review_text""}, {""title"": ""酒水相关（评论提及）"", ""price_hint"": """", ""mentions"": ""9"", ""source"": ""review_text""}, {""title"": ""包厢相关（评论提及）"", ""price_hint"": """", ""mentions"": ""3"", ""source"": ""review_text""}]",5.0,,,"{""category"": """", ""region"": """", ""shop_region"": ""北京 / 夏家胡同/纪家庙 / 量贩式KTV"", ""amap_best_name"": ""唱吧麦颂KTV(双合地铁站店)"", ""amap_best_score"": ""0.5833"", ""amap_min_score_applied"": ""0.00"", ""review_rows"": ""100""}",search+review_api+offline_enriched,2026-02-14 23:45:58
Fekg1FzJgUpXIcEa,莱·派对KTV(国贸远洋店),北京城区林萃西里16号2层F2-13,朝阳区,116.372123,40.009992,4.8,342.0,,,"[{""title"": ""套餐（评论提及）"", ""price_hint"": ""40"", ""mentions"": ""3"", ""source"": ""review_text""}, {""title"": ""团购（评论提及）"", ""price_hint"": ""40"", ""mentions"": ""6"", ""source"": ""review_text""}, {""title"": ""欢唱时长（评论提及）"", ""price_hint"": ""40"", ""mentions"": ""8"", ""source"": ""review_text""}, {""title"": ""酒水相关（评论提及）"", ""price_hint"": ""40"", ""mentions"": ""6"", ""source"": ""review_text""}, {""title"": ""包厢相关（评论提及）"", ""price_hint"": ""40"", ""mentions"": ""8"", ""source"": ""review_text""}]",5.0,,,"{""category"": """", ""region"": """", ""shop_region"": ""北京 / 国贸/建外 / 量贩式KTV"", ""amap_best_name"": ""π對星·派对KTV(国奥店)"", ""amap_best_score"": ""0.6316"", ""amap_min_score_applied"": ""0.00"", ""review_rows"": ""100""}",search+review_api+offline_enriched,2026-02-14 23:45:58
G8f5WrhoxZ2HVIMI,麦乐迪KTV(月坛店),月坛北街2号地下一层及东配楼二层局部,西城区,116.35439,39.918147,4.2,8194.0,,,"[{""title"": ""套餐（评论提及）"", ""price_hint"": ""10,299"", ""mentions"": ""28"", ""source"": ""review_text""}, {""title"": ""团购（评论提及）"", ""price_hint"": ""10,299"", ""mentions"": ""11"", ""source"": ""review_text""}, {""title"": ""欢唱时长（评论提及）"", ""price_hint"": ""10,299"", ""mentions"": ""26"", ""source"": ""review_text""}, {""title"": ""酒水相关（评论提及）"", ""price_hint"": ""10,299"", ""mentions"": ""5"", ""source"": ""review_text""}, {""title"": ""包厢相关（评论提及）"", ""price_hint"": ""10,299"", ""mentions"": ""7"", ""source"": ""review_text""}]",5.0,,,"{""category"": """", ""region"": """", ""shop_region"": ""北京 / 月坛商圈 / 量贩式KTV"", ""amap_best_name"": ""麦乐迪KTV(月坛店)"", ""amap_best_score"": ""1.0000"", ""amap_min_score_applied"": ""0.00"", ""review_rows"": ""100""}",search+review_api+offline_enriched,2026-02-14 23:45:59
G4QNmK1WkRsfhsgn,酷秀KTV(望京新荟城店),北京城区广顺南大街16号院1号楼3层301号03F015,朝阳区,116.481297,39.986212,4.8,887.0,,,"[{""title"": ""套餐（评论提及）"", ""price_hint"": """", ""mentions"": ""6"", ""source"": ""review_text""}, {""title"": ""团购（评论提及）"", ""price_hint"": """", ""mentions"": ""4"", ""source"": ""review_text""}, {""title"": ""欢唱时长（评论提及）"", ""price_hint"": """", ""mentions"": ""11"", ""source"": ""review_text""}, {""title"": ""酒水相关（评论提及）"", ""price_hint"": """", ""mentions"": ""3"", ""source"": ""review_text""}, {""title"": ""包厢相关（评论提及）"", ""price_hint"": """", ""mentions"": ""6"", ""source"": ""review_text""}]",5.0,,,"{""category"": """", ""region"": """", ""shop_region"": ""北京 / 望京 / 量贩式KTV"", ""amap_best_name"": ""酷秀KTV(望京新世界百货店)"", ""amap_best_score"": ""0.7273"", ""amap_min_score_applied"": ""0.00"", ""review_rows"": ""100""}",search+review_api+offline_enriched,2026-02-14 23:45:59
l8aa3RTepLITOYD6,唱吧麦颂KTV(三元桥店),曙光西里街甲6号院9号楼1至2层,朝阳区,116.448836,39.964038,4.3,1494.0,,,"[{""title"": ""套餐（评论提及）"", ""price_hint"": ""58,10"", ""mentions"": ""6"", ""source"": ""review_text""}, {""title"": ""团购（评论提及）"", ""price_hint"": ""58,10"", ""mentions"": ""3"", ""source"": ""review_text""}, {""title"": ""欢唱时长（评论提及）"", ""price_hint"": ""58,10"", ""mentions"": ""6"", ""source"": ""review_text""}, {""title"": ""酒水相关（评论提及）"", ""price_hint"": ""58,10"", ""mentions"": ""1"", ""source"": ""review_text""}, {""title"": ""包厢相关（评论提及）"", ""price_hint"": ""58,10"", ""mentions"": ""1"", ""source"": ""review_text""}]",5.0,,,"{""category"": """", ""region"": """", ""shop_region"": ""北京 / 亮马桥/三元桥 / 量贩式KTV"", ""amap_best_name"": ""唱吧麦颂KTV(三元桥店)"", ""amap_best_score"": ""1.0000"", ""amap_min_score_applied"": ""0.00"", ""review_rows"": ""100""}",search+review_api+offline_enriched,2026-02-14 23:46:00
k5prL4zTpiAzgpn2,哈曼音乐会KTV,北新华街1号,西城区,116.382469,39.906116,0.0,2.0,,,"[{""title"": ""欢唱时长（评论提及）"", ""price_hint"": """", ""mentions"": ""1"", ""source"": ""review_text""}]",1.0,,,"{""category"": """", ""region"": """", ""shop_region"": ""北京 / 太阳宫 / KTV"", ""amap_best_name"": ""北京音乐厅"", ""amap_best_score"": ""0.5000"", ""amap_min_score_applied"": ""0.00"", ""review_rows"": ""3""}",search+review_api+offline_enriched,2026-02-14 23:46:00
G8AImcC6elveJAQ3,酷秀KTV(沙河店),地区路松街51号院3号楼2层201,昌平区,116.28732,40.147331,4.8,685.0,,,"[{""title"": ""套餐（评论提及）"", ""price_hint"": """", ""mentions"": ""4"", ""source"": ""review_text""}, {""title"": ""团购（评论提及）"", ""price_hint"": """", ""mentions"": ""6"", ""source"": ""review_text""}, {""title"": ""欢唱时长（评论提及）"", ""price_hint"": """", ""mentions"": ""8"", ""source"": ""review_text""}, {""title"": ""酒水相关（评论提及）"", ""price_hint"": """", ""mentions"": ""2"", ""source"": ""review_text""}, {""title"": ""包厢相关（评论提及）"", ""price_hint"": """", ""mentions"": ""9"", ""source"": ""review_text""}]",5.0,,,"{""category"": """", ""region"": """", ""shop_region"": ""北京 / 沙河 / 量贩式KTV"", ""amap_best_name"": ""酷秀KTV·派对(沙河店)"", ""amap_best_score"": ""0.8750"", ""amap_min_score_applied"": ""0.00"", ""review_rows"": ""100""}",search+review_api+offline_enriched,2026-02-14 23:46:00
laV6EZP4UbsYyj65,A,北京城区工人体育场北路8号院1号楼3层,朝阳区,116.452937,39.933128,4.8,287.0,,,"[{""title"": ""套餐（评论提及）"", ""price_hint"": """", ""mentions"": ""5"", ""source"": ""review_text""}, {""title"": ""团购（评论提及）"", ""price_hint"": """", ""mentions"": ""5"", ""source"": ""review_text""}, {""title"": ""欢唱时长（评论提及）"", ""price_hint"": """", ""mentions"": ""15"", ""source"": ""review_text""}, {""title"": ""酒水相关（评论提及）"", ""price_hint"": """", ""mentions"": ""1"", ""source"": ""review_text""}, {""title"": ""包厢相关（评论提及）"", ""price_hint"": """", ""mentions"": ""13"", ""source"": ""review_text""}]",5.0,,,"{""category"": """", ""region"": """", ""shop_region"": ""北京 / 天通苑 / 量贩式KTV"", ""amap_best_name"": ""METAK·元宇宙KTV"", ""amap_best_score"": ""0.3022"", ""amap_min_score_applied"": ""0.00"", ""review_rows"": ""100""}",search+review_api+offline_enriched,2026-02-14 23:46:01
la3cpDTrD7X9n4CT,星聚会KTV(大族广场店),乐业路与七辛中街交叉口北300米沙河万达1号门2F,昌平区,116.313926,40.107438,4.4,1596.0,,,"[{""title"": ""套餐（评论提及）"", ""price_hint"": """", ""mentions"": ""7"", ""source"": ""review_text""}, {""title"": ""团购（评论提及）"", ""price_hint"": """", ""mentions"": ""7"", ""source"": ""review_text""}, {""title"": ""欢唱时长（评论提及）"", ""price_hint"": """", ""mentions"": ""12"", ""source"": ""review_text""}, {""title"": ""酒水相关（评论提及）"", ""price_hint"": """", ""mentions"": ""4"", ""source"": ""review_text""}, {""title"": ""包厢相关（评论提及）"", ""price_hint"": """", ""mentions"": ""4"", ""source"": ""review_text""}]",5.0,,,"{""category"": """", ""region"": """", ""shop_region"": ""北京 / 亦庄 / 量贩式KTV"", ""amap_best_name"": ""星聚会ktv(沙河万达广场店)"", ""amap_best_score"": ""0.7273"", ""amap_min_score_applied"": ""0.00"", ""review_rows"": ""100""}",search+review_api+offline_enriched,2026-02-14 23:46:02
H7jUlyzQeD2kTJOp,唱吧麦颂KTV(海淀绿地中央广场店),海淀绿地中央广场11号楼,海淀区,116.193843,40.071716,4.6,305.0,,,"[{""title"": ""套餐（评论提及）"", ""price_hint"": """", ""mentions"": ""3"", ""source"": ""review_text""}, {""title"": ""团购（评论提及）"", ""price_hint"": """", ""mentions"": ""6"", ""source"": ""review_text""}, {""title"": ""欢唱时长（评论提及）"", ""price_hint"": """", ""mentions"": ""11"", ""source"": ""review_text""}, {""title"": ""酒水相关（评论提及）"", ""price_hint"": """", ""mentions"": ""5"", ""source"": ""review_text""}, {""title"": ""包厢相关（评论提及）"", ""price_hint"": """", ""mentions"": ""8"", ""source"": ""review_text""}]",5.0,,,"{""category"": """", ""region"": """", ""shop_region"": ""北京 / 海淀区 / 量贩式KTV"", ""amap_best_name"": ""唱吧麦颂KTV(海淀绿地中央广场店)"", ""amap_best_score"": ""1.0000"", ""amap_min_score_applied"": ""0.00"", ""review_rows"": ""100""}",search+review_api+offline_enriched,2026-02-14 23:46:02
l3U48sFelY3XsdUh,COSO PARTY酷秀KTV(方庄店),北京城区芳城园二区15号楼1层至4层,丰台区,116.432319,39.866091,4.6,1001.0,,,"[{""title"": ""套餐（评论提及）"", ""price_hint"": ""478"", ""mentions"": ""8"", ""source"": ""review_text""}, {""title"": ""团购（评论提及）"", ""price_hint"": ""478"", ""mentions"": ""5"", ""source"": ""review_text""}, {""title"": ""欢唱时长（评论提及）"", ""price_hint"": ""478"", ""mentions"": ""3"", ""source"": ""review_text""}, {""title"": ""酒水相关（评论提及）"", ""price_hint"": ""478"", ""mentions"": ""14"", ""source"": ""review_text""}, {""title"": ""包厢相关（评论提及）"", ""price_hint"": ""478"", ""mentions"": ""5"", ""source"": ""review_text""}]",5.0,,,"{""category"": """", ""region"": """", ""shop_region"": ""北京 / 方庄/蒲黄榆 / 量贩式KTV"", ""amap_best_name"": ""COSO PARTY (酷秀)KTV方庄店"", ""amap_best_score"": ""0.8750"", ""amap_min_score_applied"": ""0.00"", ""review_rows"": ""100""}",search+review_api+offline_enriched,2026-02-14 23:46:03
G8MwShmDaueK5Ife,唱吧麦颂KTV(簋街店),北京城区东直门内大街15号-13、-14、2层2-15,东城区,116.42717,39.941331,3.9,1681.0,,,"[{""title"": ""套餐（评论提及）"", ""price_hint"": ""100,48"", ""mentions"": ""7"", ""source"": ""review_text""}, {""title"": ""团购（评论提及）"", ""price_hint"": ""100,48"", ""mentions"": ""8"", ""source"": ""review_text""}, {""title"": ""欢唱时长（评论提及）"", ""price_hint"": ""100,48"", ""mentions"": ""14"", ""source"": ""review_text""}, {""title"": ""酒水相关（评论提及）"", ""price_hint"": ""100,48"", ""mentions"": ""11"", ""source"": ""review_text""}, {""title"": ""包厢相关（评论提及）"", ""price_hint"": ""100,48"", ""mentions"": ""2"", ""source"": ""review_text""}]",5.0,,,"{""category"": """", ""region"": """", ""shop_region"": ""北京 / 北新桥/簋街 / 量贩式KTV"", ""amap_best_name"": ""唱吧麦颂KTV(簋街店)"", ""amap_best_score"": ""1.0000"", ""amap_min_score_applied"": ""0.00"", ""review_rows"": ""100""}",search+review_api+offline_enriched,2026-02-14 23:46:03
GaMEr59IYpOyBclP,魅KTV·AI辅唱(湾里王府井·汀云小镇店),北三环东路33号苏宁易购西侧4层,东城区,116.409872,39.969401,3.4,115.0,,,"[{""title"": ""套餐（评论提及）"", ""price_hint"": """", ""mentions"": ""1"", ""source"": ""review_text""}, {""title"": ""团购（评论提及）"", ""price_hint"": """", ""mentions"": ""2"", ""source"": ""review_text""}, {""title"": ""欢唱时长（评论提及）"", ""price_hint"": """", ""mentions"": ""8"", ""source"": ""review_text""}, {""title"": ""包厢相关（评论提及）"", ""price_hint"": """", ""mentions"": ""9"", ""source"": ""review_text""}]",4.0,,,"{""category"": """", ""region"": """", ""shop_region"": ""北京 / 土桥 / 量贩式KTV"", ""amap_best_name"": ""魅KTV·AI辅唱(安贞桥店)"", ""amap_best_score"": ""0.5714"", ""amap_min_score_applied"": ""0.00"", ""review_rows"": ""100""}",search+review_api+offline_enriched,2026-02-14 23:46:04
Ga4vAUlpSIchhJSO,酷秀KTV(天通苑国泰百货店),东小口镇天通苑东苑东三区2号楼4层TC-110,昌平区,116.435563,40.073158,4.6,642.0,,,"[{""title"": ""套餐（评论提及）"", ""price_hint"": """", ""mentions"": ""4"", ""source"": ""review_text""}, {""title"": ""团购（评论提及）"", ""price_hint"": """", ""mentions"": ""9"", ""source"": ""review_text""}, {""title"": ""欢唱时长（评论提及）"", ""price_hint"": """", ""mentions"": ""18"", ""source"": ""review_text""}, {""title"": ""酒水相关（评论提及）"", ""price_hint"": """", ""mentions"": ""8"", ""source"": ""review_text""}, {""title"": ""包厢相关（评论提及）"", ""price_hint"": """", ""mentions"": ""15"", ""source"": ""review_text""}]",5.0,,,"{""category"": """", ""region"": """", ""shop_region"": ""北京 / 天通苑 / 量贩式KTV"", ""amap_best_name"": ""酷秀KTV(天通苑国泰百货店)"", ""amap_best_score"": ""1.0000"", ""amap_min_score_applied"": ""0.00"", ""review_rows"": ""100""}",search+review_api+offline_enriched,2026-02-14 23:46:04
H5Gtj8PKmDlutHRm,唱吧麦颂KTV(北苑路北上品店),燕京街32号上品城市奥莱顺义店F4层,顺义区,116.670037,40.103293,4.8,564.0,,,"[{""title"": ""套餐（评论提及）"", ""price_hint"": ""10,38,68"", ""mentions"": ""4"", ""source"": ""review_text""}, {""title"": ""团购（评论提及）"", ""price_hint"": ""10,38,68"", ""mentions"": ""8"", ""source"": ""review_text""}, {""title"": ""欢唱时长（评论提及）"", ""price_hint"": ""10,38,68"", ""mentions"": ""23"", ""source"": ""review_text""}, {""title"": ""酒水相关（评论提及）"", ""price_hint"": ""10,38,68"", ""mentions"": ""3"", ""source"": ""review_text""}, {""title"": ""包厢相关（评论提及）"", ""price_hint"": ""10,38,68"", ""mentions"": ""4"", ""source"": ""review_text""}]",5.0,,,"{""category"": """", ""region"": """", ""shop_region"": ""北京 / 北苑家园 / 量贩式KTV"", ""amap_best_name"": ""唱吧麦颂KTV(顺义上品店)"", ""amap_best_score"": ""0.7500"", ""amap_min_score_applied"": ""0.00"", ""review_rows"": ""100""}",search+review_api+offline_enriched,2026-02-14 23:46:05
l3oIU63y0z6nOA2o,唱吧麦颂精品KTV(大兴瀛海环宇坊店),北京城区旧宫镇小红门路136-5号兴南大厦A座,大兴区,116.455925,39.812113,4.3,525.0,,,"[{""title"": ""套餐（评论提及）"", ""price_hint"": """", ""mentions"": ""5"", ""source"": ""review_text""}, {""title"": ""团购（评论提及）"", ""price_hint"": """", ""mentions"": ""5"", ""source"": ""review_text""}, {""title"": ""欢唱时长（评论提及）"", ""price_hint"": """", ""mentions"": ""15"", ""source"": ""review_text""}, {""title"": ""酒水相关（评论提及）"", ""price_hint"": """", ""mentions"": ""4"", ""source"": ""review_text""}, {""title"": ""包厢相关（评论提及）"", ""price_hint"": """", ""mentions"": ""7"", ""source"": ""review_text""}]",5.0,,,"{""category"": """", ""region"": """", ""shop_region"": ""北京 / 瀛海商圈 / 量贩式KTV"", ""amap_best_name"": ""唱吧麦颂KTV(大兴旧宫店)"", ""amap_best_score"": ""0.6667"", ""amap_min_score_applied"": ""0.00"", ""review_rows"": ""100""}",search+review_api+offline_enriched,2026-02-14 23:46:05
l2zPEF8romMI0GHM,唱吧麦颂ktv(大兴黄村星城商厦店),黄村镇兴丰大街185号星城商厦4层,大兴区,116.339177,39.73109,4.2,747.0,,,"[{""title"": ""套餐（评论提及）"", ""price_hint"": ""130,90"", ""mentions"": ""7"", ""source"": ""review_text""}, {""title"": ""团购（评论提及）"", ""price_hint"": ""130,90"", ""mentions"": ""8"", ""source"": ""review_text""}, {""title"": ""欢唱时长（评论提及）"", ""price_hint"": ""130,90"", ""mentions"": ""11"", ""source"": ""review_text""}, {""title"": ""酒水相关（评论提及）"", ""price_hint"": ""130,90"", ""mentions"": ""8"", ""source"": ""review_text""}, {""title"": ""包厢相关（评论提及）"", ""price_hint"": ""130,90"", ""mentions"": ""11"", ""source"": ""review_text""}]",5.0,,,"{""category"": """", ""region"": """", ""shop_region"": ""北京 / 黄村 / 量贩式KTV"", ""amap_best_name"": ""唱吧麦颂KTV(大兴黄村星城商厦店)"", ""amap_best_score"": ""1.0000"", ""amap_min_score_applied"": ""0.00"", ""review_rows"": ""100""}",search+review_api+offline_enriched,2026-02-14 23:46:06
k9zZfkZXLp6LiBZk,音畔量贩KTV(铭泽生活广场店),周庄嘉园32号,朝阳区,116.476838,39.864448,3.9,2155.0,,,"[{""title"": ""套餐（评论提及）"", ""price_hint"": ""156"", ""mentions"": ""4"", ""source"": ""review_text""}, {""title"": ""团购（评论提及）"", ""price_hint"": ""156"", ""mentions"": ""2"", ""source"": ""review_text""}, {""title"": ""欢唱时长（评论提及）"", ""price_hint"": ""156"", ""mentions"": ""8"", ""source"": ""review_text""}, {""title"": ""酒水相关（评论提及）"", ""price_hint"": ""156"", ""mentions"": ""14"", ""source"": ""review_text""}, {""title"": ""包厢相关（评论提及）"", ""price_hint"": ""156"", ""mentions"": ""6"", ""source"": ""review_text""}]",5.0,,,"{""category"": """", ""region"": """", ""shop_region"": ""北京 / 十八里店 / 量贩式KTV"", ""amap_best_name"": ""音畔量贩KTV(铭泽生活广场店)"", ""amap_best_score"": ""1.0000"", ""amap_min_score_applied"": ""0.00"", ""review_rows"": ""100""}",search+review_api+offline_enriched,2026-02-14 23:46:07
H7U192GPcuMx3lLY,魅KTV·AI辅唱(当代商城店),北三环东路33号苏宁易购西侧4层,东城区,116.409872,39.969401,4.6,805.0,,,"[{""title"": ""套餐（评论提及）"", ""price_hint"": ""128"", ""mentions"": ""5"", ""source"": ""review_text""}, {""title"": ""团购（评论提及）"", ""price_hint"": ""128"", ""mentions"": ""6"", ""source"": ""review_text""}, {""title"": ""欢唱时长（评论提及）"", ""price_hint"": ""128"", ""mentions"": ""8"", ""source"": ""review_text""}, {""title"": ""酒水相关（评论提及）"", ""price_hint"": ""128"", ""mentions"": ""4"", ""source"": ""review_text""}, {""title"": ""包厢相关（评论提及）"", ""price_hint"": ""128"", ""mentions"": ""13"", ""source"": ""review_text""}]",5.0,,,"{""category"": """", ""region"": """", ""shop_region"": ""北京 / 苹果园商圈 / 量贩式KTV"", ""amap_best_name"": ""魅KTV·AI辅唱(安贞桥店)"", ""amap_best_score"": ""0.6957"", ""amap_min_score_applied"": ""0.00"", ""review_rows"": ""100""}",search+review_api+offline_enriched,2026-02-14 23:46:07
G2jcLbkFHfdZoicA,英伦国际ktv,六里桥北里弘利苑大厦2层,丰台区,116.305309,39.883202,3.9,73.0,,,"[{""title"": ""套餐（评论提及）"", ""price_hint"": ""24,144,100"", ""mentions"": ""12"", ""source"": ""review_text""}, {""title"": ""团购（评论提及）"", ""price_hint"": ""24,144,100"", ""mentions"": ""11"", ""source"": ""review_text""}, {""title"": ""欢唱时长（评论提及）"", ""price_hint"": ""24,144,100"", ""mentions"": ""4"", ""source"": ""review_text""}, {""title"": ""酒水相关（评论提及）"", ""price_hint"": ""24,144,100"", ""mentions"": ""4"", ""source"": ""review_text""}, {""title"": ""包厢相关（评论提及）"", ""price_hint"": ""24,144,100"", ""mentions"": ""7"", ""source"": ""review_text""}]",5.0,,,"{""category"": """", ""region"": """", ""shop_region"": ""密云区 / 密云县县城 / 量贩式KTV"", ""amap_best_name"": ""爱沙国际量贩KTV"", ""amap_best_score"": ""0.5000"", ""amap_min_score_applied"": ""0.00"", ""review_rows"": ""90""}",search+review_api+offline_enriched,2026-02-14 23:46:08
l7rlbR4K15fpkmqf,酷秀KTV(昌平鼓楼西街店),鼓楼西街12号楼负一层86,昌平区,116.230787,40.224072,4.5,332.0,,,"[{""title"": ""套餐（评论提及）"", ""price_hint"": """", ""mentions"": ""4"", ""source"": ""review_text""}, {""title"": ""欢唱时长（评论提及）"", ""price_hint"": """", ""mentions"": ""16"", ""source"": ""review_text""}, {""title"": ""酒水相关（评论提及）"", ""price_hint"": """", ""mentions"": ""7"", ""source"": ""review_text""}, {""title"": ""包厢相关（评论提及）"", ""price_hint"": """", ""mentions"": ""9"", ""source"": ""review_text""}]",4.0,,,"{""category"": """", ""region"": """", ""shop_region"": ""北京 / 昌平镇 / 量贩式KTV"", ""amap_best_name"": ""酷秀KTV(鼓楼西街店)"", ""amap_best_score"": ""0.9000"", ""amap_min_score_applied"": ""0.00"", ""review_rows"": ""100""}",search+review_api+offline_enriched,2026-02-14 23:46:08
k4jFsPazNwkPxjd7,蓝调KTV(亦庄科创九街店),台湖镇定海园三里9号楼3层302,通州区,116.565268,39.797995,4.0,489.0,,,"[{""title"": ""套餐（评论提及）"", ""price_hint"": """", ""mentions"": ""9"", ""source"": ""review_text""}, {""title"": ""团购（评论提及）"", ""price_hint"": """", ""mentions"": ""5"", ""source"": ""review_text""}, {""title"": ""欢唱时长（评论提及）"", ""price_hint"": """", ""mentions"": ""7"", ""source"": ""review_text""}, {""title"": ""酒水相关（评论提及）"", ""price_hint"": """", ""mentions"": ""10"", ""source"": ""review_text""}, {""title"": ""包厢相关（评论提及）"", ""price_hint"": """", ""mentions"": ""7"", ""source"": ""review_text""}]",5.0,,,"{""category"": """", ""region"": """", ""shop_region"": ""北京 / 次渠 / 量贩式KTV"", ""amap_best_name"": ""蓝调(亦庄科创九街店)"", ""amap_best_score"": ""1.0000"", ""amap_min_score_applied"": ""0.00"", ""review_rows"": ""100""}",search+review_api+offline_enriched,2026-02-14 23:46:09
k4SwKzkmDAQgO1nP,魅KTV·AI辅唱(宋家庄店),北三环东路33号苏宁易购西侧4层,东城区,116.409872,39.969401,3.9,153.0,,,"[{""title"": ""套餐（评论提及）"", ""price_hint"": ""99"", ""mentions"": ""10"", ""source"": ""review_text""}, {""title"": ""团购（评论提及）"", ""price_hint"": ""99"", ""mentions"": ""4"", ""source"": ""review_text""}, {""title"": ""欢唱时长（评论提及）"", ""price_hint"": ""99"", ""mentions"": ""7"", ""source"": ""review_text""}, {""title"": ""酒水相关（评论提及）"", ""price_hint"": ""99"", ""mentions"": ""1"", ""source"": ""review_text""}, {""title"": ""包厢相关（评论提及）"", ""price_hint"": ""99"", ""mentions"": ""5"", ""source"": ""review_text""}]",5.0,,,"{""category"": """", ""region"": """", ""shop_region"": ""北京 / 刘家窑/宋家庄 / 量贩式KTV"", ""amap_best_name"": ""魅KTV·AI辅唱(安贞桥店)"", ""amap_best_score"": ""0.7273"", ""amap_min_score_applied"": ""0.00"", ""review_rows"": ""100""}",search+review_api+offline_enriched,2026-02-14 23:46:09
l5VsfhwyzYloMuhF,唱吧麦颂ktv(西三旗店),回龙观镇建材城西路87号院1号楼负1层1001室,昌平区,116.330943,40.057063,4.5,1411.0,,,"[{""title"": ""套餐（评论提及）"", ""price_hint"": ""58"", ""mentions"": ""4"", ""source"": ""review_text""}, {""title"": ""团购（评论提及）"", ""price_hint"": ""58"", ""mentions"": ""7"", ""source"": ""review_text""}, {""title"": ""欢唱时长（评论提及）"", ""price_hint"": ""58"", ""mentions"": ""16"", ""source"": ""review_text""}, {""title"": ""酒水相关（评论提及）"", ""price_hint"": ""58"", ""mentions"": ""8"", ""source"": ""review_text""}, {""title"": ""包厢相关（评论提及）"", ""price_hint"": ""58"", ""mentions"": ""5"", ""source"": ""review_text""}]",5.0,,,"{""category"": """", ""region"": """", ""shop_region"": ""北京 / 回龙观商圈 / 量贩式KTV"", ""amap_best_name"": ""唱吧麦颂KTV(西三旗店)"", ""amap_best_score"": ""1.0000"", ""amap_min_score_applied"": ""0.00"", ""review_rows"": ""100""}",search+review_api+offline_enriched,2026-02-14 23:46:10
HaDN4MFnT6Of4V8R,魅KTV·AI辅唱(万科TBD新五街店),北三环东路33号苏宁易购西侧4层,东城区,116.409872,39.969401,4.4,814.0,,,"[{""title"": ""套餐（评论提及）"", ""price_hint"": ""68"", ""mentions"": ""7"", ""source"": ""review_text""}, {""title"": ""团购（评论提及）"", ""price_hint"": ""68"", ""mentions"": ""7"", ""source"": ""review_text""}, {""title"": ""欢唱时长（评论提及）"", ""price_hint"": ""68"", ""mentions"": ""10"", ""source"": ""review_text""}, {""title"": ""酒水相关（评论提及）"", ""price_hint"": ""68"", ""mentions"": ""4"", ""source"": ""review_text""}, {""title"": ""包厢相关（评论提及）"", ""price_hint"": ""68"", ""mentions"": ""12"", ""source"": ""review_text""}]",5.0,,,"{""category"": """", ""region"": """", ""shop_region"": ""北京 / 回龙观商圈 / 量贩式KTV"", ""amap_best_name"": ""魅KTV·AI辅唱(安贞桥店)"", ""amap_best_score"": ""0.5926"", ""amap_min_score_applied"": ""0.00"", ""review_rows"": ""100""}",search+review_api+offline_enriched,2026-02-14 23:46:10
G2cQefOyfIyhpKQb,魅KTV·AI辅唱(大融城店),北三环东路33号苏宁易购西侧4层,东城区,116.409872,39.969401,4.0,892.0,,,"[{""title"": ""套餐（评论提及）"", ""price_hint"": ""228"", ""mentions"": ""5"", ""source"": ""review_text""}, {""title"": ""团购（评论提及）"", ""price_hint"": ""228"", ""mentions"": ""11"", ""source"": ""review_text""}, {""title"": ""欢唱时长（评论提及）"", ""price_hint"": ""228"", ""mentions"": ""27"", ""source"": ""review_text""}, {""title"": ""酒水相关（评论提及）"", ""price_hint"": ""228"", ""mentions"": ""3"", ""source"": ""review_text""}, {""title"": ""包厢相关（评论提及）"", ""price_hint"": ""228"", ""mentions"": ""10"", ""source"": ""review_text""}]",5.0,,,"{""category"": """", ""region"": """", ""shop_region"": ""北京 / 中关村商圈 / 量贩式KTV"", ""amap_best_name"": ""魅KTV·AI辅唱(安贞桥店)"", ""amap_best_score"": ""0.7273"", ""amap_min_score_applied"": ""0.00"", ""review_rows"": ""100""}",search+review_api+offline_enriched,2026-02-14 23:46:10
k1Rca7iIMg74zN1M,金帝辉煌KTV(马驹桥店),马驹桥兴华南街327号5-6层,通州区,116.543128,39.752584,3.3,182.0,,,"[{""title"": ""套餐（评论提及）"", ""price_hint"": ""198,68"", ""mentions"": ""10"", ""source"": ""review_text""}, {""title"": ""团购（评论提及）"", ""price_hint"": ""198,68"", ""mentions"": ""4"", ""source"": ""review_text""}, {""title"": ""欢唱时长（评论提及）"", ""price_hint"": ""198,68"", ""mentions"": ""5"", ""source"": ""review_text""}, {""title"": ""酒水相关（评论提及）"", ""price_hint"": ""198,68"", ""mentions"": ""9"", ""source"": ""review_text""}, {""title"": ""包厢相关（评论提及）"", ""price_hint"": ""198,68"", ""mentions"": ""2"", ""source"": ""review_text""}]",5.0,,,"{""category"": """", ""region"": """", ""shop_region"": ""北京 / 马驹桥商圈 / 量贩式KTV"", ""amap_best_name"": ""金帝辉煌KTV(马驹桥店)"", ""amap_best_score"": ""1.0000"", ""amap_min_score_applied"": ""0.00"", ""review_rows"": ""100""}",search+review_api+offline_enriched,2026-02-14 23:46:11
k845ElDFLq8iDVJc,唱吧麦颂KTV(黄渠地铁站星悦广场店),北京城区三间房东路4号星悦广场3楼118室,朝阳区,116.575222,39.923472,4.5,722.0,,,"[{""title"": ""套餐（评论提及）"", ""price_hint"": """", ""mentions"": ""12"", ""source"": ""review_text""}, {""title"": ""团购（评论提及）"", ""price_hint"": """", ""mentions"": ""6"", ""source"": ""review_text""}, {""title"": ""欢唱时长（评论提及）"", ""price_hint"": """", ""mentions"": ""16"", ""source"": ""review_text""}, {""title"": ""酒水相关（评论提及）"", ""price_hint"": """", ""mentions"": ""4"", ""source"": ""review_text""}, {""title"": ""包厢相关（评论提及）"", ""price_hint"": """", ""mentions"": ""9"", ""source"": ""review_text""}]",5.0,,,"{""category"": """", ""region"": """", ""shop_region"": ""北京 / 定福庄 / 量贩式KTV"", ""amap_best_name"": ""唱吧麦颂KTV(星悦广场黄渠地铁站店)"", ""amap_best_score"": ""0.7500"", ""amap_min_score_applied"": ""0.00"", ""review_rows"": ""100""}",search+review_api+offline_enriched,2026-02-14 23:46:11
G3robNTiwM6YFwYP,夜语K+,马连道东街15号院一号楼商业B1层,西城区,116.331851,39.884419,3.9,1701.0,,,"[{""title"": ""套餐（评论提及）"", ""price_hint"": """", ""mentions"": ""3"", ""source"": ""review_text""}, {""title"": ""团购（评论提及）"", ""price_hint"": """", ""mentions"": ""7"", ""source"": ""review_text""}, {""title"": ""欢唱时长（评论提及）"", ""price_hint"": """", ""mentions"": ""4"", ""source"": ""review_text""}, {""title"": ""酒水相关（评论提及）"", ""price_hint"": """", ""mentions"": ""1"", ""source"": ""review_text""}, {""title"": ""包厢相关（评论提及）"", ""price_hint"": """", ""mentions"": ""3"", ""source"": ""review_text""}]",5.0,,,"{""category"": """", ""region"": """", ""shop_region"": ""北京 / 草桥/公益西桥 / 量贩式KTV"", ""amap_best_name"": ""麦K量贩式KTV"", ""amap_best_score"": ""0.4000"", ""amap_min_score_applied"": ""0.00"", ""review_rows"": ""100""}",search+review_api+offline_enriched,2026-02-14 23:46:12
k7pyC8OjkH8Edqx2,唱吧麦颂KTV(兴悦汇店),兴丰大街金星西路5号及5号院兴悦汇B1层,大兴区,116.332092,39.764387,4.3,1331.0,,,"[{""title"": ""套餐（评论提及）"", ""price_hint"": """", ""mentions"": ""6"", ""source"": ""review_text""}, {""title"": ""团购（评论提及）"", ""price_hint"": """", ""mentions"": ""7"", ""source"": ""review_text""}, {""title"": ""欢唱时长（评论提及）"", ""price_hint"": """", ""mentions"": ""13"", ""source"": ""review_text""}, {""title"": ""酒水相关（评论提及）"", ""price_hint"": """", ""mentions"": ""6"", ""source"": ""review_text""}, {""title"": ""包厢相关（评论提及）"", ""price_hint"": """", ""mentions"": ""9"", ""source"": ""review_text""}]",5.0,,,"{""category"": """", ""region"": """", ""shop_region"": ""北京 / 黄村 / 量贩式KTV"", ""amap_best_name"": ""唱吧麦颂KTV(兴悦汇店)"", ""amap_best_score"": ""1.0000"", ""amap_min_score_applied"": ""0.00"", ""review_rows"": ""100""}",search+review_api+offline_enriched,2026-02-14 23:46:12
l7OrSh16OJ2OZl9f,唱吧麦颂KTV(慈云寺店),北京城区四道口2号院1号楼2层220号,海淀区,116.345375,39.960576,4.8,754.0,,,"[{""title"": ""套餐（评论提及）"", ""price_hint"": ""99"", ""mentions"": ""16"", ""source"": ""review_text""}, {""title"": ""团购（评论提及）"", ""price_hint"": ""99"", ""mentions"": ""13"", ""source"": ""review_text""}, {""title"": ""欢唱时长（评论提及）"", ""price_hint"": ""99"", ""mentions"": ""17"", ""source"": ""review_text""}, {""title"": ""酒水相关（评论提及）"", ""price_hint"": ""99"", ""mentions"": ""7"", ""source"": ""review_text""}, {""title"": ""包厢相关（评论提及）"", ""price_hint"": ""99"", ""mentions"": ""1"", ""source"": ""review_text""}]",5.0,,,"{""category"": """", ""region"": """", ""shop_region"": ""北京 / 慈云寺/八里庄 / 量贩式KTV"", ""amap_best_name"": ""唱吧麦颂KTV(大钟寺店)"", ""amap_best_score"": ""0.8000"", ""amap_min_score_applied"": ""0.00"", ""review_rows"": ""100""}",search+review_api+offline_enriched,2026-02-14 23:46:13
G4iKhCuOpAgsWRwg,魅KTV·AI辅唱(平谷万达广场店),谷丰东路31号院3层3F-2室,平谷区,117.121338,40.160036,4.8,243.0,,,"[{""title"": ""套餐（评论提及）"", ""price_hint"": ""5000"", ""mentions"": ""6"", ""source"": ""review_text""}, {""title"": ""团购（评论提及）"", ""price_hint"": ""5000"", ""mentions"": ""3"", ""source"": ""review_text""}, {""title"": ""欢唱时长（评论提及）"", ""price_hint"": ""5000"", ""mentions"": ""21"", ""source"": ""review_text""}, {""title"": ""酒水相关（评论提及）"", ""price_hint"": ""5000"", ""mentions"": ""3"", ""source"": ""review_text""}, {""title"": ""包厢相关（评论提及）"", ""price_hint"": ""5000"", ""mentions"": ""13"", ""source"": ""review_text""}]",5.0,,,"{""category"": """", ""region"": """", ""shop_region"": ""平谷区 / 平谷城区 / 量贩式KTV"", ""amap_best_name"": ""魅KTV(北京平谷万达广场店)"", ""amap_best_score"": ""0.8333"", ""amap_min_score_applied"": ""0.00"", ""review_rows"": ""100""}",search+review_api+offline_enriched,2026-02-14 23:46:13
l3FIIlpJYpekRuZc,酷秀KTV(上地店),上地街道农大南路1号院1号华联商厦3A,海淀区,116.311744,40.028246,4.5,1079.0,,,"[{""title"": ""套餐（评论提及）"", ""price_hint"": """", ""mentions"": ""8"", ""source"": ""review_text""}, {""title"": ""团购（评论提及）"", ""price_hint"": """", ""mentions"": ""6"", ""source"": ""review_text""}, {""title"": ""欢唱时长（评论提及）"", ""price_hint"": """", ""mentions"": ""9"", ""source"": ""review_text""}, {""title"": ""酒水相关（评论提及）"", ""price_hint"": """", ""mentions"": ""1"", ""source"": ""review_text""}, {""title"": ""包厢相关（评论提及）"", ""price_hint"": """", ""mentions"": ""13"", ""source"": ""review_text""}]",5.0,,,"{""category"": """", ""region"": """", ""shop_region"": ""北京 / 上地商圈 / 量贩式KTV"", ""amap_best_name"": ""酷秀KTV·派对店(上地店)"", ""amap_best_score"": ""0.8235"", ""amap_min_score_applied"": ""0.00"", ""review_rows"": ""100""}",search+review_api+offline_enriched,2026-02-14 23:46:14
l56MtQoDz2NLq1kY,麦乐汇(祥云小镇店),后沙峪镇安泰大街7号艾迪城二楼,顺义区,116.540461,40.088145,4.3,1230.0,,,"[{""title"": ""套餐（评论提及）"", ""price_hint"": ""130"", ""mentions"": ""13"", ""source"": ""review_text""}, {""title"": ""团购（评论提及）"", ""price_hint"": ""130"", ""mentions"": ""5"", ""source"": ""review_text""}, {""title"": ""欢唱时长（评论提及）"", ""price_hint"": ""130"", ""mentions"": ""17"", ""source"": ""review_text""}, {""title"": ""酒水相关（评论提及）"", ""price_hint"": ""130"", ""mentions"": ""3"", ""source"": ""review_text""}, {""title"": ""包厢相关（评论提及）"", ""price_hint"": ""130"", ""mentions"": ""6"", ""source"": ""review_text""}]",5.0,,,"{""category"": """", ""region"": """", ""shop_region"": ""北京 / 后沙峪 / 量贩式KTV"", ""amap_best_name"": ""麦乐汇聚会馆(祥云小镇店)"", ""amap_best_score"": ""0.8696"", ""amap_min_score_applied"": ""0.00"", ""review_rows"": ""100""}",search+review_api+offline_enriched,2026-02-14 23:46:14
k2ZXpmkIgTSetZAH,MICUP KTV (白石桥南地铁站店),首都体育馆南路9号 肥桃生活广场负一层,海淀区,116.324611,39.934159,4.8,395.0,,,"[{""title"": ""套餐（评论提及）"", ""price_hint"": ""48"", ""mentions"": ""6"", ""source"": ""review_text""}, {""title"": ""团购（评论提及）"", ""price_hint"": ""48"", ""mentions"": ""3"", ""source"": ""review_text""}, {""title"": ""欢唱时长（评论提及）"", ""price_hint"": ""48"", ""mentions"": ""7"", ""source"": ""review_text""}, {""title"": ""酒水相关（评论提及）"", ""price_hint"": ""48"", ""mentions"": ""4"", ""source"": ""review_text""}, {""title"": ""包厢相关（评论提及）"", ""price_hint"": ""48"", ""mentions"": ""2"", ""source"": ""review_text""}]",5.0,,,"{""category"": """", ""region"": """", ""shop_region"": ""北京 / 航天桥 / 量贩式KTV"", ""amap_best_name"": ""MICUP KTV(肥桃生活广场店)"", ""amap_best_score"": ""0.5517"", ""amap_min_score_applied"": ""0.00"", ""review_rows"": ""100""}",search+review_api+offline_enriched,2026-02-14 23:46:15
l3KSBbSCajk7iu6p,唱吧麦颂KTV(积水潭地铁新华百货店),新华百货6层(积水潭地铁站G1口步行130米),西城区,116.371272,39.947123,3.9,792.0,,,"[{""title"": ""套餐（评论提及）"", ""price_hint"": ""388"", ""mentions"": ""4"", ""source"": ""review_text""}, {""title"": ""团购（评论提及）"", ""price_hint"": ""388"", ""mentions"": ""3"", ""source"": ""review_text""}, {""title"": ""欢唱时长（评论提及）"", ""price_hint"": ""388"", ""mentions"": ""6"", ""source"": ""review_text""}, {""title"": ""酒水相关（评论提及）"", ""price_hint"": ""388"", ""mentions"": ""5"", ""source"": ""review_text""}, {""title"": ""包厢相关（评论提及）"", ""price_hint"": ""388"", ""mentions"": ""7"", ""source"": ""review_text""}]",5.0,,,"{""category"": """", ""region"": """", ""shop_region"": ""北京 / 新街口商圈 / 量贩式KTV"", ""amap_best_name"": ""唱吧麦颂KTV(新华百货店)"", ""amap_best_score"": ""0.8148"", ""amap_min_score_applied"": ""0.00"", ""review_rows"": ""100""}",search+review_api+offline_enriched,2026-02-14 23:46:15
l9Rf1tHmdKylOtrN,麦颂KTV(马驹桥店),马驹桥新海南里100号楼3层,通州区,116.541715,39.752047,4.6,349.0,,,"[{""title"": ""套餐（评论提及）"", ""price_hint"": """", ""mentions"": ""3"", ""source"": ""review_text""}, {""title"": ""团购（评论提及）"", ""price_hint"": """", ""mentions"": ""6"", ""source"": ""review_text""}, {""title"": ""欢唱时长（评论提及）"", ""price_hint"": """", ""mentions"": ""4"", ""source"": ""review_text""}, {""title"": ""酒水相关（评论提及）"", ""price_hint"": """", ""mentions"": ""6"", ""source"": ""review_text""}, {""title"": ""包厢相关（评论提及）"", ""price_hint"": """", ""mentions"": ""2"", ""source"": ""review_text""}]",5.0,,,"{""category"": """", ""region"": """", ""shop_region"": ""北京 / 马驹桥商圈 / 量贩式KTV"", ""amap_best_name"": ""蓝调KTV(马驹桥店)"", ""amap_best_score"": ""0.7500"", ""amap_min_score_applied"": ""0.00"", ""review_rows"": ""100""}",search+review_api+offline_enriched,2026-02-14 23:46:16
l8UUuoMnYZIlXR5k,酷秀KTV(来广营保利广场店),来广营保利广场西座一层内L1-06号,朝阳区,116.463809,40.01662,4.5,305.0,,,"[{""title"": ""套餐（评论提及）"", ""price_hint"": ""10"", ""mentions"": ""8"", ""source"": ""review_text""}, {""title"": ""团购（评论提及）"", ""price_hint"": ""10"", ""mentions"": ""5"", ""source"": ""review_text""}, {""title"": ""欢唱时长（评论提及）"", ""price_hint"": ""10"", ""mentions"": ""8"", ""source"": ""review_text""}, {""title"": ""酒水相关（评论提及）"", ""price_hint"": ""10"", ""mentions"": ""4"", ""source"": ""review_text""}, {""title"": ""包厢相关（评论提及）"", ""price_hint"": ""10"", ""mentions"": ""1"", ""source"": ""review_text""}]",5.0,,,"{""category"": """", ""region"": """", ""shop_region"": ""北京 / 望京 / 量贩式KTV"", ""amap_best_name"": ""酷秀KTV(来广营店)"", ""amap_best_score"": ""0.8000"", ""amap_min_score_applied"": ""0.00"", ""review_rows"": ""100""}",search+review_api+offline_enriched,2026-02-14 23:46:16
H39d8pv0okLcwPGA,MK KTV(土桥店),砖厂南里40号楼201室,通州区,116.696463,39.870789,4.5,331.0,,,"[{""title"": ""套餐（评论提及）"", ""price_hint"": ""68"", ""mentions"": ""9"", ""source"": ""review_text""}, {""title"": ""团购（评论提及）"", ""price_hint"": ""68"", ""mentions"": ""4"", ""source"": ""review_text""}, {""title"": ""欢唱时长（评论提及）"", ""price_hint"": ""68"", ""mentions"": ""13"", ""source"": ""review_text""}, {""title"": ""酒水相关（评论提及）"", ""price_hint"": ""68"", ""mentions"": ""6"", ""source"": ""review_text""}, {""title"": ""包厢相关（评论提及）"", ""price_hint"": ""68"", ""mentions"": ""12"", ""source"": ""review_text""}]",5.0,,,"{""category"": """", ""region"": """", ""shop_region"": ""北京 / 土桥 / 量贩式KTV"", ""amap_best_name"": ""唱吧麦颂KTV(土桥店)"", ""amap_best_score"": ""0.6250"", ""amap_min_score_applied"": ""0.00"", ""review_rows"": ""100""}",search+review_api+offline_enriched,2026-02-14 23:46:16
l3HsMVwUAN2X8JNU,酷秀KTV(回龙观店),北京城区回龙观西大街111号F3-37,昌平区,116.318921,40.077012,4.6,1095.0,,,"[{""title"": ""套餐（评论提及）"", ""price_hint"": ""65,88"", ""mentions"": ""6"", ""source"": ""review_text""}, {""title"": ""团购（评论提及）"", ""price_hint"": ""65,88"", ""mentions"": ""6"", ""source"": ""review_text""}, {""title"": ""欢唱时长（评论提及）"", ""price_hint"": ""65,88"", ""mentions"": ""10"", ""source"": ""review_text""}, {""title"": ""酒水相关（评论提及）"", ""price_hint"": ""65,88"", ""mentions"": ""7"", ""source"": ""review_text""}, {""title"": ""包厢相关（评论提及）"", ""price_hint"": ""65,88"", ""mentions"": ""12"", ""source"": ""review_text""}]",5.0,,,"{""category"": """", ""region"": """", ""shop_region"": ""北京 / 回龙观商圈 / 量贩式KTV"", ""amap_best_name"": ""酷秀KTV(回龙观店)"", ""amap_best_score"": ""1.0000"", ""amap_min_score_applied"": ""0.00"", ""review_rows"": ""100""}",search+review_api+offline_enriched,2026-02-14 23:46:17
H8MZZh8JqVLNkjRl,蓝调KTV(通州马驹桥店),马驹桥新海南里100号楼3层,通州区,116.541715,39.752047,4.2,538.0,,,"[{""title"": ""套餐（评论提及）"", ""price_hint"": """", ""mentions"": ""5"", ""source"": ""review_text""}, {""title"": ""团购（评论提及）"", ""price_hint"": """", ""mentions"": ""4"", ""source"": ""review_text""}, {""title"": ""欢唱时长（评论提及）"", ""price_hint"": """", ""mentions"": ""6"", ""source"": ""review_text""}, {""title"": ""酒水相关（评论提及）"", ""price_hint"": """", ""mentions"": ""2"", ""source"": ""review_text""}, {""title"": ""包厢相关（评论提及）"", ""price_hint"": """", ""mentions"": ""5"", ""source"": ""review_text""}]",5.0,,,"{""category"": """", ""region"": """", ""shop_region"": ""北京 / 马驹桥商圈 / 量贩式KTV"", ""amap_best_name"": ""蓝调KTV(马驹桥店)"", ""amap_best_score"": ""0.8889"", ""amap_min_score_applied"": ""0.00"", ""review_rows"": ""100""}",search+review_api+offline_enriched,2026-02-14 23:46:17
G5ZGy4nMqeU8QsSI,唱吧麦颂KTV(劲松大厦店),农光里117号劲松大厦三层,朝阳区,116.462152,39.884024,4.5,2066.0,,,"[{""title"": ""套餐（评论提及）"", ""price_hint"": """", ""mentions"": ""4"", ""source"": ""review_text""}, {""title"": ""团购（评论提及）"", ""price_hint"": """", ""mentions"": ""3"", ""source"": ""review_text""}, {""title"": ""欢唱时长（评论提及）"", ""price_hint"": """", ""mentions"": ""5"", ""source"": ""review_text""}, {""title"": ""酒水相关（评论提及）"", ""price_hint"": """", ""mentions"": ""7"", ""source"": ""review_text""}, {""title"": ""包厢相关（评论提及）"", ""price_hint"": """", ""mentions"": ""8"", ""source"": ""review_text""}]",5.0,,,"{""category"": """", ""region"": """", ""shop_region"": ""北京 / 劲松/潘家园 / 量贩式KTV"", ""amap_best_name"": ""唱吧麦颂KTV(北京劲松大厦店)"", ""amap_best_score"": ""1.0000"", ""amap_min_score_applied"": ""0.00"", ""review_rows"": ""100""}",search+review_api+offline_enriched,2026-02-14 23:46:18
l2r5RiBA8El8o1cW,魅KTV·AI辅唱(西直门凯德店),北京上德银泰城,大兴区,116.346713,39.763762,4.1,128.0,,,"[{""title"": ""套餐（评论提及）"", ""price_hint"": ""780"", ""mentions"": ""5"", ""source"": ""review_text""}, {""title"": ""欢唱时长（评论提及）"", ""price_hint"": ""780"", ""mentions"": ""11"", ""source"": ""review_text""}, {""title"": ""酒水相关（评论提及）"", ""price_hint"": ""780"", ""mentions"": ""2"", ""source"": ""review_text""}, {""title"": ""包厢相关（评论提及）"", ""price_hint"": ""780"", ""mentions"": ""12"", ""source"": ""review_text""}]",4.0,,,"{""category"": """", ""region"": """", ""shop_region"": ""北京 / 西直门/动物园 / 量贩式KTV"", ""amap_best_name"": ""魅KTV·AI 辅唱(上德银泰店)"", ""amap_best_score"": ""0.7200"", ""amap_min_score_applied"": ""0.00"", ""review_rows"": ""100""}",search+review_api+offline_enriched,2026-02-14 23:46:18
G8Ui3xpaeVEUWrOU,帝濠KTV,张仪村路4号,丰台区,116.233125,39.888375,3.3,155.0,,,"[{""title"": ""套餐（评论提及）"", ""price_hint"": ""58"", ""mentions"": ""11"", ""source"": ""review_text""}, {""title"": ""团购（评论提及）"", ""price_hint"": ""58"", ""mentions"": ""19"", ""source"": ""review_text""}, {""title"": ""欢唱时长（评论提及）"", ""price_hint"": ""58"", ""mentions"": ""16"", ""source"": ""review_text""}, {""title"": ""酒水相关（评论提及）"", ""price_hint"": ""58"", ""mentions"": ""7"", ""source"": ""review_text""}, {""title"": ""包厢相关（评论提及）"", ""price_hint"": ""58"", ""mentions"": ""8"", ""source"": ""review_text""}]",5.0,,,"{""category"": """", ""region"": """", ""shop_region"": ""北京 / 望京 / KTV"", ""amap_best_name"": ""帝舞俱乐部"", ""amap_best_score"": ""0.2857"", ""amap_min_score_applied"": ""0.00"", ""review_rows"": ""100""}",search+review_api+offline_enriched,2026-02-14 23:46:19
k5qK0Sgy7loicTaW,极格线KTV(通州万达店),新华西街56号1幢2层,通州区,116.644574,39.906448,4.5,685.0,,,"[{""title"": ""套餐（评论提及）"", ""price_hint"": """", ""mentions"": ""12"", ""source"": ""review_text""}, {""title"": ""团购（评论提及）"", ""price_hint"": """", ""mentions"": ""1"", ""source"": ""review_text""}, {""title"": ""欢唱时长（评论提及）"", ""price_hint"": """", ""mentions"": ""8"", ""source"": ""review_text""}, {""title"": ""酒水相关（评论提及）"", ""price_hint"": """", ""mentions"": ""5"", ""source"": ""review_text""}, {""title"": ""包厢相关（评论提及）"", ""price_hint"": """", ""mentions"": ""13"", ""source"": ""review_text""}]",5.0,,,"{""category"": """", ""region"": """", ""shop_region"": ""北京 / 通州北苑 / 量贩式KTV"", ""amap_best_name"": ""极格线KTV(通州万达店)"", ""amap_best_score"": ""1.0000"", ""amap_min_score_applied"": ""0.00"", ""review_rows"": ""100""}",search+review_api+offline_enriched,2026-02-14 23:46:19
l35zxq9j3P0HQjbl,星聚会KTV(沙河万达店),乐业路与七辛中街交叉口北300米沙河万达1号门2F,昌平区,116.313926,40.107438,4.6,523.0,,,"[{""title"": ""套餐（评论提及）"", ""price_hint"": ""160"", ""mentions"": ""1"", ""source"": ""review_text""}, {""title"": ""团购（评论提及）"", ""price_hint"": ""160"", ""mentions"": ""3"", ""source"": ""review_text""}, {""title"": ""欢唱时长（评论提及）"", ""price_hint"": ""160"", ""mentions"": ""6"", ""source"": ""review_text""}, {""title"": ""酒水相关（评论提及）"", ""price_hint"": ""160"", ""mentions"": ""2"", ""source"": ""review_text""}, {""title"": ""包厢相关（评论提及）"", ""price_hint"": ""160"", ""mentions"": ""13"", ""source"": ""review_text""}]",5.0,,,"{""category"": """", ""region"": """", ""shop_region"": ""北京 / 沙河 / 量贩式KTV"", ""amap_best_name"": ""星聚会ktv(沙河万达广场店)"", ""amap_best_score"": ""0.9091"", ""amap_min_score_applied"": ""0.00"", ""review_rows"": ""100""}",search+review_api+offline_enriched,2026-02-14 23:46:20
l8tjFiD1y9APJXzJ,金唱纳量贩式KTV(石景山店),八角西街68号(太阳岛宾馆后侧),石景山区,116.199655,39.90865,3.7,329.0,,,"[{""title"": ""套餐（评论提及）"", ""price_hint"": ""100,66,298"", ""mentions"": ""8"", ""source"": ""review_text""}, {""title"": ""团购（评论提及）"", ""price_hint"": ""100,66,298"", ""mentions"": ""5"", ""source"": ""review_text""}, {""title"": ""欢唱时长（评论提及）"", ""price_hint"": ""100,66,298"", ""mentions"": ""14"", ""source"": ""review_text""}, {""title"": ""酒水相关（评论提及）"", ""price_hint"": ""100,66,298"", ""mentions"": ""14"", ""source"": ""review_text""}, {""title"": ""包厢相关（评论提及）"", ""price_hint"": ""100,66,298"", ""mentions"": ""4"", ""source"": ""review_text""}]",5.0,,,"{""category"": """", ""region"": """", ""shop_region"": ""北京 / 古城/八角 / 量贩式KTV"", ""amap_best_name"": ""金唱纳量贩式KTV(石景山店)"", ""amap_best_score"": ""1.0000"", ""amap_min_score_applied"": ""0.00"", ""review_rows"": ""100""}",search+review_api+offline_enriched,2026-02-14 23:46:21
H2Q9FOa6qHBx2wJE,星聚会KTV(通明湖黑金店),北苑东路龙湖北苑天街B馆6F(北苑地铁站A2口步行420米),朝阳区,116.438772,40.042799,4.3,85.0,,,"[{""title"": ""套餐（评论提及）"", ""price_hint"": ""88"", ""mentions"": ""2"", ""source"": ""review_text""}, {""title"": ""团购（评论提及）"", ""price_hint"": ""88"", ""mentions"": ""1"", ""source"": ""review_text""}, {""title"": ""欢唱时长（评论提及）"", ""price_hint"": ""88"", ""mentions"": ""2"", ""source"": ""review_text""}, {""title"": ""酒水相关（评论提及）"", ""price_hint"": ""88"", ""mentions"": ""2"", ""source"": ""review_text""}, {""title"": ""包厢相关（评论提及）"", ""price_hint"": ""88"", ""mentions"": ""7"", ""source"": ""review_text""}]",5.0,,,"{""category"": """", ""region"": """", ""shop_region"": ""北京 / 次渠 / 量贩式KTV"", ""amap_best_name"": ""星聚会KTV(北京龙湖北苑天街店)"", ""amap_best_score"": ""0.6087"", ""amap_min_score_applied"": ""0.00"", ""review_rows"": ""100""}",search+review_api+offline_enriched,2026-02-14 23:46:21
k3tZ2sC4a6BWHLsM,爱唱酷KTV(通州爱琴海店),次渠大街与亦庄通惠灌渠东路交叉口东南80米,通州区,116.573979,39.802534,4.1,530.0,,,"[{""title"": ""套餐（评论提及）"", ""price_hint"": ""95"", ""mentions"": ""6"", ""source"": ""review_text""}, {""title"": ""团购（评论提及）"", ""price_hint"": ""95"", ""mentions"": ""18"", ""source"": ""review_text""}, {""title"": ""欢唱时长（评论提及）"", ""price_hint"": ""95"", ""mentions"": ""15"", ""source"": ""review_text""}, {""title"": ""酒水相关（评论提及）"", ""price_hint"": ""95"", ""mentions"": ""4"", ""source"": ""review_text""}, {""title"": ""包厢相关（评论提及）"", ""price_hint"": ""95"", ""mentions"": ""9"", ""source"": ""review_text""}]",5.0,,,"{""category"": """", ""region"": """", ""shop_region"": ""北京 / 新华大街 / 量贩式KTV"", ""amap_best_name"": ""唱吧麦颂KTV(通州次渠店)"", ""amap_best_score"": ""0.5455"", ""amap_min_score_applied"": ""0.00"", ""review_rows"": ""100""}",search+review_api+offline_enriched,2026-02-14 23:46:22
G4TwagCEy7EBHlhU,酷秀KTV(大峡谷店),南三环西路16号凯德MALL·大峡谷F5层,丰台区,116.366335,39.854256,4.5,1125.0,,,"[{""title"": ""套餐（评论提及）"", ""price_hint"": ""88,149"", ""mentions"": ""9"", ""source"": ""review_text""}, {""title"": ""团购（评论提及）"", ""price_hint"": ""88,149"", ""mentions"": ""10"", ""source"": ""review_text""}, {""title"": ""欢唱时长（评论提及）"", ""price_hint"": ""88,149"", ""mentions"": ""20"", ""source"": ""review_text""}, {""title"": ""酒水相关（评论提及）"", ""price_hint"": ""88,149"", ""mentions"": ""4"", ""source"": ""review_text""}, {""title"": ""包厢相关（评论提及）"", ""price_hint"": ""88,149"", ""mentions"": ""8"", ""source"": ""review_text""}]",5.0,,,"{""category"": """", ""region"": """", ""shop_region"": ""北京 / 马家堡/角门 / 量贩式KTV"", ""amap_best_name"": ""酷秀KTV·派对(大峡谷店)"", ""amap_best_score"": ""0.8889"", ""amap_min_score_applied"": ""0.00"", ""review_rows"": ""100""}",search+review_api+offline_enriched,2026-02-14 23:46:22
l2k6b3WGm4WTjIxC,唱吧麦颂KTV(枫蓝国际购物中心店),北京城区北三环西路99号院1号楼,海淀区,116.309117,39.963808,3.8,1592.0,,,"[{""title"": ""套餐（评论提及）"", ""price_hint"": """", ""mentions"": ""10"", ""source"": ""review_text""}, {""title"": ""团购（评论提及）"", ""price_hint"": """", ""mentions"": ""4"", ""source"": ""review_text""}, {""title"": ""欢唱时长（评论提及）"", ""price_hint"": """", ""mentions"": ""19"", ""source"": ""review_text""}, {""title"": ""酒水相关（评论提及）"", ""price_hint"": """", ""mentions"": ""9"", ""source"": ""review_text""}, {""title"": ""包厢相关（评论提及）"", ""price_hint"": """", ""mentions"": ""11"", ""source"": ""review_text""}]",5.0,,,"{""category"": """", ""region"": """", ""shop_region"": ""北京 / 西直门/动物园 / 量贩式KTV"", ""amap_best_name"": ""唱吧麦颂KTV(西海国际中心店)"", ""amap_best_score"": ""0.7857"", ""amap_min_score_applied"": ""0.00"", ""review_rows"": ""100""}",search+review_api+offline_enriched,2026-02-14 23:46:23
k8aY1WPMW9INenug,京樽量贩式KTV,天通北苑三区北1门西240米,昌平区,116.429001,40.079149,3.2,59.0,,,"[{""title"": ""套餐（评论提及）"", ""price_hint"": ""128,100"", ""mentions"": ""3"", ""source"": ""review_text""}, {""title"": ""团购（评论提及）"", ""price_hint"": ""128,100"", ""mentions"": ""11"", ""source"": ""review_text""}, {""title"": ""欢唱时长（评论提及）"", ""price_hint"": ""128,100"", ""mentions"": ""14"", ""source"": ""review_text""}, {""title"": ""酒水相关（评论提及）"", ""price_hint"": ""128,100"", ""mentions"": ""8"", ""source"": ""review_text""}, {""title"": ""包厢相关（评论提及）"", ""price_hint"": ""128,100"", ""mentions"": ""6"", ""source"": ""review_text""}]",5.0,,,"{""category"": """", ""region"": """", ""shop_region"": ""北京 / 天通苑 / 量贩式KTV"", ""amap_best_name"": ""京樽量贩式KTV"", ""amap_best_score"": ""1.0000"", ""amap_min_score_applied"": ""0.00"", ""review_rows"": ""100""}",search+review_api+offline_enriched,2026-02-14 23:46:23
G39GJwH2RgDJXMna,星聚会KTV(北京超极合生汇店),北京城区北清路1号院15号楼地上2层10-L2-01,昌平区,116.293007,40.098309,4.4,1321.0,,,"[{""title"": ""套餐（评论提及）"", ""price_hint"": ""425,1288"", ""mentions"": ""13"", ""source"": ""review_text""}, {""title"": ""团购（评论提及）"", ""price_hint"": ""425,1288"", ""mentions"": ""2"", ""source"": ""review_text""}, {""title"": ""欢唱时长（评论提及）"", ""price_hint"": ""425,1288"", ""mentions"": ""13"", ""source"": ""review_text""}, {""title"": ""酒水相关（评论提及）"", ""price_hint"": ""425,1288"", ""mentions"": ""4"", ""source"": ""review_text""}, {""title"": ""包厢相关（评论提及）"", ""price_hint"": ""425,1288"", ""mentions"": ""5"", ""source"": ""review_text""}]",5.0,,,"{""category"": """", ""region"": """", ""shop_region"": ""北京 / 回龙观商圈 / 量贩式KTV"", ""amap_best_name"": ""星聚会KTV(北京超极合生汇店)"", ""amap_best_score"": ""1.0000"", ""amap_min_score_applied"": ""0.00"", ""review_rows"": ""100""}",search+review_api+offline_enriched,2026-02-14 23:46:24
k47FEoGIWzXdnEA6,星聚会KTV(北京密云区万象汇店),北京城区青年北路35号院1号楼2层L203、L204、L205,朝阳区,116.516015,39.941242,4.4,64.0,,,"[{""title"": ""套餐（评论提及）"", ""price_hint"": """", ""mentions"": ""1"", ""source"": ""review_text""}, {""title"": ""团购（评论提及）"", ""price_hint"": """", ""mentions"": ""2"", ""source"": ""review_text""}, {""title"": ""欢唱时长（评论提及）"", ""price_hint"": """", ""mentions"": ""3"", ""source"": ""review_text""}, {""title"": ""包厢相关（评论提及）"", ""price_hint"": """", ""mentions"": ""8"", ""source"": ""review_text""}]",4.0,,,"{""category"": """", ""region"": """", ""shop_region"": ""密云区 / 密云县县城 / 量贩式KTV"", ""amap_best_name"": ""星聚会KTV(北京姚家园万象汇店)"", ""amap_best_score"": ""0.7500"", ""amap_min_score_applied"": ""0.00"", ""review_rows"": ""100""}",search+review_api+offline_enriched,2026-02-14 23:46:24
H276P7y9GoVLj5oA,极格线 KTV(通州果园店),九棵树东路砖厂南里48号楼3层301,通州区,116.694603,39.870724,4.6,421.0,,,"[{""title"": ""套餐（评论提及）"", ""price_hint"": """", ""mentions"": ""4"", ""source"": ""review_text""}, {""title"": ""团购（评论提及）"", ""price_hint"": """", ""mentions"": ""4"", ""source"": ""review_text""}, {""title"": ""欢唱时长（评论提及）"", ""price_hint"": """", ""mentions"": ""5"", ""source"": ""review_text""}, {""title"": ""包厢相关（评论提及）"", ""price_hint"": """", ""mentions"": ""6"", ""source"": ""review_text""}]",4.0,,,"{""category"": """", ""region"": """", ""shop_region"": ""北京 / 果园 / 量贩式KTV"", ""amap_best_name"": ""极格线KTV(通州土桥店)"", ""amap_best_score"": ""0.8000"", ""amap_min_score_applied"": ""0.00"", ""review_rows"": ""100""}",search+review_api+offline_enriched,2026-02-14 23:46:25
EroTejpxxq6DhRj1,星聚会KTV(鸟巢国家会议中心店),北京城区丹棱街甲1号6层601-03号,海淀区,116.314805,39.979257,3.6,104.0,,,"[{""title"": ""套餐（评论提及）"", ""price_hint"": """", ""mentions"": ""2"", ""source"": ""review_text""}, {""title"": ""团购（评论提及）"", ""price_hint"": """", ""mentions"": ""3"", ""source"": ""review_text""}, {""title"": ""欢唱时长（评论提及）"", ""price_hint"": """", ""mentions"": ""4"", ""source"": ""review_text""}, {""title"": ""酒水相关（评论提及）"", ""price_hint"": """", ""mentions"": ""3"", ""source"": ""review_text""}, {""title"": ""包厢相关（评论提及）"", ""price_hint"": """", ""mentions"": ""8"", ""source"": ""review_text""}]",5.0,,,"{""category"": """", ""region"": """", ""shop_region"": ""北京 / 亚运村商圈 / 量贩式KTV"", ""amap_best_name"": ""星聚会ktv(中关村领展店)"", ""amap_best_score"": ""0.5600"", ""amap_min_score_applied"": ""0.00"", ""review_rows"": ""100""}",search+review_api+offline_enriched,2026-02-14 23:46:25
l5q1RBTJhSSiX8gl,麦浪PARTY 量贩式KTV(榆垡店),航程世界坊三层,大兴区,116.301125,39.514975,4.0,96.0,,,"[{""title"": ""套餐（评论提及）"", ""price_hint"": """", ""mentions"": ""2"", ""source"": ""review_text""}, {""title"": ""团购（评论提及）"", ""price_hint"": """", ""mentions"": ""4"", ""source"": ""review_text""}, {""title"": ""欢唱时长（评论提及）"", ""price_hint"": """", ""mentions"": ""5"", ""source"": ""review_text""}, {""title"": ""包厢相关（评论提及）"", ""price_hint"": """", ""mentions"": ""10"", ""source"": ""review_text""}]",4.0,,,"{""category"": """", ""region"": """", ""shop_region"": ""北京 / 空港社区 / 量贩式KTV"", ""amap_best_name"": ""麦浪PARTY量贩式KTV(榆垡店)"", ""amap_best_score"": ""1.0000"", ""amap_min_score_applied"": ""0.00"", ""review_rows"": ""100""}",search+review_api+offline_enriched,2026-02-14 23:46:26
l7rKc4uYLvZ28FI5,星聚会KTV(上岸长安天街店),新城大街与金安路交叉口(上岸地铁站出入口旁)北京长安天街F5层,门头沟区,116.123586,39.905055,4.7,1015.0,,,"[{""title"": ""套餐（评论提及）"", ""price_hint"": ""78"", ""mentions"": ""8"", ""source"": ""review_text""}, {""title"": ""团购（评论提及）"", ""price_hint"": ""78"", ""mentions"": ""5"", ""source"": ""review_text""}, {""title"": ""欢唱时长（评论提及）"", ""price_hint"": ""78"", ""mentions"": ""12"", ""source"": ""review_text""}, {""title"": ""酒水相关（评论提及）"", ""price_hint"": ""78"", ""mentions"": ""6"", ""source"": ""review_text""}, {""title"": ""包厢相关（评论提及）"", ""price_hint"": ""78"", ""mentions"": ""9"", ""source"": ""review_text""}]",5.0,,,"{""category"": """", ""region"": """", ""shop_region"": ""门头沟区 / 门头沟城区 / 量贩式KTV"", ""amap_best_name"": ""星聚会(北京长安天街店)"", ""amap_best_score"": ""0.9091"", ""amap_min_score_applied"": ""0.00"", ""review_rows"": ""100""}",search+review_api+offline_enriched,2026-02-14 23:46:26
k4qJse26L496zv0X,同乐迪智慧KTV(望京西路店),望京西路41号望京信万广场6层,朝阳区,116.456374,39.994681,4.2,1309.0,,,"[{""title"": ""套餐（评论提及）"", ""price_hint"": """", ""mentions"": ""4"", ""source"": ""review_text""}, {""title"": ""团购（评论提及）"", ""price_hint"": """", ""mentions"": ""8"", ""source"": ""review_text""}, {""title"": ""欢唱时长（评论提及）"", ""price_hint"": """", ""mentions"": ""11"", ""source"": ""review_text""}, {""title"": ""酒水相关（评论提及）"", ""price_hint"": """", ""mentions"": ""5"", ""source"": ""review_text""}, {""title"": ""包厢相关（评论提及）"", ""price_hint"": """", ""mentions"": ""4"", ""source"": ""review_text""}]",5.0,,,"{""category"": """", ""region"": """", ""shop_region"": ""北京 / 望京 / 量贩式KTV"", ""amap_best_name"": ""同乐迪KTV(望京信万广场店)"", ""amap_best_score"": ""0.6667"", ""amap_min_score_applied"": ""0.00"", ""review_rows"": ""100""}",search+review_api+offline_enriched,2026-02-14 23:46:27
G9zbAItUe9gaCayc,π對星·派对KTV(国奥店),北京城区林萃西里16号2层F2-13,朝阳区,116.372123,40.009992,4.7,3286.0,,,"[{""title"": ""套餐（评论提及）"", ""price_hint"": """", ""mentions"": ""1"", ""source"": ""review_text""}, {""title"": ""团购（评论提及）"", ""price_hint"": """", ""mentions"": ""2"", ""source"": ""review_text""}, {""title"": ""欢唱时长（评论提及）"", ""price_hint"": """", ""mentions"": ""5"", ""source"": ""review_text""}, {""title"": ""酒水相关（评论提及）"", ""price_hint"": """", ""mentions"": ""8"", ""source"": ""review_text""}, {""title"": ""包厢相关（评论提及）"", ""price_hint"": """", ""mentions"": ""11"", ""source"": ""review_text""}]",5.0,,,"{""category"": """", ""region"": """", ""shop_region"": ""北京 / 五道口 / 量贩式KTV"", ""amap_best_name"": ""π對星·派对KTV(国奥店)"", ""amap_best_score"": ""1.0000"", ""amap_min_score_applied"": ""0.00"", ""review_rows"": ""100""}",search+review_api+offline_enriched,2026-02-14 23:46:27
EPsi0ghegvv6WwtN,唱吧麦颂KTV(九棵树店),翠景北里1号楼阳光生活广场,通州区,116.657227,39.889319,4.8,540.0,,,"[{""title"": ""套餐（评论提及）"", ""price_hint"": ""48"", ""mentions"": ""2"", ""source"": ""review_text""}, {""title"": ""团购（评论提及）"", ""price_hint"": ""48"", ""mentions"": ""5"", ""source"": ""review_text""}, {""title"": ""欢唱时长（评论提及）"", ""price_hint"": ""48"", ""mentions"": ""7"", ""source"": ""review_text""}, {""title"": ""酒水相关（评论提及）"", ""price_hint"": ""48"", ""mentions"": ""3"", ""source"": ""review_text""}, {""title"": ""包厢相关（评论提及）"", ""price_hint"": ""48"", ""mentions"": ""8"", ""source"": ""review_text""}]",5.0,,,"{""category"": """", ""region"": """", ""shop_region"": ""北京 / 九棵树商圈 / 量贩式KTV"", ""amap_best_name"": ""唱吧麦颂KTV(九棵树店)"", ""amap_best_score"": ""1.0000"", ""amap_min_score_applied"": ""0.00"", ""review_rows"": ""100""}",search+review_api+offline_enriched,2026-02-14 23:46:27
G1cSVlSNjKRzwGwG,星光大道量贩式KTV(亦庄店),荣华中路11号锦江富园大酒店B1层,大兴区,116.503917,39.799336,3.8,1715.0,,,"[{""title"": ""套餐（评论提及）"", ""price_hint"": """", ""mentions"": ""7"", ""source"": ""review_text""}, {""title"": ""团购（评论提及）"", ""price_hint"": """", ""mentions"": ""9"", ""source"": ""review_text""}, {""title"": ""欢唱时长（评论提及）"", ""price_hint"": """", ""mentions"": ""9"", ""source"": ""review_text""}, {""title"": ""酒水相关（评论提及）"", ""price_hint"": """", ""mentions"": ""7"", ""source"": ""review_text""}, {""title"": ""包厢相关（评论提及）"", ""price_hint"": """", ""mentions"": ""8"", ""source"": ""review_text""}]",5.0,,,"{""category"": """", ""region"": """", ""shop_region"": ""北京 / 亦庄 / 量贩式KTV"", ""amap_best_name"": ""星光大道量贩式KTV(亦庄店)"", ""amap_best_score"": ""1.0000"", ""amap_min_score_applied"": ""0.00"", ""review_rows"": ""100""}",search+review_api+offline_enriched,2026-02-14 23:46:28
GazTtDipLJoU6Hza,劲酷劲唱KTV(亦庄店),荣华南路16号中冀斯巴鲁大厦-1层,大兴区,116.517834,39.784585,4.0,384.0,,,"[{""title"": ""套餐（评论提及）"", ""price_hint"": ""40"", ""mentions"": ""6"", ""source"": ""review_text""}, {""title"": ""团购（评论提及）"", ""price_hint"": ""40"", ""mentions"": ""6"", ""source"": ""review_text""}, {""title"": ""欢唱时长（评论提及）"", ""price_hint"": ""40"", ""mentions"": ""9"", ""source"": ""review_text""}, {""title"": ""酒水相关（评论提及）"", ""price_hint"": ""40"", ""mentions"": ""3"", ""source"": ""review_text""}, {""title"": ""包厢相关（评论提及）"", ""price_hint"": ""40"", ""mentions"": ""10"", ""source"": ""review_text""}]",5.0,,,"{""category"": """", ""region"": """", ""shop_region"": ""北京 / 亦庄 / 量贩式KTV"", ""amap_best_name"": ""劲酷劲唱量贩式KTV"", ""amap_best_score"": ""0.6954"", ""amap_min_score_applied"": ""0.00"", ""review_rows"": ""100""}",search+review_api+offline_enriched,2026-02-14 23:46:28
G7bvsUbvUqKDeuJT,十三K·PARTY KTV(丰台春风里店),新宫地铁站D西南口步行300米,丰台区,116.364934,39.809849,4.8,690.0,,,"[{""title"": ""套餐（评论提及）"", ""price_hint"": ""177,30"", ""mentions"": ""8"", ""source"": ""review_text""}, {""title"": ""团购（评论提及）"", ""price_hint"": ""177,30"", ""mentions"": ""16"", ""source"": ""review_text""}, {""title"": ""欢唱时长（评论提及）"", ""price_hint"": ""177,30"", ""mentions"": ""18"", ""source"": ""review_text""}, {""title"": ""酒水相关（评论提及）"", ""price_hint"": ""177,30"", ""mentions"": ""2"", ""source"": ""review_text""}, {""title"": ""包厢相关（评论提及）"", ""price_hint"": ""177,30"", ""mentions"": ""10"", ""source"": ""review_text""}]",5.0,,,"{""category"": """", ""region"": """", ""shop_region"": ""北京 / 新宫 / 量贩式KTV"", ""amap_best_name"": ""十三K·PARTY·KTV(丰台春风里店)"", ""amap_best_score"": ""1.0000"", ""amap_min_score_applied"": ""0.00"", ""review_rows"": ""100""}",search+review_api+offline_enriched,2026-02-14 23:46:29
G689b4jtvYvbTu3V,唱吧麦颂KTV(大成路翠微百货店),大成路8号翠微百货5层,丰台区,116.265451,39.888395,4.3,786.0,,,"[{""title"": ""套餐（评论提及）"", ""price_hint"": """", ""mentions"": ""3"", ""source"": ""review_text""}, {""title"": ""团购（评论提及）"", ""price_hint"": """", ""mentions"": ""5"", ""source"": ""review_text""}, {""title"": ""欢唱时长（评论提及）"", ""price_hint"": """", ""mentions"": ""4"", ""source"": ""review_text""}, {""title"": ""酒水相关（评论提及）"", ""price_hint"": """", ""mentions"": ""3"", ""source"": ""review_text""}, {""title"": ""包厢相关（评论提及）"", ""price_hint"": """", ""mentions"": ""1"", ""source"": ""review_text""}]",5.0,,,"{""category"": """", ""region"": """", ""shop_region"": ""北京 / 青塔商圈 / 量贩式KTV"", ""amap_best_name"": ""唱吧麦颂KTV(翠微百货大成路店)"", ""amap_best_score"": ""0.7857"", ""amap_min_score_applied"": ""0.00"", ""review_rows"": ""100""}",search+review_api+offline_enriched,2026-02-14 23:46:29
H773LpEZwqi8LXtF,NO.9PARTY·K 量贩纯K(丽泽店),立汤路辅路与中滩村北三街交叉口西南160米,昌平区,116.411775,40.063625,3.9,29.0,,,"[{""title"": ""套餐（评论提及）"", ""price_hint"": """", ""mentions"": ""1"", ""source"": ""review_text""}, {""title"": ""欢唱时长（评论提及）"", ""price_hint"": """", ""mentions"": ""1"", ""source"": ""review_text""}, {""title"": ""酒水相关（评论提及）"", ""price_hint"": """", ""mentions"": ""1"", ""source"": ""review_text""}, {""title"": ""包厢相关（评论提及）"", ""price_hint"": """", ""mentions"": ""3"", ""source"": ""review_text""}]",4.0,,,"{""category"": """", ""region"": """", ""shop_region"": ""北京 / 六里桥/丽泽桥 / 量贩式KTV"", ""amap_best_name"": ""A-party KTV(未来城店)"", ""amap_best_score"": ""0.5714"", ""amap_min_score_applied"": ""0.00"", ""review_rows"": ""47""}",search+review_api+offline_enriched,2026-02-14 23:46:30
jnZIEZb9U43FFzZa,酷秀KTV(亦庄店),北京城区荣华街道北京经济技术开发区荣华中路8号院1号楼华联BHGMall4层F4-08,大兴区,116.501401,39.804712,4.2,364.0,,,"[{""title"": ""套餐（评论提及）"", ""price_hint"": ""300,28"", ""mentions"": ""13"", ""source"": ""review_text""}, {""title"": ""团购（评论提及）"", ""price_hint"": ""300,28"", ""mentions"": ""17"", ""source"": ""review_text""}, {""title"": ""欢唱时长（评论提及）"", ""price_hint"": ""300,28"", ""mentions"": ""22"", ""source"": ""review_text""}, {""title"": ""酒水相关（评论提及）"", ""price_hint"": ""300,28"", ""mentions"": ""7"", ""source"": ""review_text""}, {""title"": ""包厢相关（评论提及）"", ""price_hint"": ""300,28"", ""mentions"": ""8"", ""source"": ""review_text""}]",5.0,,,"{""category"": """", ""region"": """", ""shop_region"": ""北京 / 亦庄 / 量贩式KTV"", ""amap_best_name"": ""酷秀KTV(亦庄华联店)"", ""amap_best_score"": ""0.8750"", ""amap_min_score_applied"": ""0.00"", ""review_rows"": ""100""}",search+review_api+offline_enriched,2026-02-14 23:46:30
F9sg6Y29lYkEGTFA,九天夜舞KTV,北京城区中国太平路21号,海淀区,116.281133,39.897505,0.0,8.0,,,"[{""title"": ""酒水相关（评论提及）"", ""price_hint"": """", ""mentions"": ""1"", ""source"": ""review_text""}]",1.0,,,"{""category"": """", ""region"": """", ""shop_region"": ""北京 / 黄村 / 休闲娱乐"", ""amap_best_name"": ""金满天"", ""amap_best_score"": ""0.2857"", ""amap_min_score_applied"": ""0.00"", ""review_rows"": ""8""}",search+review_api+offline_enriched,2026-02-14 23:46:31
k4ziCV4meN90He23,青蛙王子量贩式KTV(望京港旅大厦店),大灰厂向北500米路东(西王佐红绿灯向北),丰台区,116.130051,39.816472,4.8,764.0,,,"[{""title"": ""套餐（评论提及）"", ""price_hint"": ""190,68,45"", ""mentions"": ""6"", ""source"": ""review_text""}, {""title"": ""团购（评论提及）"", ""price_hint"": ""190,68,45"", ""mentions"": ""8"", ""source"": ""review_text""}, {""title"": ""欢唱时长（评论提及）"", ""price_hint"": ""190,68,45"", ""mentions"": ""8"", ""source"": ""review_text""}, {""title"": ""酒水相关（评论提及）"", ""price_hint"": ""190,68,45"", ""mentions"": ""6"", ""source"": ""review_text""}, {""title"": ""包厢相关（评论提及）"", ""price_hint"": ""190,68,45"", ""mentions"": ""2"", ""source"": ""review_text""}]",5.0,,,"{""category"": """", ""region"": """", ""shop_region"": ""北京 / 望京 / 量贩式KTV"", ""amap_best_name"": ""青蛙王子量贩式KTV(王佐店)"", ""amap_best_score"": ""0.6364"", ""amap_min_score_applied"": ""0.00"", ""review_rows"": ""100""}",search+review_api+offline_enriched,2026-02-14 23:46:31
Ga6mZjnfYl72h70E,星聚会KTV(北京酒仙桥新番时光里店),宏源大厦西门停车场内新番时光里商场2层,朝阳区,116.490418,39.984974,4.6,980.0,,,"[{""title"": ""套餐（评论提及）"", ""price_hint"": ""300"", ""mentions"": ""7"", ""source"": ""review_text""}, {""title"": ""团购（评论提及）"", ""price_hint"": ""300"", ""mentions"": ""5"", ""source"": ""review_text""}, {""title"": ""欢唱时长（评论提及）"", ""price_hint"": ""300"", ""mentions"": ""23"", ""source"": ""review_text""}, {""title"": ""酒水相关（评论提及）"", ""price_hint"": ""300"", ""mentions"": ""8"", ""source"": ""review_text""}, {""title"": ""包厢相关（评论提及）"", ""price_hint"": ""300"", ""mentions"": ""5"", ""source"": ""review_text""}]",5.0,,,"{""category"": """", ""region"": """", ""shop_region"": ""北京 / 798/大山子 / 量贩式KTV"", ""amap_best_name"": ""星聚会KTV(酒仙桥时光里店)"", ""amap_best_score"": ""0.9231"", ""amap_min_score_applied"": ""0.00"", ""review_rows"": ""100""}",search+review_api+offline_enriched,2026-02-14 23:46:32
G8DWwEuhEhhvci8m,唱吧麦颂KTV(大兴鸿坤广场店),北京城区东中街九号东环广场A座b1,东城区,116.43616,39.937828,4.4,623.0,,,"[{""title"": ""套餐（评论提及）"", ""price_hint"": """", ""mentions"": ""7"", ""source"": ""review_text""}, {""title"": ""团购（评论提及）"", ""price_hint"": """", ""mentions"": ""7"", ""source"": ""review_text""}, {""title"": ""欢唱时长（评论提及）"", ""price_hint"": """", ""mentions"": ""9"", ""source"": ""review_text""}, {""title"": ""包厢相关（评论提及）"", ""price_hint"": """", ""mentions"": ""6"", ""source"": ""review_text""}]",4.0,,,"{""category"": """", ""region"": """", ""shop_region"": ""北京 / 西红门 / 量贩式KTV"", ""amap_best_name"": ""唱吧麦颂KTV(东环广场店)"", ""amap_best_score"": ""0.7500"", ""amap_min_score_applied"": ""0.00"", ""review_rows"": ""100""}",search+review_api+offline_enriched,2026-02-14 23:46:32
H8Gim5DNU61lU3fE,星港汇 量贩式KTV(慈云寺店),北京城区八里庄东里樱辉财富广场4楼401,朝阳区,116.496022,39.916014,4.8,277.0,,,"[{""title"": ""套餐（评论提及）"", ""price_hint"": """", ""mentions"": ""6"", ""source"": ""review_text""}, {""title"": ""团购（评论提及）"", ""price_hint"": """", ""mentions"": ""4"", ""source"": ""review_text""}, {""title"": ""欢唱时长（评论提及）"", ""price_hint"": """", ""mentions"": ""6"", ""source"": ""review_text""}, {""title"": ""酒水相关（评论提及）"", ""price_hint"": """", ""mentions"": ""2"", ""source"": ""review_text""}, {""title"": ""包厢相关（评论提及）"", ""price_hint"": """", ""mentions"": ""9"", ""source"": ""review_text""}]",5.0,,,"{""category"": """", ""region"": """", ""shop_region"": ""北京 / 慈云寺/八里庄 / 量贩式KTV"", ""amap_best_name"": ""酷秀KTV·派对(慈云寺店)"", ""amap_best_score"": ""0.6316"", ""amap_min_score_applied"": ""0.00"", ""review_rows"": ""100""}",search+review_api+offline_enriched,2026-02-14 23:46:33
G3vBEH7Ok7HSSCWV,唱吧麦颂KTV(松园路店),府学路25号,昌平区,116.250913,40.22162,4.6,577.0,,,"[{""title"": ""套餐（评论提及）"", ""price_hint"": """", ""mentions"": ""8"", ""source"": ""review_text""}, {""title"": ""团购（评论提及）"", ""price_hint"": """", ""mentions"": ""1"", ""source"": ""review_text""}, {""title"": ""欢唱时长（评论提及）"", ""price_hint"": """", ""mentions"": ""8"", ""source"": ""review_text""}, {""title"": ""酒水相关（评论提及）"", ""price_hint"": """", ""mentions"": ""2"", ""source"": ""review_text""}, {""title"": ""包厢相关（评论提及）"", ""price_hint"": """", ""mentions"": ""4"", ""source"": ""review_text""}]",5.0,,,"{""category"": """", ""region"": """", ""shop_region"": ""北京 / 昌平镇 / 量贩式KTV"", ""amap_best_name"": ""唱吧麦颂KTV(松园路店)"", ""amap_best_score"": ""1.0000"", ""amap_min_score_applied"": ""0.00"", ""review_rows"": ""100""}",search+review_api+offline_enriched,2026-02-14 23:46:33
k8la0UrCOkD5uZar,魅KTV·AI辅唱(大悦春风里店),北三环东路33号苏宁易购西侧4层,东城区,116.409872,39.969401,3.9,53.0,,,"[{""title"": ""欢唱时长（评论提及）"", ""price_hint"": """", ""mentions"": ""3"", ""source"": ""review_text""}, {""title"": ""包厢相关（评论提及）"", ""price_hint"": """", ""mentions"": ""9"", ""source"": ""review_text""}]",2.0,,,"{""category"": """", ""region"": """", ""shop_region"": ""北京 / 黄村 / 量贩式KTV"", ""amap_best_name"": ""魅KTV·AI辅唱(安贞桥店)"", ""amap_best_score"": ""0.6667"", ""amap_min_score_applied"": ""0.00"", ""review_rows"": ""91""}",search+review_api+offline_enriched,2026-02-14 23:46:33
G8C345uJAqmltHcK,唱吧麦颂KTV(石景山台湾街店),北京城区鲁谷路台湾街c区B1层,石景山区,116.239469,39.904182,3.6,1650.0,,,"[{""title"": ""套餐（评论提及）"", ""price_hint"": ""94,238,200"", ""mentions"": ""8"", ""source"": ""review_text""}, {""title"": ""团购（评论提及）"", ""price_hint"": ""94,238,200"", ""mentions"": ""3"", ""source"": ""review_text""}, {""title"": ""欢唱时长（评论提及）"", ""price_hint"": ""94,238,200"", ""mentions"": ""19"", ""source"": ""review_text""}, {""title"": ""酒水相关（评论提及）"", ""price_hint"": ""94,238,200"", ""mentions"": ""5"", ""source"": ""review_text""}, {""title"": ""包厢相关（评论提及）"", ""price_hint"": ""94,238,200"", ""mentions"": ""2"", ""source"": ""review_text""}]",5.0,,,"{""category"": """", ""region"": """", ""shop_region"": ""北京 / 鲁谷商圈 / 量贩式KTV"", ""amap_best_name"": ""唱吧麦颂KTV(石景山台湾街店)"", ""amap_best_score"": ""1.0000"", ""amap_min_score_applied"": ""0.00"", ""review_rows"": ""100""}",search+review_api+offline_enriched,2026-02-14 23:46:34
k2AVTwLzP96Lnn2y,麦颂KTV(湾里王府井店),王府井大街253号五层001,东城区,116.410471,39.914313,4.4,87.0,,,"[{""title"": ""套餐（评论提及）"", ""price_hint"": """", ""mentions"": ""7"", ""source"": ""review_text""}, {""title"": ""团购（评论提及）"", ""price_hint"": """", ""mentions"": ""5"", ""source"": ""review_text""}, {""title"": ""欢唱时长（评论提及）"", ""price_hint"": """", ""mentions"": ""9"", ""source"": ""review_text""}, {""title"": ""酒水相关（评论提及）"", ""price_hint"": """", ""mentions"": ""2"", ""source"": ""review_text""}, {""title"": ""包厢相关（评论提及）"", ""price_hint"": """", ""mentions"": ""5"", ""source"": ""review_text""}]",5.0,,,"{""category"": """", ""region"": """", ""shop_region"": ""北京 / 土桥 / 量贩式KTV"", ""amap_best_name"": ""魅KTV(王府井步行街店)"", ""amap_best_score"": ""0.6000"", ""amap_min_score_applied"": ""0.00"", ""review_rows"": ""100""}",search+review_api+offline_enriched,2026-02-14 23:46:34
G9Y7iCHC0th66DeZ,唱吧麦颂ktv(大钟寺店),北京城区四道口2号院1号楼2层220号,海淀区,116.345375,39.960576,4.2,1531.0,,,"[{""title"": ""套餐（评论提及）"", ""price_hint"": """", ""mentions"": ""5"", ""source"": ""review_text""}, {""title"": ""团购（评论提及）"", ""price_hint"": """", ""mentions"": ""4"", ""source"": ""review_text""}, {""title"": ""欢唱时长（评论提及）"", ""price_hint"": """", ""mentions"": ""7"", ""source"": ""review_text""}, {""title"": ""酒水相关（评论提及）"", ""price_hint"": """", ""mentions"": ""5"", ""source"": ""review_text""}, {""title"": ""包厢相关（评论提及）"", ""price_hint"": """", ""mentions"": ""7"", ""source"": ""review_text""}]",5.0,,,"{""category"": """", ""region"": """", ""shop_region"": ""北京 / 北下关商圈 / 量贩式KTV"", ""amap_best_name"": ""唱吧麦颂KTV(大钟寺店)"", ""amap_best_score"": ""1.0000"", ""amap_min_score_applied"": ""0.00"", ""review_rows"": ""100""}",search+review_api+offline_enriched,2026-02-14 23:46:35
G25ohDfxZz8F9can,唱吧麦颂KTV(顺义鲁能美丽汇店),乾安路13号鲁能美丽汇购物中心F2层,顺义区,116.652259,40.179084,4.4,343.0,,,"[{""title"": ""套餐（评论提及）"", ""price_hint"": ""29"", ""mentions"": ""7"", ""source"": ""review_text""}, {""title"": ""团购（评论提及）"", ""price_hint"": ""29"", ""mentions"": ""9"", ""source"": ""review_text""}, {""title"": ""欢唱时长（评论提及）"", ""price_hint"": ""29"", ""mentions"": ""8"", ""source"": ""review_text""}, {""title"": ""酒水相关（评论提及）"", ""price_hint"": ""29"", ""mentions"": ""10"", ""source"": ""review_text""}, {""title"": ""包厢相关（评论提及）"", ""price_hint"": ""29"", ""mentions"": ""6"", ""source"": ""review_text""}]",5.0,,,"{""category"": """", ""region"": """", ""shop_region"": ""北京 / 马坡牛栏山镇 / 量贩式KTV"", ""amap_best_name"": ""唱吧麦颂KTV(鲁能美丽汇购物中心店)"", ""amap_best_score"": ""0.8000"", ""amap_min_score_applied"": ""0.00"", ""review_rows"": ""100""}",search+review_api+offline_enriched,2026-02-14 23:46:35
k3amrEqD1mAN4Z92,五方量贩式主题KTV(方庄店),方庄镇蒲芳路1-6方庄方城园美食街比格比萨地下室,丰台区,116.436567,39.866249,3.5,592.0,,,"[{""title"": ""套餐（评论提及）"", ""price_hint"": ""108,20"", ""mentions"": ""4"", ""source"": ""review_text""}, {""title"": ""团购（评论提及）"", ""price_hint"": ""108,20"", ""mentions"": ""5"", ""source"": ""review_text""}, {""title"": ""欢唱时长（评论提及）"", ""price_hint"": ""108,20"", ""mentions"": ""14"", ""source"": ""review_text""}, {""title"": ""酒水相关（评论提及）"", ""price_hint"": ""108,20"", ""mentions"": ""3"", ""source"": ""review_text""}, {""title"": ""包厢相关（评论提及）"", ""price_hint"": ""108,20"", ""mentions"": ""12"", ""source"": ""review_text""}]",5.0,,,"{""category"": """", ""region"": """", ""shop_region"": ""北京 / 方庄/蒲黄榆 / 量贩式KTV"", ""amap_best_name"": ""魅KTV(方庄店)"", ""amap_best_score"": ""0.6667"", ""amap_min_score_applied"": ""0.00"", ""review_rows"": ""100""}",search+review_api+offline_enriched,2026-02-14 23:46:36
k7KSwjIoPwc6ou3h,酷秀KTV(慈云寺店),北京城区八里庄东里樱辉财富广场4楼401,朝阳区,116.496022,39.916014,4.6,1169.0,,,"[{""title"": ""套餐（评论提及）"", ""price_hint"": ""40"", ""mentions"": ""11"", ""source"": ""review_text""}, {""title"": ""团购（评论提及）"", ""price_hint"": ""40"", ""mentions"": ""7"", ""source"": ""review_text""}, {""title"": ""欢唱时长（评论提及）"", ""price_hint"": ""40"", ""mentions"": ""8"", ""source"": ""review_text""}, {""title"": ""酒水相关（评论提及）"", ""price_hint"": ""40"", ""mentions"": ""5"", ""source"": ""review_text""}, {""title"": ""包厢相关（评论提及）"", ""price_hint"": ""40"", ""mentions"": ""11"", ""source"": ""review_text""}]",5.0,,,"{""category"": """", ""region"": """", ""shop_region"": ""北京 / 慈云寺/八里庄 / 量贩式KTV"", ""amap_best_name"": ""酷秀KTV·派对(慈云寺店)"", ""amap_best_score"": ""0.8889"", ""amap_min_score_applied"": ""0.00"", ""review_rows"": ""100""}",search+review_api+offline_enriched,2026-02-14 23:46:36
H1XO8UunIONA9tuH,π對星·派对KTV(慧谷国际店),樊阳路51号慧谷国际B1-111,丰台区,116.312525,39.828275,4.8,1840.0,,,"[{""title"": ""套餐（评论提及）"", ""price_hint"": ""68"", ""mentions"": ""2"", ""source"": ""review_text""}, {""title"": ""团购（评论提及）"", ""price_hint"": ""68"", ""mentions"": ""4"", ""source"": ""review_text""}, {""title"": ""欢唱时长（评论提及）"", ""price_hint"": ""68"", ""mentions"": ""14"", ""source"": ""review_text""}, {""title"": ""酒水相关（评论提及）"", ""price_hint"": ""68"", ""mentions"": ""12"", ""source"": ""review_text""}, {""title"": ""包厢相关（评论提及）"", ""price_hint"": ""68"", ""mentions"": ""10"", ""source"": ""review_text""}]",5.0,,,"{""category"": """", ""region"": """", ""shop_region"": ""北京 / 花乡/新发地 / 量贩式KTV"", ""amap_best_name"": ""派对星(慧谷国际店)"", ""amap_best_score"": ""0.8571"", ""amap_min_score_applied"": ""0.00"", ""review_rows"": ""100""}",search+review_api+offline_enriched,2026-02-14 23:46:37
k9AM7dZHZ9BcEHhW,魅KTV·AI辅唱(洋桥物美店),北三环东路33号苏宁易购西侧4层,东城区,116.409872,39.969401,4.3,373.0,,,"[{""title"": ""套餐（评论提及）"", ""price_hint"": """", ""mentions"": ""4"", ""source"": ""review_text""}, {""title"": ""团购（评论提及）"", ""price_hint"": """", ""mentions"": ""4"", ""source"": ""review_text""}, {""title"": ""欢唱时长（评论提及）"", ""price_hint"": """", ""mentions"": ""7"", ""source"": ""review_text""}, {""title"": ""酒水相关（评论提及）"", ""price_hint"": """", ""mentions"": ""5"", ""source"": ""review_text""}, {""title"": ""包厢相关（评论提及）"", ""price_hint"": """", ""mentions"": ""7"", ""source"": ""review_text""}]",5.0,,,"{""category"": """", ""region"": """", ""shop_region"": ""北京 / 洋桥/木樨园 / 量贩式KTV"", ""amap_best_name"": ""魅KTV·AI辅唱(安贞桥店)"", ""amap_best_score"": ""0.7826"", ""amap_min_score_applied"": ""0.00"", ""review_rows"": ""100""}",search+review_api+offline_enriched,2026-02-14 23:46:37
k5tm26EdZOvkOwgn,唱吧麦颂KTV(上地华联店),农大南路1号院1号楼上地华联南侧下沉广场B1层,海淀区,116.311686,40.027716,4.2,2340.0,,,"[{""title"": ""套餐（评论提及）"", ""price_hint"": ""38"", ""mentions"": ""2"", ""source"": ""review_text""}, {""title"": ""团购（评论提及）"", ""price_hint"": ""38"", ""mentions"": ""7"", ""source"": ""review_text""}, {""title"": ""欢唱时长（评论提及）"", ""price_hint"": ""38"", ""mentions"": ""11"", ""source"": ""review_text""}, {""title"": ""酒水相关（评论提及）"", ""price_hint"": ""38"", ""mentions"": ""5"", ""source"": ""review_text""}, {""title"": ""包厢相关（评论提及）"", ""price_hint"": ""38"", ""mentions"": ""5"", ""source"": ""review_text""}]",5.0,,,"{""category"": """", ""region"": """", ""shop_region"": ""北京 / 上地商圈 / 量贩式KTV"", ""amap_best_name"": ""唱吧麦颂KTV(北京上地华联店)"", ""amap_best_score"": ""1.0000"", ""amap_min_score_applied"": ""0.00"", ""review_rows"": ""100""}",search+review_api+offline_enriched,2026-02-14 23:46:38
HaTiUlsqEWAGkStE,酷秀KTV(亚运村店),北京城区安立路99号名人国际大酒店4F,朝阳区,116.407034,39.995784,4.8,174.0,,,"[{""title"": ""套餐（评论提及）"", ""price_hint"": """", ""mentions"": ""5"", ""source"": ""review_text""}, {""title"": ""团购（评论提及）"", ""price_hint"": """", ""mentions"": ""1"", ""source"": ""review_text""}, {""title"": ""欢唱时长（评论提及）"", ""price_hint"": """", ""mentions"": ""14"", ""source"": ""review_text""}, {""title"": ""酒水相关（评论提及）"", ""price_hint"": """", ""mentions"": ""3"", ""source"": ""review_text""}, {""title"": ""包厢相关（评论提及）"", ""price_hint"": """", ""mentions"": ""13"", ""source"": ""review_text""}]",5.0,,,"{""category"": """", ""region"": """", ""shop_region"": ""北京 / 亚运村商圈 / 量贩式KTV"", ""amap_best_name"": ""酷秀KTV(亚运村店)"", ""amap_best_score"": ""1.0000"", ""amap_min_score_applied"": ""0.00"", ""review_rows"": ""100""}",search+review_api+offline_enriched,2026-02-14 23:46:38
iTigC7bvCAOWXxrQ,壹号量贩式KTV(延庆大厦店),黄寺大街路15号佰隆大厦2层,朝阳区,116.388577,39.963499,4.8,82.0,,,"[{""title"": ""套餐（评论提及）"", ""price_hint"": """", ""mentions"": ""1"", ""source"": ""review_text""}, {""title"": ""团购（评论提及）"", ""price_hint"": """", ""mentions"": ""3"", ""source"": ""review_text""}, {""title"": ""欢唱时长（评论提及）"", ""price_hint"": """", ""mentions"": ""4"", ""source"": ""review_text""}, {""title"": ""酒水相关（评论提及）"", ""price_hint"": """", ""mentions"": ""2"", ""source"": ""review_text""}, {""title"": ""包厢相关（评论提及）"", ""price_hint"": """", ""mentions"": ""9"", ""source"": ""review_text""}]",5.0,,,"{""category"": """", ""region"": """", ""shop_region"": ""延庆区 / 延庆城区 / 量贩式KTV"", ""amap_best_name"": ""唱吧麦颂KTV(佰隆大厦店)"", ""amap_best_score"": ""0.5000"", ""amap_min_score_applied"": ""0.00"", ""review_rows"": ""100""}",search+review_api+offline_enriched,2026-02-14 23:46:38
k1fFfpOlNvJEDMEN,宝乐迪量贩KTV(熙悦天街店),熙悦天街B馆6层05-06,房山区,116.184978,39.734157,3.6,519.0,,,"[{""title"": ""套餐（评论提及）"", ""price_hint"": ""100,180,120"", ""mentions"": ""2"", ""source"": ""review_text""}, {""title"": ""团购（评论提及）"", ""price_hint"": ""100,180,120"", ""mentions"": ""11"", ""source"": ""review_text""}, {""title"": ""欢唱时长（评论提及）"", ""price_hint"": ""100,180,120"", ""mentions"": ""13"", ""source"": ""review_text""}, {""title"": ""酒水相关（评论提及）"", ""price_hint"": ""100,180,120"", ""mentions"": ""3"", ""source"": ""review_text""}, {""title"": ""包厢相关（评论提及）"", ""price_hint"": ""100,180,120"", ""mentions"": ""11"", ""source"": ""review_text""}]",5.0,,,"{""category"": """", ""region"": """", ""shop_region"": ""北京 / 良乡 / 量贩式KTV"", ""amap_best_name"": ""宝乐迪KTV(北京房山熙悦天街店)"", ""amap_best_score"": ""0.9091"", ""amap_min_score_applied"": ""0.00"", ""review_rows"": ""100""}",search+review_api+offline_enriched,2026-02-14 23:46:39
FRHN4UozYb384iEo,铂金汇KTV,北京城区中国松林西路5号,房山区,116.158052,39.75812,3.3,19.0,,,"[{""title"": ""套餐（评论提及）"", ""price_hint"": """", ""mentions"": ""1"", ""source"": ""review_text""}, {""title"": ""欢唱时长（评论提及）"", ""price_hint"": """", ""mentions"": ""3"", ""source"": ""review_text""}, {""title"": ""酒水相关（评论提及）"", ""price_hint"": """", ""mentions"": ""1"", ""source"": ""review_text""}, {""title"": ""包厢相关（评论提及）"", ""price_hint"": """", ""mentions"": ""4"", ""source"": ""review_text""}]",4.0,,,"{""category"": """", ""region"": """", ""shop_region"": ""北京 / 亦庄 / 量贩式KTV"", ""amap_best_name"": ""金海阁娱乐汇"", ""amap_best_score"": ""0.4444"", ""amap_min_score_applied"": ""0.00"", ""review_rows"": ""37""}",search+review_api+offline_enriched,2026-02-14 23:46:39
FpSK3WPyBn2jra8G,咏歌汇量贩KTV(双井店),美里食光商场(北京西站地铁站1东北入口步行370米),海淀区,116.322825,39.897475,3.6,257.0,,,"[{""title"": ""套餐（评论提及）"", ""price_hint"": ""10"", ""mentions"": ""2"", ""source"": ""review_text""}, {""title"": ""团购（评论提及）"", ""price_hint"": ""10"", ""mentions"": ""3"", ""source"": ""review_text""}, {""title"": ""欢唱时长（评论提及）"", ""price_hint"": ""10"", ""mentions"": ""4"", ""source"": ""review_text""}, {""title"": ""酒水相关（评论提及）"", ""price_hint"": ""10"", ""mentions"": ""14"", ""source"": ""review_text""}, {""title"": ""包厢相关（评论提及）"", ""price_hint"": ""10"", ""mentions"": ""12"", ""source"": ""review_text""}]",5.0,,,"{""category"": """", ""region"": """", ""shop_region"": ""北京 / 劲松/潘家园 / 量贩式KTV"", ""amap_best_name"": ""咏歌汇量贩式KTV(北京西站店)"", ""amap_best_score"": ""0.7500"", ""amap_min_score_applied"": ""0.00"", ""review_rows"": ""100""}",search+review_api+offline_enriched,2026-02-14 23:46:40
G5k5XSovzzwqExK4,星聚会KTV(宝迪商业中心店),北京城区丹棱街甲1号6层601-03号,海淀区,116.314805,39.979257,4.8,83.0,,,"[{""title"": ""套餐（评论提及）"", ""price_hint"": ""88,128"", ""mentions"": ""6"", ""source"": ""review_text""}, {""title"": ""团购（评论提及）"", ""price_hint"": ""88,128"", ""mentions"": ""4"", ""source"": ""review_text""}, {""title"": ""欢唱时长（评论提及）"", ""price_hint"": ""88,128"", ""mentions"": ""8"", ""source"": ""review_text""}, {""title"": ""酒水相关（评论提及）"", ""price_hint"": ""88,128"", ""mentions"": ""2"", ""source"": ""review_text""}, {""title"": ""包厢相关（评论提及）"", ""price_hint"": ""88,128"", ""mentions"": ""9"", ""source"": ""review_text""}]",5.0,,,"{""category"": """", ""region"": """", ""shop_region"": ""北京 / 北七家商圈 / 量贩式KTV"", ""amap_best_name"": ""星聚会ktv(中关村领展店)"", ""amap_best_score"": ""0.6087"", ""amap_min_score_applied"": ""0.00"", ""review_rows"": ""100""}",search+review_api+offline_enriched,2026-02-14 23:46:40
l7ftlQatShZbfg66,39度量贩KTV(北京西站店),美里食光商场(北京西站地铁站1东北入口步行370米),海淀区,116.322825,39.897475,3.9,428.0,,,"[{""title"": ""套餐（评论提及）"", ""price_hint"": """", ""mentions"": ""9"", ""source"": ""review_text""}, {""title"": ""团购（评论提及）"", ""price_hint"": """", ""mentions"": ""8"", ""source"": ""review_text""}, {""title"": ""欢唱时长（评论提及）"", ""price_hint"": """", ""mentions"": ""14"", ""source"": ""review_text""}, {""title"": ""酒水相关（评论提及）"", ""price_hint"": """", ""mentions"": ""6"", ""source"": ""review_text""}, {""title"": ""包厢相关（评论提及）"", ""price_hint"": """", ""mentions"": ""3"", ""source"": ""review_text""}]",5.0,,,"{""category"": """", ""region"": """", ""shop_region"": ""北京 / 北京西站/六里桥 / 量贩式KTV"", ""amap_best_name"": ""咏歌汇量贩式KTV(北京西站店)"", ""amap_best_score"": ""0.6250"", ""amap_min_score_applied"": ""0.00"", ""review_rows"": ""100""}",search+review_api+offline_enriched,2026-02-14 23:46:41
je1q4xkUfGUGPdHz,魔方量贩式KTV(隆福寺店),北京城区四道口2号院1号楼2层220号,海淀区,116.345375,39.960576,3.9,234.0,,,"[{""title"": ""套餐（评论提及）"", ""price_hint"": ""88,128"", ""mentions"": ""13"", ""source"": ""review_text""}, {""title"": ""团购（评论提及）"", ""price_hint"": ""88,128"", ""mentions"": ""12"", ""source"": ""review_text""}, {""title"": ""欢唱时长（评论提及）"", ""price_hint"": ""88,128"", ""mentions"": ""16"", ""source"": ""review_text""}, {""title"": ""酒水相关（评论提及）"", ""price_hint"": ""88,128"", ""mentions"": ""10"", ""source"": ""review_text""}, {""title"": ""包厢相关（评论提及）"", ""price_hint"": ""88,128"", ""mentions"": ""2"", ""source"": ""review_text""}]",5.0,,,"{""category"": """", ""region"": """", ""shop_region"": ""北京 / 东四商圈 / 量贩式KTV"", ""amap_best_name"": ""唱吧麦颂KTV(大钟寺店)"", ""amap_best_score"": ""0.4444"", ""amap_min_score_applied"": ""0.00"", ""review_rows"": ""100""}",search+review_api+offline_enriched,2026-02-14 23:46:42
k34TRGBd5iRQMz22,麦霸星球量贩式KTV(管庄地铁站店),朝阳路杨闸环岛朗庭大厦底商(管庄地铁站B1口步行450米),朝阳区,116.597989,39.911312,3.8,59.0,,,"[{""title"": ""套餐（评论提及）"", ""price_hint"": ""33,96"", ""mentions"": ""3"", ""source"": ""review_text""}, {""title"": ""团购（评论提及）"", ""price_hint"": ""33,96"", ""mentions"": ""7"", ""source"": ""review_text""}, {""title"": ""欢唱时长（评论提及）"", ""price_hint"": ""33,96"", ""mentions"": ""8"", ""source"": ""review_text""}, {""title"": ""酒水相关（评论提及）"", ""price_hint"": ""33,96"", ""mentions"": ""3"", ""source"": ""review_text""}, {""title"": ""包厢相关（评论提及）"", ""price_hint"": ""33,96"", ""mentions"": ""7"", ""source"": ""review_text""}]",5.0,,,"{""category"": """", ""region"": """", ""shop_region"": ""北京 / 管庄 / 量贩式KTV"", ""amap_best_name"": ""麦霸星球量贩式KTV(管庄店)"", ""amap_best_score"": ""0.8571"", ""amap_min_score_applied"": ""0.00"", ""review_rows"": ""100""}",search+review_api+offline_enriched,2026-02-14 23:46:43
l5cv4ulpzLyzT9bl,唱吧麦颂KTV(学院路店),北京城区学院路7号宏彧大厦三层,海淀区,116.351458,40.000328,4.0,5344.0,,,"[{""title"": ""套餐（评论提及）"", ""price_hint"": ""266"", ""mentions"": ""9"", ""source"": ""review_text""}, {""title"": ""团购（评论提及）"", ""price_hint"": ""266"", ""mentions"": ""7"", ""source"": ""review_text""}, {""title"": ""欢唱时长（评论提及）"", ""price_hint"": ""266"", ""mentions"": ""12"", ""source"": ""review_text""}, {""title"": ""酒水相关（评论提及）"", ""price_hint"": ""266"", ""mentions"": ""7"", ""source"": ""review_text""}, {""title"": ""包厢相关（评论提及）"", ""price_hint"": ""266"", ""mentions"": ""4"", ""source"": ""review_text""}]",5.0,,,"{""category"": """", ""region"": """", ""shop_region"": ""北京 / 学院桥/学院路 / 量贩式KTV"", ""amap_best_name"": ""唱吧麦颂KTV(北京学院路店)"", ""amap_best_score"": ""1.0000"", ""amap_min_score_applied"": ""0.00"", ""review_rows"": ""100""}",search+review_api+offline_enriched,2026-02-14 23:46:43
H4qjmTN0VzYLIxbS,极格线KTV(通州潞苑店),潞苑南大街富恒大厦三层301,通州区,116.674263,39.928545,4.4,343.0,,,"[{""title"": ""套餐（评论提及）"", ""price_hint"": ""10"", ""mentions"": ""7"", ""source"": ""review_text""}, {""title"": ""团购（评论提及）"", ""price_hint"": ""10"", ""mentions"": ""13"", ""source"": ""review_text""}, {""title"": ""欢唱时长（评论提及）"", ""price_hint"": ""10"", ""mentions"": ""11"", ""source"": ""review_text""}, {""title"": ""酒水相关（评论提及）"", ""price_hint"": ""10"", ""mentions"": ""7"", ""source"": ""review_text""}, {""title"": ""包厢相关（评论提及）"", ""price_hint"": ""10"", ""mentions"": ""14"", ""source"": ""review_text""}]",5.0,,,"{""category"": """", ""region"": """", ""shop_region"": ""北京 / 通州区 / 量贩式KTV"", ""amap_best_name"": ""极格线KTV(通州潞苑店)"", ""amap_best_score"": ""1.0000"", ""amap_min_score_applied"": ""0.00"", ""review_rows"": ""100""}",search+review_api+offline_enriched,2026-02-14 23:46:44
ka9HBRsZhcXK5qWR,星聚会KTV(门头沟华远坊店),北京城区新桥大街31号院1号楼、2号楼、3号楼及6幢3层S-5号楼301,门头沟区,116.099166,39.943123,4.8,251.0,,,"[{""title"": ""套餐（评论提及）"", ""price_hint"": ""98,68,690"", ""mentions"": ""5"", ""source"": ""review_text""}, {""title"": ""团购（评论提及）"", ""price_hint"": ""98,68,690"", ""mentions"": ""11"", ""source"": ""review_text""}, {""title"": ""欢唱时长（评论提及）"", ""price_hint"": ""98,68,690"", ""mentions"": ""14"", ""source"": ""review_text""}, {""title"": ""酒水相关（评论提及）"", ""price_hint"": ""98,68,690"", ""mentions"": ""3"", ""source"": ""review_text""}, {""title"": ""包厢相关（评论提及）"", ""price_hint"": ""98,68,690"", ""mentions"": ""5"", ""source"": ""review_text""}]",5.0,,,"{""category"": """", ""region"": """", ""shop_region"": ""门头沟区 / 门头沟城区 / 量贩式KTV"", ""amap_best_name"": ""星聚会ktv(华远坊店)"", ""amap_best_score"": ""0.8571"", ""amap_min_score_applied"": ""0.00"", ""review_rows"": ""100""}",search+review_api+offline_enriched,2026-02-14 23:46:44
k3nv58fbdFTPXQJq,宝乐汇量贩KTV(国润店),小井西路与西四环南路辅路交叉口东80米,丰台区,116.282249,39.869764,4.6,313.0,,,"[{""title"": ""套餐（评论提及）"", ""price_hint"": ""20"", ""mentions"": ""6"", ""source"": ""review_text""}, {""title"": ""团购（评论提及）"", ""price_hint"": ""20"", ""mentions"": ""6"", ""source"": ""review_text""}, {""title"": ""欢唱时长（评论提及）"", ""price_hint"": ""20"", ""mentions"": ""9"", ""source"": ""review_text""}, {""title"": ""酒水相关（评论提及）"", ""price_hint"": ""20"", ""mentions"": ""2"", ""source"": ""review_text""}, {""title"": ""包厢相关（评论提及）"", ""price_hint"": ""20"", ""mentions"": ""2"", ""source"": ""review_text""}]",5.0,,,"{""category"": """", ""region"": """", ""shop_region"": ""北京 / 北大地/万丰路 / 量贩式KTV"", ""amap_best_name"": ""宝乐汇量贩KTV国润店"", ""amap_best_score"": ""0.8571"", ""amap_min_score_applied"": ""0.00"", ""review_rows"": ""100""}",search+review_api+offline_enriched,2026-02-14 23:46:45
H88fPAxrbjUEXwCP,开心果KTV(亦庄上海沙龙店),天宝南街4号上海沙龙商业中心4层,大兴区,116.497781,39.79105,3.9,1588.0,,,"[{""title"": ""套餐（评论提及）"", ""price_hint"": """", ""mentions"": ""7"", ""source"": ""review_text""}, {""title"": ""团购（评论提及）"", ""price_hint"": """", ""mentions"": ""10"", ""source"": ""review_text""}, {""title"": ""欢唱时长（评论提及）"", ""price_hint"": """", ""mentions"": ""6"", ""source"": ""review_text""}, {""title"": ""酒水相关（评论提及）"", ""price_hint"": """", ""mentions"": ""1"", ""source"": ""review_text""}, {""title"": ""包厢相关（评论提及）"", ""price_hint"": """", ""mentions"": ""12"", ""source"": ""review_text""}]",5.0,,,"{""category"": """", ""region"": """", ""shop_region"": ""北京 / 亦庄 / 量贩式KTV"", ""amap_best_name"": ""开心果ktv(上海沙龙新天地天宝商业中心店)"", ""amap_best_score"": ""0.6452"", ""amap_min_score_applied"": ""0.00"", ""review_rows"": ""100""}",search+review_api+offline_enriched,2026-02-14 23:46:45
H5Z1ee8Gc73xeVd2,尚艺墅KTV(清河店),东升科技园生活服务中心3层,海淀区,116.355575,40.037466,3.3,555.0,,,"[{""title"": ""套餐（评论提及）"", ""price_hint"": ""1000,18,60"", ""mentions"": ""10"", ""source"": ""review_text""}, {""title"": ""团购（评论提及）"", ""price_hint"": ""1000,18,60"", ""mentions"": ""7"", ""source"": ""review_text""}, {""title"": ""欢唱时长（评论提及）"", ""price_hint"": ""1000,18,60"", ""mentions"": ""29"", ""source"": ""review_text""}, {""title"": ""酒水相关（评论提及）"", ""price_hint"": ""1000,18,60"", ""mentions"": ""9"", ""source"": ""review_text""}, {""title"": ""包厢相关（评论提及）"", ""price_hint"": ""1000,18,60"", ""mentions"": ""5"", ""source"": ""review_text""}]",5.0,,,"{""category"": """", ""region"": """", ""shop_region"": ""北京 / 清河商圈 / 量贩式KTV"", ""amap_best_name"": ""π對星·派对KTV(清河店)"", ""amap_best_score"": ""0.5882"", ""amap_min_score_applied"": ""0.00"", ""review_rows"": ""100""}",search+review_api+offline_enriched,2026-02-14 23:46:46
k2uUvtQ951ked7NQ,酷秀KTV(西三旗店),鼓楼西街12号楼负一层86,昌平区,116.230787,40.224072,4.7,172.0,,,"[{""title"": ""套餐（评论提及）"", ""price_hint"": ""10,100"", ""mentions"": ""3"", ""source"": ""review_text""}, {""title"": ""团购（评论提及）"", ""price_hint"": ""10,100"", ""mentions"": ""4"", ""source"": ""review_text""}, {""title"": ""欢唱时长（评论提及）"", ""price_hint"": ""10,100"", ""mentions"": ""11"", ""source"": ""review_text""}, {""title"": ""酒水相关（评论提及）"", ""price_hint"": ""10,100"", ""mentions"": ""1"", ""source"": ""review_text""}, {""title"": ""包厢相关（评论提及）"", ""price_hint"": ""10,100"", ""mentions"": ""25"", ""source"": ""review_text""}]",5.0,,,"{""category"": """", ""region"": """", ""shop_region"": ""北京 / 西三旗商圈 / 量贩式KTV"", ""amap_best_name"": ""酷秀KTV(鼓楼西街店)"", ""amap_best_score"": ""0.7059"", ""amap_min_score_applied"": ""0.00"", ""review_rows"": ""100""}",search+review_api+offline_enriched,2026-02-14 23:46:46
k4ck95VlRA4lko12,麦乐潮KTV·派对(旧宫店),太阳宫中路12号楼凯德mall商场4层,朝阳区,116.446744,39.971322,3.8,279.0,,,"[{""title"": ""套餐（评论提及）"", ""price_hint"": """", ""mentions"": ""7"", ""source"": ""review_text""}, {""title"": ""团购（评论提及）"", ""price_hint"": """", ""mentions"": ""5"", ""source"": ""review_text""}, {""title"": ""欢唱时长（评论提及）"", ""price_hint"": """", ""mentions"": ""5"", ""source"": ""review_text""}, {""title"": ""酒水相关（评论提及）"", ""price_hint"": """", ""mentions"": ""4"", ""source"": ""review_text""}, {""title"": ""包厢相关（评论提及）"", ""price_hint"": """", ""mentions"": ""8"", ""source"": ""review_text""}]",5.0,,,"{""category"": """", ""region"": """", ""shop_region"": ""北京 / 旧宫 / 量贩式KTV"", ""amap_best_name"": ""酷秀KTV•派对(太阳宫店)"", ""amap_best_score"": ""0.6000"", ""amap_min_score_applied"": ""0.00"", ""review_rows"": ""100""}",search+review_api+offline_enriched,2026-02-14 23:46:46
H4QtELiF5D2w0nRv,酷秀KTV(贵友大厦店),北京城区建国门外大街甲5号贵友大厦5层,朝阳区,116.45107,39.909089,4.5,1171.0,,,"[{""title"": ""套餐（评论提及）"", ""price_hint"": ""200"", ""mentions"": ""7"", ""source"": ""review_text""}, {""title"": ""团购（评论提及）"", ""price_hint"": ""200"", ""mentions"": ""8"", ""source"": ""review_text""}, {""title"": ""欢唱时长（评论提及）"", ""price_hint"": ""200"", ""mentions"": ""6"", ""source"": ""review_text""}, {""title"": ""酒水相关（评论提及）"", ""price_hint"": ""200"", ""mentions"": ""5"", ""source"": ""review_text""}, {""title"": ""包厢相关（评论提及）"", ""price_hint"": ""200"", ""mentions"": ""11"", ""source"": ""review_text""}]",5.0,,,"{""category"": """", ""region"": """", ""shop_region"": ""北京 / 国贸/建外 / 量贩式KTV"", ""amap_best_name"": ""酷秀KTV(北京贵友店)"", ""amap_best_score"": ""0.8750"", ""amap_min_score_applied"": ""0.00"", ""review_rows"": ""100""}",search+review_api+offline_enriched,2026-02-14 23:46:47
G92B626fG5wEuuvW,跃活馆主题量贩式KTV(北苑店),毛家湾胡同4号(北京站地铁站C东南出口步行260米),东城区,116.430701,39.904396,4.2,621.0,,,"[{""title"": ""套餐（评论提及）"", ""price_hint"": """", ""mentions"": ""10"", ""source"": ""review_text""}, {""title"": ""团购（评论提及）"", ""price_hint"": """", ""mentions"": ""5"", ""source"": ""review_text""}, {""title"": ""欢唱时长（评论提及）"", ""price_hint"": """", ""mentions"": ""16"", ""source"": ""review_text""}, {""title"": ""酒水相关（评论提及）"", ""price_hint"": """", ""mentions"": ""2"", ""source"": ""review_text""}, {""title"": ""包厢相关（评论提及）"", ""price_hint"": """", ""mentions"": ""7"", ""source"": ""review_text""}]",5.0,,,"{""category"": """", ""region"": """", ""shop_region"": ""北京 / 北苑家园 / 量贩式KTV"", ""amap_best_name"": ""蓝调量贩式主题KTV(北京站店)"", ""amap_best_score"": ""0.5556"", ""amap_min_score_applied"": ""0.00"", ""review_rows"": ""100""}",search+review_api+offline_enriched,2026-02-14 23:46:47
l7wwptdq2QOl2I2r,酷秀KTV(石景山五里坨店),八角西街68号(太阳岛宾馆后侧),石景山区,116.199655,39.90865,4.5,85.0,,,"[{""title"": ""套餐（评论提及）"", ""price_hint"": """", ""mentions"": ""7"", ""source"": ""review_text""}, {""title"": ""团购（评论提及）"", ""price_hint"": """", ""mentions"": ""6"", ""source"": ""review_text""}, {""title"": ""欢唱时长（评论提及）"", ""price_hint"": """", ""mentions"": ""13"", ""source"": ""review_text""}, {""title"": ""包厢相关（评论提及）"", ""price_hint"": """", ""mentions"": ""16"", ""source"": ""review_text""}]",4.0,,,"{""category"": """", ""region"": """", ""shop_region"": ""北京 / 五里坨商圈 / 量贩式KTV"", ""amap_best_name"": ""金唱纳量贩式KTV(石景山店)"", ""amap_best_score"": ""0.6000"", ""amap_min_score_applied"": ""0.00"", ""review_rows"": ""100""}",search+review_api+offline_enriched,2026-02-14 23:46:48
H80TzLZrrLf81SbY,派·聚主题KTV(朗丽兹西山花园酒店),北京城区西三环北路87号国际财经中心B1层,海淀区,116.309539,39.934921,4.7,143.0,,,"[{""title"": ""套餐（评论提及）"", ""price_hint"": ""100,990"", ""mentions"": ""16"", ""source"": ""review_text""}, {""title"": ""团购（评论提及）"", ""price_hint"": ""100,990"", ""mentions"": ""3"", ""source"": ""review_text""}, {""title"": ""欢唱时长（评论提及）"", ""price_hint"": ""100,990"", ""mentions"": ""9"", ""source"": ""review_text""}, {""title"": ""酒水相关（评论提及）"", ""price_hint"": ""100,990"", ""mentions"": ""10"", ""source"": ""review_text""}, {""title"": ""包厢相关（评论提及）"", ""price_hint"": ""100,990"", ""mentions"": ""18"", ""source"": ""review_text""}]",5.0,,,"{""category"": """", ""region"": """", ""shop_region"": ""北京 / 西北旺 / 量贩式KTV"", ""amap_best_name"": ""温莎KTV(花园店)"", ""amap_best_score"": ""0.4545"", ""amap_min_score_applied"": ""0.00"", ""review_rows"": ""100""}",search+review_api+offline_enriched,2026-02-14 23:46:48
G14GMMRkKRkDLIVx,歌友汇量贩式KTV(暖山生活广场店),欣旺北大街8号鸿坤广场购物中心F6层,大兴区,116.339725,39.791625,3.6,345.0,,,"[{""title"": ""套餐（评论提及）"", ""price_hint"": ""100"", ""mentions"": ""1"", ""source"": ""review_text""}, {""title"": ""团购（评论提及）"", ""price_hint"": ""100"", ""mentions"": ""16"", ""source"": ""review_text""}, {""title"": ""欢唱时长（评论提及）"", ""price_hint"": ""100"", ""mentions"": ""17"", ""source"": ""review_text""}, {""title"": ""酒水相关（评论提及）"", ""price_hint"": ""100"", ""mentions"": ""3"", ""source"": ""review_text""}, {""title"": ""包厢相关（评论提及）"", ""price_hint"": ""100"", ""mentions"": ""5"", ""source"": ""review_text""}]",5.0,,,"{""category"": """", ""region"": """", ""shop_region"": ""北京 / 北苑家园 / 量贩式KTV"", ""amap_best_name"": ""友乐汇量贩式KTV(鸿坤广场店)"", ""amap_best_score"": ""0.6364"", ""amap_min_score_applied"": ""0.00"", ""review_rows"": ""100""}",search+review_api+offline_enriched,2026-02-14 23:46:49
jCcMhzSrd6ktboTI,唱吧麦颂KTV(黄寺大街店),北京城区东直门内大街15号-13、-14、2层2-15,东城区,116.42717,39.941331,4.2,1752.0,,,"[{""title"": ""套餐（评论提及）"", ""price_hint"": """", ""mentions"": ""1"", ""source"": ""review_text""}, {""title"": ""团购（评论提及）"", ""price_hint"": """", ""mentions"": ""1"", ""source"": ""review_text""}, {""title"": ""欢唱时长（评论提及）"", ""price_hint"": """", ""mentions"": ""7"", ""source"": ""review_text""}, {""title"": ""酒水相关（评论提及）"", ""price_hint"": """", ""mentions"": ""7"", ""source"": ""review_text""}, {""title"": ""包厢相关（评论提及）"", ""price_hint"": """", ""mentions"": ""13"", ""source"": ""review_text""}]",5.0,,,"{""category"": """", ""region"": """", ""shop_region"": ""北京 / 德外大街 / 量贩式KTV"", ""amap_best_name"": ""唱吧麦颂KTV(簋街店)"", ""amap_best_score"": ""0.8000"", ""amap_min_score_applied"": ""0.00"", ""review_rows"": ""100""}",search+review_api+offline_enriched,2026-02-14 23:46:49
H8CCPLbNq9A889Ji,唱吧麦颂KTV(朝阳石佛营路店),北京城区酒仙桥驼房营西里甲6号楼一层105室,朝阳区,116.503583,39.964807,4.3,513.0,,,"[{""title"": ""套餐（评论提及）"", ""price_hint"": """", ""mentions"": ""5"", ""source"": ""review_text""}, {""title"": ""团购（评论提及）"", ""price_hint"": """", ""mentions"": ""7"", ""source"": ""review_text""}, {""title"": ""欢唱时长（评论提及）"", ""price_hint"": """", ""mentions"": ""7"", ""source"": ""review_text""}, {""title"": ""酒水相关（评论提及）"", ""price_hint"": """", ""mentions"": ""5"", ""source"": ""review_text""}, {""title"": ""包厢相关（评论提及）"", ""price_hint"": """", ""mentions"": ""11"", ""source"": ""review_text""}]",5.0,,,"{""category"": """", ""region"": """", ""shop_region"": ""北京 / 石佛营 / 量贩式KTV"", ""amap_best_name"": ""唱吧麦颂KTV(驼房营路店)"", ""amap_best_score"": ""0.7500"", ""amap_min_score_applied"": ""0.00"", ""review_rows"": ""100""}",search+review_api+offline_enriched,2026-02-14 23:46:50
k8dLt7waGmbMcRys,魅KTV·AI辅唱(顺义国泰宏城店),北京上德银泰城,大兴区,116.346713,39.763762,4.2,121.0,,,"[{""title"": ""套餐（评论提及）"", ""price_hint"": ""56"", ""mentions"": ""2"", ""source"": ""review_text""}, {""title"": ""欢唱时长（评论提及）"", ""price_hint"": ""56"", ""mentions"": ""2"", ""source"": ""review_text""}, {""title"": ""酒水相关（评论提及）"", ""price_hint"": ""56"", ""mentions"": ""4"", ""source"": ""review_text""}, {""title"": ""包厢相关（评论提及）"", ""price_hint"": ""56"", ""mentions"": ""13"", ""source"": ""review_text""}]",4.0,,,"{""category"": """", ""region"": """", ""shop_region"": ""北京 / 顺义城区 / 量贩式KTV"", ""amap_best_name"": ""魅KTV·AI 辅唱(上德银泰店)"", ""amap_best_score"": ""0.6923"", ""amap_min_score_applied"": ""0.00"", ""review_rows"": ""100""}",search+review_api+offline_enriched,2026-02-14 23:46:50
laDQQObjL2HTGRBq,松果音乐KTV(通州万达店),新华西街60号院211万达金街A1区,通州区,116.638611,39.904518,3.6,1244.0,,,"[{""title"": ""套餐（评论提及）"", ""price_hint"": """", ""mentions"": ""3"", ""source"": ""review_text""}, {""title"": ""团购（评论提及）"", ""price_hint"": """", ""mentions"": ""3"", ""source"": ""review_text""}, {""title"": ""欢唱时长（评论提及）"", ""price_hint"": """", ""mentions"": ""6"", ""source"": ""review_text""}, {""title"": ""酒水相关（评论提及）"", ""price_hint"": """", ""mentions"": ""2"", ""source"": ""review_text""}, {""title"": ""包厢相关（评论提及）"", ""price_hint"": """", ""mentions"": ""4"", ""source"": ""review_text""}]",5.0,,,"{""category"": """", ""region"": """", ""shop_region"": ""北京 / 通州北苑 / 量贩式KTV"", ""amap_best_name"": ""松果音乐KTV(通州万达店)"", ""amap_best_score"": ""1.0000"", ""amap_min_score_applied"": ""0.00"", ""review_rows"": ""100""}",search+review_api+offline_enriched,2026-02-14 23:46:50
H4LBWIQLWxPP5zP4,魅KTV·AI辅唱(上德银泰店),北京上德银泰城,大兴区,116.346713,39.763762,4.4,296.0,,,"[{""title"": ""套餐（评论提及）"", ""price_hint"": ""88"", ""mentions"": ""3"", ""source"": ""review_text""}, {""title"": ""团购（评论提及）"", ""price_hint"": ""88"", ""mentions"": ""7"", ""source"": ""review_text""}, {""title"": ""欢唱时长（评论提及）"", ""price_hint"": ""88"", ""mentions"": ""4"", ""source"": ""review_text""}, {""title"": ""酒水相关（评论提及）"", ""price_hint"": ""88"", ""mentions"": ""3"", ""source"": ""review_text""}, {""title"": ""包厢相关（评论提及）"", ""price_hint"": ""88"", ""mentions"": ""6"", ""source"": ""review_text""}]",5.0,,,"{""category"": """", ""region"": """", ""shop_region"": ""北京 / 黄村 / 量贩式KTV"", ""amap_best_name"": ""魅KTV·AI 辅唱(上德银泰店)"", ""amap_best_score"": ""1.0000"", ""amap_min_score_applied"": ""0.00"", ""review_rows"": ""100""}",search+review_api+offline_enriched,2026-02-14 23:46:51
l79PoZQhVYrsrYaw,唱吧麦颂KTV(来广营地铁站店),北京城区来广营西路2号院3号楼101内2层,朝阳区,116.464966,40.020371,4.7,236.0,,,"[{""title"": ""套餐（评论提及）"", ""price_hint"": ""20,38"", ""mentions"": ""8"", ""source"": ""review_text""}, {""title"": ""团购（评论提及）"", ""price_hint"": ""20,38"", ""mentions"": ""6"", ""source"": ""review_text""}, {""title"": ""欢唱时长（评论提及）"", ""price_hint"": ""20,38"", ""mentions"": ""11"", ""source"": ""review_text""}, {""title"": ""酒水相关（评论提及）"", ""price_hint"": ""20,38"", ""mentions"": ""1"", ""source"": ""review_text""}, {""title"": ""包厢相关（评论提及）"", ""price_hint"": ""20,38"", ""mentions"": ""10"", ""source"": ""review_text""}]",5.0,,,"{""category"": """", ""region"": """", ""shop_region"": ""北京 / 望京 / 量贩式KTV"", ""amap_best_name"": ""唱吧麦颂KTV(来广营地铁站店)"", ""amap_best_score"": ""1.0000"", ""amap_min_score_applied"": ""0.00"", ""review_rows"": ""100""}",search+review_api+offline_enriched,2026-02-14 23:46:51
H3oDRIIoZXB3Unac,京顺峰量贩式KTV,黄村镇芦城村黄鹅路107号,大兴区,116.289002,39.753016,0.0,4.0,,,"[{""title"": ""套餐（评论提及）"", ""price_hint"": """", ""mentions"": ""1"", ""source"": ""review_text""}, {""title"": ""欢唱时长（评论提及）"", ""price_hint"": """", ""mentions"": ""2"", ""source"": ""review_text""}, {""title"": ""酒水相关（评论提及）"", ""price_hint"": """", ""mentions"": ""1"", ""source"": ""review_text""}, {""title"": ""包厢相关（评论提及）"", ""price_hint"": """", ""mentions"": ""1"", ""source"": ""review_text""}]",4.0,,,"{""category"": """", ""region"": """", ""shop_region"": ""北京 / 黄村 / 量贩式KTV"", ""amap_best_name"": ""京顺峰量贩式KTV"", ""amap_best_score"": ""1.0000"", ""amap_min_score_applied"": ""0.00"", ""review_rows"": ""35""}",search+review_api+offline_enriched,2026-02-14 23:46:52
l54SmeodWkyRQ8Uj,舒漫迪量贩式KTV·派对,北京城区复兴路甲23号城乡购物中心5层,海淀区,116.307857,39.909334,4.3,90.0,,,"[{""title"": ""套餐（评论提及）"", ""price_hint"": """", ""mentions"": ""4"", ""source"": ""review_text""}, {""title"": ""团购（评论提及）"", ""price_hint"": """", ""mentions"": ""9"", ""source"": ""review_text""}, {""title"": ""欢唱时长（评论提及）"", ""price_hint"": """", ""mentions"": ""7"", ""source"": ""review_text""}, {""title"": ""酒水相关（评论提及）"", ""price_hint"": """", ""mentions"": ""1"", ""source"": ""review_text""}, {""title"": ""包厢相关（评论提及）"", ""price_hint"": """", ""mentions"": ""7"", ""source"": ""review_text""}]",5.0,,,"{""category"": """", ""region"": """", ""shop_region"": ""北京 / 黄村 / 量贩式KTV"", ""amap_best_name"": ""酷秀KTV·派对(城乡店)"", ""amap_best_score"": ""0.2857"", ""amap_min_score_applied"": ""0.00"", ""review_rows"": ""100""}",search+review_api+offline_enriched,2026-02-14 23:46:52
G81lSPqtwZ12MzFt,夜之宴量贩式KTV,黄村西大街兴华南路1号(黄村西大街地铁站D西南口步行80米),大兴区,116.332091,39.730461,3.3,642.0,,,"[{""title"": ""套餐（评论提及）"", ""price_hint"": ""160,200,25"", ""mentions"": ""16"", ""source"": ""review_text""}, {""title"": ""团购（评论提及）"", ""price_hint"": ""160,200,25"", ""mentions"": ""22"", ""source"": ""review_text""}, {""title"": ""欢唱时长（评论提及）"", ""price_hint"": ""160,200,25"", ""mentions"": ""30"", ""source"": ""review_text""}, {""title"": ""酒水相关（评论提及）"", ""price_hint"": ""160,200,25"", ""mentions"": ""10"", ""source"": ""review_text""}, {""title"": ""包厢相关（评论提及）"", ""price_hint"": ""160,200,25"", ""mentions"": ""9"", ""source"": ""review_text""}]",5.0,,,"{""category"": """", ""region"": """", ""shop_region"": ""北京 / 黄村 / 量贩式KTV"", ""amap_best_name"": ""夜之宴量贩KTV"", ""amap_best_score"": ""1.0000"", ""amap_min_score_applied"": ""0.00"", ""review_rows"": ""100""}",search+review_api+offline_enriched,2026-02-14 23:46:52
FlVnq3SyC13I0UZs,天瓶座KTV(上品折扣店),南邵镇双营西路78号路劲世界城2层,昌平区,116.292849,40.206481,3.9,264.0,,,"[{""title"": ""套餐（评论提及）"", ""price_hint"": ""52"", ""mentions"": ""13"", ""source"": ""review_text""}, {""title"": ""团购（评论提及）"", ""price_hint"": ""52"", ""mentions"": ""12"", ""source"": ""review_text""}, {""title"": ""欢唱时长（评论提及）"", ""price_hint"": ""52"", ""mentions"": ""18"", ""source"": ""review_text""}, {""title"": ""酒水相关（评论提及）"", ""price_hint"": ""52"", ""mentions"": ""4"", ""source"": ""review_text""}, {""title"": ""包厢相关（评论提及）"", ""price_hint"": ""52"", ""mentions"": ""10"", ""source"": ""review_text""}]",5.0,,,"{""category"": """", ""region"": """", ""shop_region"": ""北京 / 回龙观商圈 / 量贩式KTV"", ""amap_best_name"": ""天秤座量贩式KTV(路劲广场店)"", ""amap_best_score"": ""0.5000"", ""amap_min_score_applied"": ""0.00"", ""review_rows"": ""100""}",search+review_api+offline_enriched,2026-02-14 23:46:53
k8ld8SY2BNNRffiV,唱吧麦颂ktv(牡丹园店),北京城区花园东路11号泰兴大厦F108F208,海淀区,116.367685,39.980238,3.6,2216.0,,,"[{""title"": ""套餐（评论提及）"", ""price_hint"": """", ""mentions"": ""8"", ""source"": ""review_text""}, {""title"": ""团购（评论提及）"", ""price_hint"": """", ""mentions"": ""8"", ""source"": ""review_text""}, {""title"": ""欢唱时长（评论提及）"", ""price_hint"": """", ""mentions"": ""14"", ""source"": ""review_text""}, {""title"": ""酒水相关（评论提及）"", ""price_hint"": """", ""mentions"": ""4"", ""source"": ""review_text""}, {""title"": ""包厢相关（评论提及）"", ""price_hint"": """", ""mentions"": ""7"", ""source"": ""review_text""}]",5.0,,,"{""category"": """", ""region"": """", ""shop_region"": ""北京 / 牡丹园/北太平庄 / 量贩式KTV"", ""amap_best_name"": ""唱吧麦颂KTV(北京牡丹园店)"", ""amap_best_score"": ""1.0000"", ""amap_min_score_applied"": ""0.00"", ""review_rows"": ""100""}",search+review_api+offline_enriched,2026-02-14 23:46:54
k8XspzTQic5qvYbQ,聚汇吧·量贩KTV(朝阳北路店),北清路北七家镇王府街32号(顺玮阁大酒店B1层),昌平区,116.383054,40.101503,3.8,758.0,,,"[{""title"": ""套餐（评论提及）"", ""price_hint"": ""20,694"", ""mentions"": ""4"", ""source"": ""review_text""}, {""title"": ""团购（评论提及）"", ""price_hint"": ""20,694"", ""mentions"": ""9"", ""source"": ""review_text""}, {""title"": ""欢唱时长（评论提及）"", ""price_hint"": ""20,694"", ""mentions"": ""7"", ""source"": ""review_text""}, {""title"": ""酒水相关（评论提及）"", ""price_hint"": ""20,694"", ""mentions"": ""10"", ""source"": ""review_text""}, {""title"": ""包厢相关（评论提及）"", ""price_hint"": ""20,694"", ""mentions"": ""5"", ""source"": ""review_text""}]",5.0,,,"{""category"": """", ""region"": """", ""shop_region"": ""北京 / 石佛营 / 量贩式KTV"", ""amap_best_name"": ""顺玮阁量贩式KTV(北清路店)"", ""amap_best_score"": ""0.5263"", ""amap_min_score_applied"": ""0.00"", ""review_rows"": ""100""}",search+review_api+offline_enriched,2026-02-14 23:46:54
l3HsnmCus0PDDjvA,银色月光KTV,城关街道富士苑小区前方300米,房山区,115.991267,39.711847,3.3,28.0,,,"[{""title"": ""团购（评论提及）"", ""price_hint"": ""38"", ""mentions"": ""1"", ""source"": ""review_text""}, {""title"": ""欢唱时长（评论提及）"", ""price_hint"": ""38"", ""mentions"": ""1"", ""source"": ""review_text""}, {""title"": ""酒水相关（评论提及）"", ""price_hint"": ""38"", ""mentions"": ""1"", ""source"": ""review_text""}, {""title"": ""包厢相关（评论提及）"", ""price_hint"": ""38"", ""mentions"": ""1"", ""source"": ""review_text""}]",4.0,,,"{""category"": """", ""region"": """", ""shop_region"": ""北京 / 紫竹桥 / 量贩式KTV"", ""amap_best_name"": ""太月园量贩式KTV"", ""amap_best_score"": ""0.2857"", ""amap_min_score_applied"": ""0.00"", ""review_rows"": ""31""}",search+review_api+offline_enriched,2026-02-14 23:46:54
H9VD0LHTkh4GYLjc,四海凯悦KTV,黄村东大街38号院6号楼6层601,大兴区,116.343425,39.731325,3.2,59.0,,,"[{""title"": ""套餐（评论提及）"", ""price_hint"": ""300,88"", ""mentions"": ""6"", ""source"": ""review_text""}, {""title"": ""团购（评论提及）"", ""price_hint"": ""300,88"", ""mentions"": ""3"", ""source"": ""review_text""}, {""title"": ""欢唱时长（评论提及）"", ""price_hint"": ""300,88"", ""mentions"": ""12"", ""source"": ""review_text""}, {""title"": ""酒水相关（评论提及）"", ""price_hint"": ""300,88"", ""mentions"": ""1"", ""source"": ""review_text""}, {""title"": ""包厢相关（评论提及）"", ""price_hint"": ""300,88"", ""mentions"": ""1"", ""source"": ""review_text""}]",5.0,,,"{""category"": """", ""region"": """", ""shop_region"": ""北京 / 田村 / KTV"", ""amap_best_name"": ""悦派量贩式KTV"", ""amap_best_score"": ""0.3333"", ""amap_min_score_applied"": ""0.00"", ""review_rows"": ""60""}",search+review_api+offline_enriched,2026-02-14 23:46:55
G7nJTF2CTGUGYGGo,同乐迪智慧KTV·T,云岗路与迎宾东路交叉口东南100米,丰台区,116.167018,39.809165,4.1,671.0,,,"[{""title"": ""套餐（评论提及）"", ""price_hint"": """", ""mentions"": ""6"", ""source"": ""review_text""}, {""title"": ""团购（评论提及）"", ""price_hint"": """", ""mentions"": ""4"", ""source"": ""review_text""}, {""title"": ""欢唱时长（评论提及）"", ""price_hint"": """", ""mentions"": ""15"", ""source"": ""review_text""}, {""title"": ""包厢相关（评论提及）"", ""price_hint"": """", ""mentions"": ""4"", ""source"": ""review_text""}]",4.0,,,"{""category"": """", ""region"": """", ""shop_region"": ""北京 / 回龙观商圈 / 量贩式KTV"", ""amap_best_name"": ""友乐迪量贩式KTV"", ""amap_best_score"": ""0.4444"", ""amap_min_score_applied"": ""0.00"", ""review_rows"": ""100""}",search+review_api+offline_enriched,2026-02-14 23:46:55
G73K0DPlmT6QqTH2,唱吧麦颂 KTV(牛栏山恒华店),牛栏山镇恒华西街2号院3号楼3层301室内A301-A303,顺义区,116.655177,40.202628,4.5,684.0,,,"[{""title"": ""套餐（评论提及）"", ""price_hint"": ""99"", ""mentions"": ""7"", ""source"": ""review_text""}, {""title"": ""团购（评论提及）"", ""price_hint"": ""99"", ""mentions"": ""5"", ""source"": ""review_text""}, {""title"": ""欢唱时长（评论提及）"", ""price_hint"": ""99"", ""mentions"": ""5"", ""source"": ""review_text""}, {""title"": ""酒水相关（评论提及）"", ""price_hint"": ""99"", ""mentions"": ""6"", ""source"": ""review_text""}, {""title"": ""包厢相关（评论提及）"", ""price_hint"": ""99"", ""mentions"": ""10"", ""source"": ""review_text""}]",5.0,,,"{""category"": """", ""region"": """", ""shop_region"": ""北京 / 马坡牛栏山镇 / 量贩式KTV"", ""amap_best_name"": ""唱吧麦颂KTV(北京顺义牛栏店)"", ""amap_best_score"": ""0.7826"", ""amap_min_score_applied"": ""0.00"", ""review_rows"": ""100""}",search+review_api+offline_enriched,2026-02-14 23:46:56
H58iW0ji3HUeKFpG,咏歌汇量贩KTV(传媒大学店),美里食光商场(北京西站地铁站1东北入口步行370米),海淀区,116.322825,39.897475,4.6,153.0,,,"[{""title"": ""套餐（评论提及）"", ""price_hint"": ""108"", ""mentions"": ""4"", ""source"": ""review_text""}, {""title"": ""团购（评论提及）"", ""price_hint"": ""108"", ""mentions"": ""2"", ""source"": ""review_text""}, {""title"": ""欢唱时长（评论提及）"", ""price_hint"": ""108"", ""mentions"": ""6"", ""source"": ""review_text""}, {""title"": ""酒水相关（评论提及）"", ""price_hint"": ""108"", ""mentions"": ""4"", ""source"": ""review_text""}, {""title"": ""包厢相关（评论提及）"", ""price_hint"": ""108"", ""mentions"": ""11"", ""source"": ""review_text""}]",5.0,,,"{""category"": """", ""region"": """", ""shop_region"": ""北京 / 传媒大学 / 量贩式KTV"", ""amap_best_name"": ""咏歌汇量贩式KTV(北京西站店)"", ""amap_best_score"": ""0.6667"", ""amap_min_score_applied"": ""0.00"", ""review_rows"": ""100""}",search+review_api+offline_enriched,2026-02-14 23:46:56
H38DVHNqG1YjBfnN,酷秀KTV(团结湖店),北京城区团结湖东里3-5号中里6号4号楼地下一层F06室,朝阳区,116.469725,39.929125,4.8,284.0,,,"[{""title"": ""套餐（评论提及）"", ""price_hint"": ""58,54"", ""mentions"": ""4"", ""source"": ""review_text""}, {""title"": ""团购（评论提及）"", ""price_hint"": ""58,54"", ""mentions"": ""8"", ""source"": ""review_text""}, {""title"": ""欢唱时长（评论提及）"", ""price_hint"": ""58,54"", ""mentions"": ""15"", ""source"": ""review_text""}, {""title"": ""酒水相关（评论提及）"", ""price_hint"": ""58,54"", ""mentions"": ""4"", ""source"": ""review_text""}, {""title"": ""包厢相关（评论提及）"", ""price_hint"": ""58,54"", ""mentions"": ""14"", ""source"": ""review_text""}]",5.0,,,"{""category"": """", ""region"": """", ""shop_region"": ""北京 / 朝阳公园/团结湖 / 量贩式KTV"", ""amap_best_name"": ""酷秀KTV(团结湖店)"", ""amap_best_score"": ""1.0000"", ""amap_min_score_applied"": ""0.00"", ""review_rows"": ""100""}",search+review_api+offline_enriched,2026-02-14 23:46:57
k4Sj6sHlri70NlZ6,π對星·派对KTV(沙河玖耀里店),百沙路玖耀里西区1号楼四层,昌平区,116.281616,40.14698,4.5,1450.0,,,"[{""title"": ""套餐（评论提及）"", ""price_hint"": """", ""mentions"": ""2"", ""source"": ""review_text""}, {""title"": ""团购（评论提及）"", ""price_hint"": """", ""mentions"": ""7"", ""source"": ""review_text""}, {""title"": ""欢唱时长（评论提及）"", ""price_hint"": """", ""mentions"": ""9"", ""source"": ""review_text""}, {""title"": ""酒水相关（评论提及）"", ""price_hint"": """", ""mentions"": ""1"", ""source"": ""review_text""}, {""title"": ""包厢相关（评论提及）"", ""price_hint"": """", ""mentions"": ""18"", ""source"": ""review_text""}]",5.0,,,"{""category"": """", ""region"": """", ""shop_region"": ""北京 / 沙河 / 量贩式KTV"", ""amap_best_name"": ""π對星·派对KTV(沙河玖耀里店)"", ""amap_best_score"": ""1.0000"", ""amap_min_score_applied"": ""0.00"", ""review_rows"": ""100""}",search+review_api+offline_enriched,2026-02-14 23:46:57
iz9qMzZYnoJ5BQ5d,唱吧麦颂KTV(驼房营店),北京城区酒仙桥驼房营西里甲6号楼一层105室,朝阳区,116.503583,39.964807,4.1,757.0,,,"[{""title"": ""套餐（评论提及）"", ""price_hint"": ""30"", ""mentions"": ""6"", ""source"": ""review_text""}, {""title"": ""团购（评论提及）"", ""price_hint"": ""30"", ""mentions"": ""4"", ""source"": ""review_text""}, {""title"": ""欢唱时长（评论提及）"", ""price_hint"": ""30"", ""mentions"": ""13"", ""source"": ""review_text""}, {""title"": ""酒水相关（评论提及）"", ""price_hint"": ""30"", ""mentions"": ""4"", ""source"": ""review_text""}, {""title"": ""包厢相关（评论提及）"", ""price_hint"": ""30"", ""mentions"": ""7"", ""source"": ""review_text""}]",5.0,,,"{""category"": """", ""region"": """", ""shop_region"": ""北京 / 酒仙桥商圈 / 量贩式KTV"", ""amap_best_name"": ""唱吧麦颂KTV(驼房营路店)"", ""amap_best_score"": ""0.9524"", ""amap_min_score_applied"": ""0.00"", ""review_rows"": ""100""}",search+review_api+offline_enriched,2026-02-14 23:46:58
G7liEr3MIf5vEDZe,唱吧麦颂KTV(鼓楼瑞嘉商场店),鼓楼南大街10号瑞嘉商场F4层,密云区,116.8461,40.374726,4.9,335.0,,,"[{""title"": ""套餐（评论提及）"", ""price_hint"": """", ""mentions"": ""4"", ""source"": ""review_text""}, {""title"": ""团购（评论提及）"", ""price_hint"": """", ""mentions"": ""8"", ""source"": ""review_text""}, {""title"": ""欢唱时长（评论提及）"", ""price_hint"": """", ""mentions"": ""18"", ""source"": ""review_text""}, {""title"": ""酒水相关（评论提及）"", ""price_hint"": """", ""mentions"": ""4"", ""source"": ""review_text""}, {""title"": ""包厢相关（评论提及）"", ""price_hint"": """", ""mentions"": ""3"", ""source"": ""review_text""}]",5.0,,,"{""category"": """", ""region"": """", ""shop_region"": ""密云区 / 密云县县城 / 量贩式KTV"", ""amap_best_name"": ""唱吧麦颂KTV(瑞嘉商场店)"", ""amap_best_score"": ""0.9167"", ""amap_min_score_applied"": ""0.00"", ""review_rows"": ""100""}",search+review_api+offline_enriched,2026-02-14 23:46:58
kaNjii2t0pZganyj,魅KTV·AI辅唱(北京上地西路店),北京上德银泰城,大兴区,116.346713,39.763762,4.3,922.0,,,"[{""title"": ""套餐（评论提及）"", ""price_hint"": ""100,10"", ""mentions"": ""3"", ""source"": ""review_text""}, {""title"": ""团购（评论提及）"", ""price_hint"": ""100,10"", ""mentions"": ""7"", ""source"": ""review_text""}, {""title"": ""欢唱时长（评论提及）"", ""price_hint"": ""100,10"", ""mentions"": ""9"", ""source"": ""review_text""}, {""title"": ""酒水相关（评论提及）"", ""price_hint"": ""100,10"", ""mentions"": ""2"", ""source"": ""review_text""}, {""title"": ""包厢相关（评论提及）"", ""price_hint"": ""100,10"", ""mentions"": ""8"", ""source"": ""review_text""}]",5.0,,,"{""category"": """", ""region"": """", ""shop_region"": ""北京 / 上地商圈 / 量贩式KTV"", ""amap_best_name"": ""魅KTV·AI 辅唱(上德银泰店)"", ""amap_best_score"": ""0.7500"", ""amap_min_score_applied"": ""0.00"", ""review_rows"": ""100""}",search+review_api+offline_enriched,2026-02-14 23:46:58
l5QR039vXurWGO5u,蓝调量贩KTV(天键广场店),枣园路27号院天键广场A栋2层,大兴区,116.317555,39.753522,4.0,268.0,,,"[{""title"": ""套餐（评论提及）"", ""price_hint"": ""60"", ""mentions"": ""1"", ""source"": ""review_text""}, {""title"": ""团购（评论提及）"", ""price_hint"": ""60"", ""mentions"": ""5"", ""source"": ""review_text""}, {""title"": ""欢唱时长（评论提及）"", ""price_hint"": ""60"", ""mentions"": ""8"", ""source"": ""review_text""}, {""title"": ""酒水相关（评论提及）"", ""price_hint"": ""60"", ""mentions"": ""7"", ""source"": ""review_text""}, {""title"": ""包厢相关（评论提及）"", ""price_hint"": ""60"", ""mentions"": ""7"", ""source"": ""review_text""}]",5.0,,,"{""category"": """", ""region"": """", ""shop_region"": ""北京 / 黄村 / 量贩式KTV"", ""amap_best_name"": ""蓝调量贩KTV(天键广场店)"", ""amap_best_score"": ""1.0000"", ""amap_min_score_applied"": ""0.00"", ""review_rows"": ""100""}",search+review_api+offline_enriched,2026-02-14 23:46:59
hRkeit3A7tf4WtiT,奢蘭轰趴·桌游·团建·KTV,苏州街18号院长远天地大厦A座F2层,海淀区,116.30656,39.977386,4.1,92.0,,,"[{""title"": ""欢唱时长（评论提及）"", ""price_hint"": """", ""mentions"": ""7"", ""source"": ""review_text""}, {""title"": ""酒水相关（评论提及）"", ""price_hint"": """", ""mentions"": ""1"", ""source"": ""review_text""}, {""title"": ""包厢相关（评论提及）"", ""price_hint"": """", ""mentions"": ""3"", ""source"": ""review_text""}]",3.0,,,"{""category"": """", ""region"": """", ""shop_region"": ""北京 / 魏公村 / 轰趴馆"", ""amap_best_name"": ""相遇轰趴·桌游·团建·KTV"", ""amap_best_score"": ""0.7500"", ""amap_min_score_applied"": ""0.00"", ""review_rows"": ""100""}",search+review_api+offline_enriched,2026-02-14 23:46:59
k7lZf0qdiSyTNCdt,豪情盛筵KTV,大灰厂向北500米路东(西王佐红绿灯向北),丰台区,116.129875,39.816575,0.0,,,,,,,,"{""category"": """", ""region"": """", ""shop_region"": """", ""amap_best_name"": ""西域豪情"", ""amap_best_score"": ""0.5000"", ""amap_min_score_applied"": ""0.00""}",search+review_api+offline_enriched,2026-02-14 23:47:00
GaHwQzusAyZTJV9v,嗨殿KTV(物资学院店),北京城区物资学院路甲18号,通州区,116.63945,39.921255,4.2,143.0,,,"[{""title"": ""套餐（评论提及）"", ""price_hint"": """", ""mentions"": ""2"", ""source"": ""review_text""}, {""title"": ""团购（评论提及）"", ""price_hint"": """", ""mentions"": ""2"", ""source"": ""review_text""}, {""title"": ""欢唱时长（评论提及）"", ""price_hint"": """", ""mentions"": ""2"", ""source"": ""review_text""}, {""title"": ""酒水相关（评论提及）"", ""price_hint"": """", ""mentions"": ""3"", ""source"": ""review_text""}, {""title"": ""包厢相关（评论提及）"", ""price_hint"": """", ""mentions"": ""6"", ""source"": ""review_text""}]",5.0,,,"{""category"": """", ""region"": """", ""shop_region"": ""北京 / 物资学院 / 量贩式KTV"", ""amap_best_name"": ""天赐情缘KTV(物资学院店)"", ""amap_best_score"": ""0.7000"", ""amap_min_score_applied"": ""0.00"", ""review_rows"": ""100""}",search+review_api+offline_enriched,2026-02-14 23:47:00
k99k6NYb6BjttZvO,世纪歌酷派对主题量贩式KTV,万丰路308号(万丰小吃城),丰台区,116.293909,39.872203,3.8,1672.0,,,"[{""title"": ""套餐（评论提及）"", ""price_hint"": ""178"", ""mentions"": ""3"", ""source"": ""review_text""}, {""title"": ""团购（评论提及）"", ""price_hint"": ""178"", ""mentions"": ""6"", ""source"": ""review_text""}, {""title"": ""欢唱时长（评论提及）"", ""price_hint"": ""178"", ""mentions"": ""10"", ""source"": ""review_text""}, {""title"": ""酒水相关（评论提及）"", ""price_hint"": ""178"", ""mentions"": ""3"", ""source"": ""review_text""}, {""title"": ""包厢相关（评论提及）"", ""price_hint"": ""178"", ""mentions"": ""5"", ""source"": ""review_text""}]",5.0,,,"{""category"": """", ""region"": """", ""shop_region"": ""北京 / 北京西站/六里桥 / 量贩式KTV"", ""amap_best_name"": ""世纪歌酷主题量贩KTV(万丰路店)"", ""amap_best_score"": ""0.6000"", ""amap_min_score_applied"": ""0.00"", ""review_rows"": ""100""}",search+review_api+offline_enriched,2026-02-14 23:47:00
G1Cnw5HqK5Y4DSpY,中国会所KTV,鲁谷东街甲26号北京大公馆物业楼F1层,石景山区,116.239898,39.895459,3.4,27.0,,,"[{""title"": ""套餐（评论提及）"", ""price_hint"": """", ""mentions"": ""1"", ""source"": ""review_text""}, {""title"": ""团购（评论提及）"", ""price_hint"": """", ""mentions"": ""4"", ""source"": ""review_text""}, {""title"": ""欢唱时长（评论提及）"", ""price_hint"": """", ""mentions"": ""1"", ""source"": ""review_text""}, {""title"": ""酒水相关（评论提及）"", ""price_hint"": """", ""mentions"": ""1"", ""source"": ""review_text""}, {""title"": ""包厢相关（评论提及）"", ""price_hint"": """", ""mentions"": ""4"", ""source"": ""review_text""}]",5.0,,,"{""category"": """", ""region"": """", ""shop_region"": ""北京 / 顺义区 / 量贩式KTV"", ""amap_best_name"": ""北京大公馆会所国际"", ""amap_best_score"": ""0.3636"", ""amap_min_score_applied"": ""0.00"", ""review_rows"": ""56""}",search+review_api+offline_enriched,2026-02-14 23:47:01
k93B9y6E9qVXLbyb,唱吧麦颂KTV(宝隆大厦店),黄寺大街路15号佰隆大厦2层,朝阳区,116.388577,39.963499,4.6,1048.0,,,"[{""title"": ""套餐（评论提及）"", ""price_hint"": ""85"", ""mentions"": ""6"", ""source"": ""review_text""}, {""title"": ""团购（评论提及）"", ""price_hint"": ""85"", ""mentions"": ""3"", ""source"": ""review_text""}, {""title"": ""欢唱时长（评论提及）"", ""price_hint"": ""85"", ""mentions"": ""5"", ""source"": ""review_text""}, {""title"": ""酒水相关（评论提及）"", ""price_hint"": ""85"", ""mentions"": ""9"", ""source"": ""review_text""}, {""title"": ""包厢相关（评论提及）"", ""price_hint"": ""85"", ""mentions"": ""6"", ""source"": ""review_text""}]",5.0,,,"{""category"": """", ""region"": """", ""shop_region"": ""北京 / 夏家胡同/纪家庙 / 量贩式KTV"", ""amap_best_name"": ""唱吧麦颂KTV(佰隆大厦店)"", ""amap_best_score"": ""0.9091"", ""amap_min_score_applied"": ""0.00"", ""review_rows"": ""100""}",search+review_api+offline_enriched,2026-02-14 23:47:01
H7X5S3FYSy3jgM5Y,聚·bar 威士忌·精酿·ktv,工人体育馆西门6号北京工人体育场夜店一条街,朝阳区,116.444165,39.929992,4.6,294.0,,,"[{""title"": ""套餐（评论提及）"", ""price_hint"": """", ""mentions"": ""7"", ""source"": ""review_text""}, {""title"": ""欢唱时长（评论提及）"", ""price_hint"": """", ""mentions"": ""2"", ""source"": ""review_text""}, {""title"": ""酒水相关（评论提及）"", ""price_hint"": """", ""mentions"": ""55"", ""source"": ""review_text""}, {""title"": ""包厢相关（评论提及）"", ""price_hint"": """", ""mentions"": ""1"", ""source"": ""review_text""}]",4.0,,,"{""category"": """", ""region"": """", ""shop_region"": ""北京 / 百子湾 / 综合清吧"", ""amap_best_name"": ""魅KTV·BAR(工体店)"", ""amap_best_score"": ""0.3333"", ""amap_min_score_applied"": ""0.00"", ""review_rows"": ""100""}",search+review_api+offline_enriched,2026-02-14 23:47:02
jZwctmRdGKJl3VI4,友唱AI智慧歌咏亭·KTV(嘉悦广场店),欣美街9号,大兴区,116.323954,39.787369,3.8,43.0,,,"[{""title"": ""团购（评论提及）"", ""price_hint"": """", ""mentions"": ""1"", ""source"": ""review_text""}, {""title"": ""欢唱时长（评论提及）"", ""price_hint"": """", ""mentions"": ""5"", ""source"": ""review_text""}, {""title"": ""酒水相关（评论提及）"", ""price_hint"": """", ""mentions"": ""10"", ""source"": ""review_text""}, {""title"": ""包厢相关（评论提及）"", ""price_hint"": """", ""mentions"": ""9"", ""source"": ""review_text""}]",4.0,,,"{""category"": """", ""region"": """", ""shop_region"": ""北京 / 西红门 / 自助KTV"", ""amap_best_name"": ""友唱AI智慧歌咏亭(嘉悦广场店)"", ""amap_best_score"": ""1.0000"", ""amap_min_score_applied"": ""0.00"", ""review_rows"": ""100""}",search+review_api+offline_enriched,2026-02-14 23:47:03
k5001S59cjdieNlB,唱吧麦颂KTV(顺义马坡中晟广场店),北京城区西马坡街3号院3号楼-1层B101、B102,顺义区,116.641826,40.165219,4.6,603.0,,,"[{""title"": ""套餐（评论提及）"", ""price_hint"": """", ""mentions"": ""5"", ""source"": ""review_text""}, {""title"": ""团购（评论提及）"", ""price_hint"": """", ""mentions"": ""4"", ""source"": ""review_text""}, {""title"": ""欢唱时长（评论提及）"", ""price_hint"": """", ""mentions"": ""6"", ""source"": ""review_text""}, {""title"": ""酒水相关（评论提及）"", ""price_hint"": """", ""mentions"": ""2"", ""source"": ""review_text""}, {""title"": ""包厢相关（评论提及）"", ""price_hint"": """", ""mentions"": ""10"", ""source"": ""review_text""}]",5.0,,,"{""category"": """", ""region"": """", ""shop_region"": ""北京 / 马坡牛栏山镇 / 量贩式KTV"", ""amap_best_name"": ""唱吧麦颂KTV(顺义马坡中晟广场店)"", ""amap_best_score"": ""1.0000"", ""amap_min_score_applied"": ""0.00"", ""review_rows"": ""100""}",search+review_api+offline_enriched,2026-02-14 23:47:03
k7fvA3Z3oi3pwRof,唱吧麦颂KTV(望京北店),西单北大街130号华威潮铺街5层,西城区,116.374545,39.911608,3.9,3070.0,,,"[{""title"": ""套餐（评论提及）"", ""price_hint"": """", ""mentions"": ""8"", ""source"": ""review_text""}, {""title"": ""团购（评论提及）"", ""price_hint"": """", ""mentions"": ""8"", ""source"": ""review_text""}, {""title"": ""欢唱时长（评论提及）"", ""price_hint"": """", ""mentions"": ""12"", ""source"": ""review_text""}, {""title"": ""酒水相关（评论提及）"", ""price_hint"": """", ""mentions"": ""4"", ""source"": ""review_text""}, {""title"": ""包厢相关（评论提及）"", ""price_hint"": """", ""mentions"": ""10"", ""source"": ""review_text""}]",5.0,,,"{""category"": """", ""region"": """", ""shop_region"": ""北京 / 望京 / 量贩式KTV"", ""amap_best_name"": ""唱吧麦颂量贩KTV(西单店)"", ""amap_best_score"": ""0.7368"", ""amap_min_score_applied"": ""0.00"", ""review_rows"": ""100""}",search+review_api+offline_enriched,2026-02-14 23:47:04
k3hG8hKBhHZQyUyn,酷秀KTV(门头沟店),北京城区建国门外大街甲5号贵友大厦5层,朝阳区,116.45107,39.909089,4.8,719.0,,,"[{""title"": ""套餐（评论提及）"", ""price_hint"": """", ""mentions"": ""3"", ""source"": ""review_text""}, {""title"": ""团购（评论提及）"", ""price_hint"": """", ""mentions"": ""2"", ""source"": ""review_text""}, {""title"": ""欢唱时长（评论提及）"", ""price_hint"": """", ""mentions"": ""7"", ""source"": ""review_text""}, {""title"": ""酒水相关（评论提及）"", ""price_hint"": """", ""mentions"": ""2"", ""source"": ""review_text""}, {""title"": ""包厢相关（评论提及）"", ""price_hint"": """", ""mentions"": ""10"", ""source"": ""review_text""}]",5.0,,,"{""category"": """", ""region"": """", ""shop_region"": ""门头沟区 / 门头沟城区 / 量贩式KTV"", ""amap_best_name"": ""酷秀KTV(北京贵友店)"", ""amap_best_score"": ""0.6667"", ""amap_min_score_applied"": ""0.00"", ""review_rows"": ""100""}",search+review_api+offline_enriched,2026-02-14 23:47:04
jMAuThWnze7r1esy,唱吧麦颂精品KTV(回龙观禧乐汇店),回龙观文华路89号禧乐汇四楼,昌平区,116.343156,40.088357,4.4,805.0,,,"[{""title"": ""套餐（评论提及）"", ""price_hint"": ""300,27,68"", ""mentions"": ""2"", ""source"": ""review_text""}, {""title"": ""团购（评论提及）"", ""price_hint"": ""300,27,68"", ""mentions"": ""8"", ""source"": ""review_text""}, {""title"": ""欢唱时长（评论提及）"", ""price_hint"": ""300,27,68"", ""mentions"": ""7"", ""source"": ""review_text""}, {""title"": ""酒水相关（评论提及）"", ""price_hint"": ""300,27,68"", ""mentions"": ""6"", ""source"": ""review_text""}, {""title"": ""包厢相关（评论提及）"", ""price_hint"": ""300,27,68"", ""mentions"": ""4"", ""source"": ""review_text""}]",5.0,,,"{""category"": """", ""region"": """", ""shop_region"": ""北京 / 回龙观商圈 / 量贩式KTV"", ""amap_best_name"": ""唱吧麦颂KTV(回龙观禧乐汇店)"", ""amap_best_score"": ""0.9286"", ""amap_min_score_applied"": ""0.00"", ""review_rows"": ""100""}",search+review_api+offline_enriched,2026-02-14 23:47:05
k18Vn7IJsXhWrdiX,瑞丽KTV,北四环保福寺桥东南角辽宁大厦4层,海淀区,116.336982,39.984905,0.0,2.0,,,"[{""title"": ""团购（评论提及）"", ""price_hint"": """", ""mentions"": ""1"", ""source"": ""review_text""}]",1.0,,,"{""category"": """", ""region"": """", ""shop_region"": ""北京 / 首都机场商圈 / KTV"", ""amap_best_name"": ""华丽汇"", ""amap_best_score"": ""0.4000"", ""amap_min_score_applied"": ""0.00"", ""review_rows"": ""3""}",search+review_api+offline_enriched,2026-02-14 23:47:05
H2KmFzeeB8yvJ8cb,魅KTV·AI辅唱(北京西三旗万象汇店),北三环东路33号苏宁易购西侧4层,东城区,116.409872,39.969401,4.0,41.0,,,"[{""title"": ""套餐（评论提及）"", ""price_hint"": """", ""mentions"": ""2"", ""source"": ""review_text""}, {""title"": ""团购（评论提及）"", ""price_hint"": """", ""mentions"": ""2"", ""source"": ""review_text""}, {""title"": ""包厢相关（评论提及）"", ""price_hint"": """", ""mentions"": ""3"", ""source"": ""review_text""}]",3.0,,,"{""category"": """", ""region"": """", ""shop_region"": ""北京 / 西三旗商圈 / 量贩式KTV"", ""amap_best_name"": ""魅KTV·AI辅唱(安贞桥店)"", ""amap_best_score"": ""0.6400"", ""amap_min_score_applied"": ""0.00"", ""review_rows"": ""97""}",search+review_api+offline_enriched,2026-02-14 23:47:06
k8ONSqeWSVxSyMeh,七公烤翅·川菜·KTV·音乐餐吧(城关店),春和路39号院3号楼4-102、103,大兴区,116.356567,39.772276,4.0,667.0,,,"[{""title"": ""套餐（评论提及）"", ""price_hint"": ""88"", ""mentions"": ""8"", ""source"": ""review_text""}, {""title"": ""团购（评论提及）"", ""price_hint"": ""88"", ""mentions"": ""3"", ""source"": ""review_text""}, {""title"": ""欢唱时长（评论提及）"", ""price_hint"": ""88"", ""mentions"": ""4"", ""source"": ""review_text""}, {""title"": ""酒水相关（评论提及）"", ""price_hint"": ""88"", ""mentions"": ""1"", ""source"": ""review_text""}, {""title"": ""包厢相关（评论提及）"", ""price_hint"": ""88"", ""mentions"": ""1"", ""source"": ""review_text""}]",5.0,,,"{""category"": """", ""region"": """", ""shop_region"": ""北京 / 城关街道商圈 / 烤翅"", ""amap_best_name"": ""星π音乐餐厅(大兴店)"", ""amap_best_score"": ""0.4800"", ""amap_min_score_applied"": ""0.00"", ""review_rows"": ""100""}",search+review_api+offline_enriched,2026-02-14 23:47:06
k7zarfxlnnPmeKU4,宝乐迪量贩式KTV(丰台集美广场店),卢沟桥街道万丰路312号,丰台区,116.29337,39.87371,3.5,271.0,,,"[{""title"": ""套餐（评论提及）"", ""price_hint"": ""120,218"", ""mentions"": ""15"", ""source"": ""review_text""}, {""title"": ""团购（评论提及）"", ""price_hint"": ""120,218"", ""mentions"": ""10"", ""source"": ""review_text""}, {""title"": ""欢唱时长（评论提及）"", ""price_hint"": ""120,218"", ""mentions"": ""15"", ""source"": ""review_text""}, {""title"": ""酒水相关（评论提及）"", ""price_hint"": ""120,218"", ""mentions"": ""10"", ""source"": ""review_text""}, {""title"": ""包厢相关（评论提及）"", ""price_hint"": ""120,218"", ""mentions"": ""7"", ""source"": ""review_text""}]",5.0,,,"{""category"": """", ""region"": """", ""shop_region"": ""北京 / 卢沟桥商圈 / 量贩式KTV"", ""amap_best_name"": ""宝乐迪量贩式KTV(万丰路店)"", ""amap_best_score"": ""0.6667"", ""amap_min_score_applied"": ""0.00"", ""review_rows"": ""100""}",search+review_api+offline_enriched,2026-02-14 23:47:07
l6GhCkekraeNbzJd,宝乐汇量贩式KTV(大红门店),马家堡东路106号院1号楼B1层,丰台区,116.38708,39.842751,3.3,102.0,,,"[{""title"": ""套餐（评论提及）"", ""price_hint"": ""200,68,600"", ""mentions"": ""4"", ""source"": ""review_text""}, {""title"": ""团购（评论提及）"", ""price_hint"": ""200,68,600"", ""mentions"": ""15"", ""source"": ""review_text""}, {""title"": ""欢唱时长（评论提及）"", ""price_hint"": ""200,68,600"", ""mentions"": ""9"", ""source"": ""review_text""}, {""title"": ""酒水相关（评论提及）"", ""price_hint"": ""200,68,600"", ""mentions"": ""4"", ""source"": ""review_text""}, {""title"": ""包厢相关（评论提及）"", ""price_hint"": ""200,68,600"", ""mentions"": ""1"", ""source"": ""review_text""}]",5.0,,,"{""category"": """", ""region"": """", ""shop_region"": ""北京 / 洋桥/木樨园 / 量贩式KTV"", ""amap_best_name"": ""宝乐汇量贩式KTV(大红门店)"", ""amap_best_score"": ""1.0000"", ""amap_min_score_applied"": ""0.00"", ""review_rows"": ""100""}",search+review_api+offline_enriched,2026-02-14 23:47:07
Ha5CiF9JruhtMzJV,畅歌(高丽营店),顺沙路高丽营四村村委会斜对面,顺义区,116.499899,40.16998,3.5,22.0,,,"[{""title"": ""套餐（评论提及）"", ""price_hint"": """", ""mentions"": ""4"", ""source"": ""review_text""}, {""title"": ""酒水相关（评论提及）"", ""price_hint"": """", ""mentions"": ""7"", ""source"": ""review_text""}, {""title"": ""包厢相关（评论提及）"", ""price_hint"": """", ""mentions"": ""7"", ""source"": ""review_text""}]",3.0,,,"{""category"": """", ""region"": """", ""shop_region"": ""北京 / 顺义区 / 量贩式KTV"", ""amap_best_name"": ""唱歌量贩KTV(高丽营店)"", ""amap_best_score"": ""0.8750"", ""amap_min_score_applied"": ""0.00"", ""review_rows"": ""22""}",search+review_api+offline_enriched,2026-02-14 23:47:07
G9eJIhaOOtDEMaOM,快乐天地KTV(京南嘉园店),南顶路甲23号三层、四层、五层,丰台区,116.411094,39.842424,3.2,36.0,,,"[{""title"": ""套餐（评论提及）"", ""price_hint"": ""198,88"", ""mentions"": ""2"", ""source"": ""review_text""}, {""title"": ""欢唱时长（评论提及）"", ""price_hint"": ""198,88"", ""mentions"": ""4"", ""source"": ""review_text""}, {""title"": ""酒水相关（评论提及）"", ""price_hint"": ""198,88"", ""mentions"": ""1"", ""source"": ""review_text""}]",3.0,,,"{""category"": """", ""region"": """", ""shop_region"": ""北京 / 窦店镇商圈 / KTV"", ""amap_best_name"": ""乐巢量贩式KTV(南顶路店)"", ""amap_best_score"": ""0.5263"", ""amap_min_score_applied"": ""0.00"", ""review_rows"": ""38""}",search+review_api+offline_enriched,2026-02-14 23:47:08
G4E3V8UQK4gmx2W3,乐唱量贩式KTV(万丰路店),卢沟桥街道万丰路312号,丰台区,116.29337,39.87371,3.4,1726.0,,,"[{""title"": ""套餐（评论提及）"", ""price_hint"": ""200,15,114"", ""mentions"": ""10"", ""source"": ""review_text""}, {""title"": ""团购（评论提及）"", ""price_hint"": ""200,15,114"", ""mentions"": ""6"", ""source"": ""review_text""}, {""title"": ""欢唱时长（评论提及）"", ""price_hint"": ""200,15,114"", ""mentions"": ""17"", ""source"": ""review_text""}, {""title"": ""酒水相关（评论提及）"", ""price_hint"": ""200,15,114"", ""mentions"": ""7"", ""source"": ""review_text""}, {""title"": ""包厢相关（评论提及）"", ""price_hint"": ""200,15,114"", ""mentions"": ""6"", ""source"": ""review_text""}]",5.0,,,"{""category"": """", ""region"": """", ""shop_region"": ""北京 / 六里桥/丽泽桥 / 量贩式KTV"", ""amap_best_name"": ""宝乐迪量贩式KTV(万丰路店)"", ""amap_best_score"": ""0.8235"", ""amap_min_score_applied"": ""0.00"", ""review_rows"": ""100""}",search+review_api+offline_enriched,2026-02-14 23:47:08
Ff3FZp1F3jLg7Fbe,友唱·全民K歌(北京富力广场店),306省道177号院,顺义区,116.698815,40.133453,0.0,7.0,,,,,,,"{""category"": """", ""region"": """", ""shop_region"": ""北京 / 双井 / KTV"", ""amap_best_name"": ""友乐会量贩KTV(财富广场店)"", ""amap_best_score"": ""0.6667"", ""amap_min_score_applied"": ""0.00"", ""review_rows"": ""8""}",search+review_api+offline_enriched,2026-02-14 23:47:09
l5hpF88I1BpV9uBG,蓝樽KTV,天通北苑三区北1门西240米,昌平区,116.429001,40.079149,3.6,123.0,,,"[{""title"": ""套餐（评论提及）"", ""price_hint"": ""58"", ""mentions"": ""3"", ""source"": ""review_text""}, {""title"": ""团购（评论提及）"", ""price_hint"": ""58"", ""mentions"": ""19"", ""source"": ""review_text""}, {""title"": ""欢唱时长（评论提及）"", ""price_hint"": ""58"", ""mentions"": ""6"", ""source"": ""review_text""}, {""title"": ""酒水相关（评论提及）"", ""price_hint"": ""58"", ""mentions"": ""1"", ""source"": ""review_text""}, {""title"": ""包厢相关（评论提及）"", ""price_hint"": ""58"", ""mentions"": ""1"", ""source"": ""review_text""}]",5.0,,,"{""category"": """", ""region"": """", ""shop_region"": ""密云区 / 密云县县城 / 量贩式KTV"", ""amap_best_name"": ""京樽量贩式KTV"", ""amap_best_score"": ""0.5000"", ""amap_min_score_applied"": ""0.00"", ""review_rows"": ""100""}",search+review_api+offline_enriched,2026-02-14 23:47:09
k6aEaFGlOqhi89aj,麦尊KTV北小营分店,后礼务路与顺密路交叉口西北40米,顺义区,116.724576,40.195378,0.0,1.0,,,,,,,"{""category"": """", ""region"": """", ""shop_region"": ""北京 / 顺义区 / KTV"", ""amap_best_name"": ""麦尊KTV北小营分店"", ""amap_best_score"": ""1.0000"", ""amap_min_score_applied"": ""0.00"", ""review_rows"": ""1""}",search+review_api+offline_enriched,2026-02-14 23:47:09
H8I10udeMneiyxFZ,夏都之夜麦KTV,马连道东街15号院一号楼商业B1层,西城区,116.331851,39.884419,0.0,,,,,,,,"{""category"": """", ""region"": """", ""shop_region"": """", ""amap_best_name"": ""麦K量贩式KTV"", ""amap_best_score"": ""0.2857"", ""amap_min_score_applied"": ""0.00""}",search+review_api+offline_enriched,2026-02-14 23:47:10
k93IK55lgYBIgCHh,咏歌汇量贩KTV(十里河店),美里食光商场(北京西站地铁站1东北入口步行370米),海淀区,116.322825,39.897475,3.3,83.0,,,"[{""title"": ""套餐（评论提及）"", ""price_hint"": ""100"", ""mentions"": ""2"", ""source"": ""review_text""}, {""title"": ""团购（评论提及）"", ""price_hint"": ""100"", ""mentions"": ""2"", ""source"": ""review_text""}, {""title"": ""酒水相关（评论提及）"", ""price_hint"": ""100"", ""mentions"": ""3"", ""source"": ""review_text""}, {""title"": ""包厢相关（评论提及）"", ""price_hint"": ""100"", ""mentions"": ""11"", ""source"": ""review_text""}]",4.0,,,"{""category"": """", ""region"": """", ""shop_region"": ""北京 / 十里河 / 量贩式KTV"", ""amap_best_name"": ""咏歌汇量贩式KTV(北京西站店)"", ""amap_best_score"": ""0.7059"", ""amap_min_score_applied"": ""0.00"", ""review_rows"": ""100""}",search+review_api+offline_enriched,2026-02-14 23:47:11
k6O7x8UBEVqgUefk,宝乐汇量贩式KTV(安贞店),马家堡东路106号院1号楼B1层,丰台区,116.38708,39.842751,3.8,29.0,,,"[{""title"": ""套餐（评论提及）"", ""price_hint"": """", ""mentions"": ""1"", ""source"": ""review_text""}, {""title"": ""欢唱时长（评论提及）"", ""price_hint"": """", ""mentions"": ""1"", ""source"": ""review_text""}, {""title"": ""包厢相关（评论提及）"", ""price_hint"": """", ""mentions"": ""7"", ""source"": ""review_text""}]",3.0,,,"{""category"": """", ""region"": """", ""shop_region"": ""北京 / 安贞商圈 / 量贩式KTV"", ""amap_best_name"": ""宝乐汇量贩式KTV(大红门店)"", ""amap_best_score"": ""0.7059"", ""amap_min_score_applied"": ""0.00"", ""review_rows"": ""98""}",search+review_api+offline_enriched,2026-02-14 23:47:11
Ga5ES208ZYH1soDC,唱吧麦颂ktv(北工大店),北京城区东四北大街343号3层,东城区,116.41711,39.928466,4.1,1967.0,,,"[{""title"": ""套餐（评论提及）"", ""price_hint"": ""168"", ""mentions"": ""6"", ""source"": ""review_text""}, {""title"": ""团购（评论提及）"", ""price_hint"": ""168"", ""mentions"": ""13"", ""source"": ""review_text""}, {""title"": ""欢唱时长（评论提及）"", ""price_hint"": ""168"", ""mentions"": ""13"", ""source"": ""review_text""}, {""title"": ""酒水相关（评论提及）"", ""price_hint"": ""168"", ""mentions"": ""8"", ""source"": ""review_text""}, {""title"": ""包厢相关（评论提及）"", ""price_hint"": ""168"", ""mentions"": ""8"", ""source"": ""review_text""}]",5.0,,,"{""category"": """", ""region"": """", ""shop_region"": ""北京 / 北京欢乐谷 / 量贩式KTV"", ""amap_best_name"": ""唱吧麦颂KTV(东四北大街店)"", ""amap_best_score"": ""0.8182"", ""amap_min_score_applied"": ""0.00"", ""review_rows"": ""100""}",search+review_api+offline_enriched,2026-02-14 23:47:12
H77gUOmL5YCDQI40,友乐会KTV,云岗路与迎宾东路交叉口东南100米,丰台区,116.167018,39.809165,3.1,58.0,,,"[{""title"": ""套餐（评论提及）"", ""price_hint"": """", ""mentions"": ""1"", ""source"": ""review_text""}, {""title"": ""团购（评论提及）"", ""price_hint"": """", ""mentions"": ""3"", ""source"": ""review_text""}, {""title"": ""欢唱时长（评论提及）"", ""price_hint"": """", ""mentions"": ""16"", ""source"": ""review_text""}, {""title"": ""酒水相关（评论提及）"", ""price_hint"": """", ""mentions"": ""2"", ""source"": ""review_text""}, {""title"": ""包厢相关（评论提及）"", ""price_hint"": """", ""mentions"": ""11"", ""source"": ""review_text""}]",5.0,,,"{""category"": """", ""region"": """", ""shop_region"": ""北京 / 顺义城区 / 量贩式KTV"", ""amap_best_name"": ""友乐迪量贩式KTV"", ""amap_best_score"": ""0.6667"", ""amap_min_score_applied"": ""0.00"", ""review_rows"": ""100""}",search+review_api+offline_enriched,2026-02-14 23:47:12
kaS4h3BGvDKexcfX,利平量贩式KTV(吉利大学店),昌流路马池口社区服务中心C座1号,昌平区,116.171132,40.183181,3.4,28.0,,,"[{""title"": ""团购（评论提及）"", ""price_hint"": ""40,28"", ""mentions"": ""1"", ""source"": ""review_text""}, {""title"": ""欢唱时长（评论提及）"", ""price_hint"": ""40,28"", ""mentions"": ""8"", ""source"": ""review_text""}, {""title"": ""包厢相关（评论提及）"", ""price_hint"": ""40,28"", ""mentions"": ""2"", ""source"": ""review_text""}]",3.0,,,"{""category"": """", ""region"": """", ""shop_region"": ""北京 / 昌平区 / 量贩式KTV"", ""amap_best_name"": ""利平KTV(吉利大学店)"", ""amap_best_score"": ""1.0000"", ""amap_min_score_applied"": ""0.00"", ""review_rows"": ""100""}",search+review_api+offline_enriched,2026-02-14 23:47:13
G8mK2JUkEwOl95Xu,食音汇量贩式ktv(首都机场店),通顺路27号,顺义区,116.660456,40.099574,0.0,3.0,,,"[{""title"": ""团购（评论提及）"", ""price_hint"": """", ""mentions"": ""1"", ""source"": ""review_text""}, {""title"": ""欢唱时长（评论提及）"", ""price_hint"": """", ""mentions"": ""1"", ""source"": ""review_text""}]",2.0,,,"{""category"": """", ""region"": """", ""shop_region"": """", ""amap_best_name"": ""食音汇量贩式KTV(首都机场店)"", ""amap_best_score"": ""1.0000"", ""amap_min_score_applied"": ""0.00"", ""review_rows"": ""3""}",search+review_api+offline_enriched,2026-02-14 23:47:13
H4bpIaNiD3m5tWC9,量贩式KTV,西单北大街109号三层(灵境胡同地铁站D西南口步行280米),西城区,116.37309,39.913888,0.0,,,,,,,,"{""category"": """", ""region"": """", ""shop_region"": """", ""amap_best_name"": ""魅KTV(西单店)"", ""amap_best_score"": ""0.0000"", ""amap_min_score_applied"": ""0.00""}",search+review_api+offline_enriched,2026-02-14 23:47:13
G8E97T5NKRhEYIkV,串龙派对.量贩式KTV(昌平超级合生汇店),北京城区北清路1号院15号楼地上2层10-L2-01,昌平区,116.293007,40.098309,3.5,86.0,,,"[{""title"": ""套餐（评论提及）"", ""price_hint"": ""99"", ""mentions"": ""14"", ""source"": ""review_text""}, {""title"": ""团购（评论提及）"", ""price_hint"": ""99"", ""mentions"": ""2"", ""source"": ""review_text""}, {""title"": ""欢唱时长（评论提及）"", ""price_hint"": ""99"", ""mentions"": ""14"", ""source"": ""review_text""}, {""title"": ""酒水相关（评论提及）"", ""price_hint"": ""99"", ""mentions"": ""2"", ""source"": ""review_text""}, {""title"": ""包厢相关（评论提及）"", ""price_hint"": ""99"", ""mentions"": ""6"", ""source"": ""review_text""}]",5.0,,,"{""category"": """", ""region"": """", ""shop_region"": ""北京 / 回龙观商圈 / 量贩式KTV"", ""amap_best_name"": ""星聚会KTV(北京超极合生汇店)"", ""amap_best_score"": ""0.5600"", ""amap_min_score_applied"": ""0.00"", ""review_rows"": ""100""}",search+review_api+offline_enriched,2026-02-14 23:47:14
l8jtlP9oxJilO5Xr,宝乐汇量贩式KTV(康泽园店),马家堡东路106号院1号楼B1层,丰台区,116.38708,39.842751,4.2,60.0,,,"[{""title"": ""套餐（评论提及）"", ""price_hint"": """", ""mentions"": ""1"", ""source"": ""review_text""}, {""title"": ""团购（评论提及）"", ""price_hint"": """", ""mentions"": ""1"", ""source"": ""review_text""}, {""title"": ""包厢相关（评论提及）"", ""price_hint"": """", ""mentions"": ""3"", ""source"": ""review_text""}]",3.0,,,"{""category"": """", ""region"": """", ""shop_region"": ""北京 / 大红门商圈 / 量贩式KTV"", ""amap_best_name"": ""宝乐汇量贩式KTV(大红门店)"", ""amap_best_score"": ""0.6667"", ""amap_min_score_applied"": ""0.00"", ""review_rows"": ""100""}",search+review_api+offline_enriched,2026-02-14 23:47:14
kasgV13BONbfDnQc,煌盛音乐餐吧(99KTV顺义店),石门街与顺西路交汇处(15号线石门站西南出口)聚乐汇4层,顺义区,116.640277,40.12928,0.0,4.0,,,"[{""title"": ""团购（评论提及）"", ""price_hint"": """", ""mentions"": ""3"", ""source"": ""review_text""}]",1.0,,,"{""category"": """", ""region"": """", ""shop_region"": ""北京 / 首都机场T3航站楼 / 量贩式KTV"", ""amap_best_name"": ""麦乐汇KTV(顺义石门店)"", ""amap_best_score"": ""0.5217"", ""amap_min_score_applied"": ""0.00"", ""review_rows"": ""29""}",search+review_api+offline_enriched,2026-02-14 23:47:15
l3TElAh4xCTR7Dn2,酷秀KTV(顺义国泰店),建国路93号院万达广场A座新世界百货3层,朝阳区,116.472707,39.909427,0.0,13.0,,,"[{""title"": ""包厢相关（评论提及）"", ""price_hint"": """", ""mentions"": ""5"", ""source"": ""review_text""}]",1.0,,,"{""category"": """", ""region"": """", ""shop_region"": ""北京 / 顺义城区 / 量贩式KTV"", ""amap_best_name"": ""酷秀KTV(国贸店)"", ""amap_best_score"": ""0.7500"", ""amap_min_score_applied"": ""0.00"", ""review_rows"": ""18""}",search+review_api+offline_enriched,2026-02-14 23:47:15
k66BmlH1NQCD3tz2,唱吧麦颂KTV(石景山古城财富中心店),古城西路113号景山财富中心F1层,石景山区,116.178284,39.915002,4.4,604.0,,,"[{""title"": ""套餐（评论提及）"", ""price_hint"": ""48,98"", ""mentions"": ""8"", ""source"": ""review_text""}, {""title"": ""团购（评论提及）"", ""price_hint"": ""48,98"", ""mentions"": ""4"", ""source"": ""review_text""}, {""title"": ""欢唱时长（评论提及）"", ""price_hint"": ""48,98"", ""mentions"": ""8"", ""source"": ""review_text""}, {""title"": ""酒水相关（评论提及）"", ""price_hint"": ""48,98"", ""mentions"": ""4"", ""source"": ""review_text""}, {""title"": ""包厢相关（评论提及）"", ""price_hint"": ""48,98"", ""mentions"": ""7"", ""source"": ""review_text""}]",5.0,,,"{""category"": """", ""region"": """", ""shop_region"": ""北京 / 古城/八角 / 量贩式KTV"", ""amap_best_name"": ""唱吧麦颂KTV(景山财富中心店)"", ""amap_best_score"": ""0.8966"", ""amap_min_score_applied"": ""0.00"", ""review_rows"": ""100""}",search+review_api+offline_enriched,2026-02-14 23:47:16
G581mLeVZbQ8qrmX,唱吧麦颂KTV(方庄南路店),北京城区蒲方路12、14号楼,丰台区,116.432094,39.865678,4.0,223.0,,,"[{""title"": ""套餐（评论提及）"", ""price_hint"": """", ""mentions"": ""4"", ""source"": ""review_text""}, {""title"": ""团购（评论提及）"", ""price_hint"": """", ""mentions"": ""5"", ""source"": ""review_text""}, {""title"": ""欢唱时长（评论提及）"", ""price_hint"": """", ""mentions"": ""6"", ""source"": ""review_text""}, {""title"": ""包厢相关（评论提及）"", ""price_hint"": """", ""mentions"": ""25"", ""source"": ""review_text""}]",4.0,,,"{""category"": """", ""region"": """", ""shop_region"": ""北京 / 方庄/蒲黄榆 / 量贩式KTV"", ""amap_best_name"": ""唱吧麦颂KTV(北京方庄店)"", ""amap_best_score"": ""0.9000"", ""amap_min_score_applied"": ""0.00"", ""review_rows"": ""100""}",search+review_api+offline_enriched,2026-02-14 23:47:17
l2W4B74RceCiWU4Z,金晔四纪量贩式KTV(回龙观店),回龙观西大街美廉美3层99室,昌平区,116.323087,40.076655,3.9,193.0,,,"[{""title"": ""套餐（评论提及）"", ""price_hint"": ""580,40,100"", ""mentions"": ""3"", ""source"": ""review_text""}, {""title"": ""团购（评论提及）"", ""price_hint"": ""580,40,100"", ""mentions"": ""15"", ""source"": ""review_text""}, {""title"": ""欢唱时长（评论提及）"", ""price_hint"": ""580,40,100"", ""mentions"": ""6"", ""source"": ""review_text""}, {""title"": ""酒水相关（评论提及）"", ""price_hint"": ""580,40,100"", ""mentions"": ""2"", ""source"": ""review_text""}, {""title"": ""包厢相关（评论提及）"", ""price_hint"": ""580,40,100"", ""mentions"": ""7"", ""source"": ""review_text""}]",5.0,,,"{""category"": """", ""region"": """", ""shop_region"": ""北京 / 回龙观商圈 / 量贩式KTV"", ""amap_best_name"": ""星汇KTV(回龙观店)"", ""amap_best_score"": ""0.6667"", ""amap_min_score_applied"": ""0.00"", ""review_rows"": ""100""}",search+review_api+offline_enriched,2026-02-14 23:47:17
H3RV4lS3L2R4bY4J,四季酒店KTV,荣华中路20号丰大国际大酒店,大兴区,116.508786,39.795709,0.0,,,,,,,,"{""category"": """", ""region"": """", ""shop_region"": """", ""amap_best_name"": ""丰大国际大酒店KTV"", ""amap_best_score"": ""0.3636"", ""amap_min_score_applied"": ""0.00""}",search+review_api+offline_enriched,2026-02-14 23:47:17
H3tfg5N2Iz2tezKU,咏歌汇量贩KTV(蒋宅口店),美里食光商场(北京西站地铁站1东北入口步行370米),海淀区,116.322825,39.897475,4.1,217.0,,,"[{""title"": ""套餐（评论提及）"", ""price_hint"": """", ""mentions"": ""4"", ""source"": ""review_text""}, {""title"": ""团购（评论提及）"", ""price_hint"": """", ""mentions"": ""3"", ""source"": ""review_text""}, {""title"": ""欢唱时长（评论提及）"", ""price_hint"": """", ""mentions"": ""5"", ""source"": ""review_text""}, {""title"": ""酒水相关（评论提及）"", ""price_hint"": """", ""mentions"": ""1"", ""source"": ""review_text""}, {""title"": ""包厢相关（评论提及）"", ""price_hint"": """", ""mentions"": ""9"", ""source"": ""review_text""}]",5.0,,,"{""category"": """", ""region"": """", ""shop_region"": ""北京 / 安定门商圈 / 量贩式KTV"", ""amap_best_name"": ""咏歌汇量贩式KTV(北京西站店)"", ""amap_best_score"": ""0.7059"", ""amap_min_score_applied"": ""0.00"", ""review_rows"": ""100""}",search+review_api+offline_enriched,2026-02-14 23:47:18
k7M7EUzxeqXRmqFQ,公爵KTV,中关村南大街与民族大学南路交叉口东60米,海淀区,116.324908,39.948622,3.5,11.0,,,"[{""title"": ""套餐（评论提及）"", ""price_hint"": """", ""mentions"": ""3"", ""source"": ""review_text""}, {""title"": ""团购（评论提及）"", ""price_hint"": """", ""mentions"": ""2"", ""source"": ""review_text""}, {""title"": ""酒水相关（评论提及）"", ""price_hint"": """", ""mentions"": ""3"", ""source"": ""review_text""}]",3.0,,,"{""category"": """", ""region"": """", ""shop_region"": ""延庆区 / 康庄商圈 / 量贩式KTV"", ""amap_best_name"": ""奢蘭商务公馆"", ""amap_best_score"": ""0.2500"", ""amap_min_score_applied"": ""0.00"", ""review_rows"": ""14""}",search+review_api+offline_enriched,2026-02-14 23:47:18
HawK5NGWGO5YnX8K,友唱·M,云岗路与迎宾东路交叉口东南100米,丰台区,116.167018,39.809165,3.2,13.0,,,"[{""title"": ""欢唱时长（评论提及）"", ""price_hint"": """", ""mentions"": ""2"", ""source"": ""review_text""}]",1.0,,,"{""category"": """", ""region"": """", ""shop_region"": ""北京 / 常营 / 迷你KTV"", ""amap_best_name"": ""友乐迪量贩式KTV"", ""amap_best_score"": ""0.3333"", ""amap_min_score_applied"": ""0.00"", ""review_rows"": ""13""}",search+review_api+offline_enriched,2026-02-14 23:47:19
layTaB9eM6zKEhKA,唱吧麦颂KTV(奥体中心店),北京城区慧忠北里-214号楼3层,朝阳区,116.403693,40.005383,4.5,793.0,,,"[{""title"": ""套餐（评论提及）"", ""price_hint"": ""59"", ""mentions"": ""12"", ""source"": ""review_text""}, {""title"": ""团购（评论提及）"", ""price_hint"": ""59"", ""mentions"": ""12"", ""source"": ""review_text""}, {""title"": ""欢唱时长（评论提及）"", ""price_hint"": ""59"", ""mentions"": ""12"", ""source"": ""review_text""}, {""title"": ""酒水相关（评论提及）"", ""price_hint"": ""59"", ""mentions"": ""8"", ""source"": ""review_text""}, {""title"": ""包厢相关（评论提及）"", ""price_hint"": ""59"", ""mentions"": ""19"", ""source"": ""review_text""}]",5.0,,,"{""category"": """", ""region"": """", ""shop_region"": ""北京 / 亚运村商圈 / 量贩式KTV"", ""amap_best_name"": ""唱吧麦颂KTV(中心鸟巢店)"", ""amap_best_score"": ""0.8182"", ""amap_min_score_applied"": ""0.00"", ""review_rows"": ""100""}",search+review_api+offline_enriched,2026-02-14 23:47:19
l9CTVxbVycoJLB37,夜之宴量贩式KTV(槐房万达广场店),谷丰东路31号院3层3F-2室,平谷区,117.121338,40.160036,0.0,,,,,,,,"{""category"": """", ""region"": """", ""shop_region"": """", ""amap_best_name"": ""魅KTV(北京平谷万达广场店)"", ""amap_best_score"": ""0.6364"", ""amap_min_score_applied"": ""0.00""}",search+review_api+offline_enriched,2026-02-14 23:47:19
H4ih81CeNyN4CUN6,麦浪音乐餐吧(劲松金钻店),农光东里34号楼3层,朝阳区,116.467937,39.88395,4.3,69.0,,,"[{""title"": ""套餐（评论提及）"", ""price_hint"": """", ""mentions"": ""4"", ""source"": ""review_text""}, {""title"": ""团购（评论提及）"", ""price_hint"": """", ""mentions"": ""5"", ""source"": ""review_text""}, {""title"": ""欢唱时长（评论提及）"", ""price_hint"": """", ""mentions"": ""7"", ""source"": ""review_text""}, {""title"": ""酒水相关（评论提及）"", ""price_hint"": """", ""mentions"": ""1"", ""source"": ""review_text""}, {""title"": ""包厢相关（评论提及）"", ""price_hint"": """", ""mentions"": ""15"", ""source"": ""review_text""}]",5.0,,,"{""category"": """", ""region"": """", ""shop_region"": ""北京 / 劲松/潘家园 / 量贩式KTV"", ""amap_best_name"": ""魅KTV(劲松店)"", ""amap_best_score"": ""0.5263"", ""amap_min_score_applied"": ""0.00"", ""review_rows"": ""100""}",search+review_api+offline_enriched,2026-02-14 23:47:20
Ha7nNdMRf96gpTUu,乐朝会量贩式KTV,小鲁店南街103号,朝阳区,116.590493,39.842218,3.4,54.0,,,"[{""title"": ""套餐（评论提及）"", ""price_hint"": """", ""mentions"": ""2"", ""source"": ""review_text""}, {""title"": ""团购（评论提及）"", ""price_hint"": """", ""mentions"": ""5"", ""source"": ""review_text""}, {""title"": ""欢唱时长（评论提及）"", ""price_hint"": """", ""mentions"": ""9"", ""source"": ""review_text""}, {""title"": ""酒水相关（评论提及）"", ""price_hint"": """", ""mentions"": ""1"", ""source"": ""review_text""}, {""title"": ""包厢相关（评论提及）"", ""price_hint"": """", ""mentions"": ""5"", ""source"": ""review_text""}]",5.0,,,"{""category"": """", ""region"": """", ""shop_region"": ""北京 / 北关 / 量贩式KTV"", ""amap_best_name"": ""河畔边边音乐会"", ""amap_best_score"": ""0.4000"", ""amap_min_score_applied"": ""0.00"", ""review_rows"": ""100""}",search+review_api+offline_enriched,2026-02-14 23:47:20
G1qdkukhpRgDsxt7,麦迪汇ktv,旧忠路7号,大兴区,116.451088,39.802263,3.2,13.0,,,"[{""title"": ""套餐（评论提及）"", ""price_hint"": """", ""mentions"": ""2"", ""source"": ""review_text""}, {""title"": ""欢唱时长（评论提及）"", ""price_hint"": """", ""mentions"": ""6"", ""source"": ""review_text""}, {""title"": ""酒水相关（评论提及）"", ""price_hint"": """", ""mentions"": ""1"", ""source"": ""review_text""}, {""title"": ""包厢相关（评论提及）"", ""price_hint"": """", ""mentions"": ""2"", ""source"": ""review_text""}]",4.0,,,"{""category"": """", ""region"": """", ""shop_region"": ""北京 / 旧宫 / 量贩式KTV"", ""amap_best_name"": ""麦迪汇KTV"", ""amap_best_score"": ""1.0000"", ""amap_min_score_applied"": ""0.00"", ""review_rows"": ""37""}",search+review_api+offline_enriched,2026-02-14 23:47:21
G2IJ339Mx8tnRsOe,欢乐颂量贩式KTV(石景山万商店),北京市石景山区万商运动中心南侧地下一层,石景山区,116.218464,39.904592,3.7,290.0,,,"[{""title"": ""套餐（评论提及）"", ""price_hint"": ""60,200"", ""mentions"": ""4"", ""source"": ""review_text""}, {""title"": ""团购（评论提及）"", ""price_hint"": ""60,200"", ""mentions"": ""6"", ""source"": ""review_text""}, {""title"": ""欢唱时长（评论提及）"", ""price_hint"": ""60,200"", ""mentions"": ""9"", ""source"": ""review_text""}, {""title"": ""酒水相关（评论提及）"", ""price_hint"": ""60,200"", ""mentions"": ""6"", ""source"": ""review_text""}, {""title"": ""包厢相关（评论提及）"", ""price_hint"": ""60,200"", ""mentions"": ""13"", ""source"": ""review_text""}]",5.0,,,"{""category"": """", ""region"": """", ""shop_region"": ""北京 / 鲁谷商圈 / 量贩式KTV"", ""amap_best_name"": ""欢乐颂量贩式KTV(万商店)"", ""amap_best_score"": ""0.8421"", ""amap_min_score_applied"": ""0.00"", ""review_rows"": ""85""}",search+review_api+offline_enriched,2026-02-14 23:47:22
k40jaay12GdCbF9u,金童量贩KTV,广安门内大街6枫桦豪景(菜市口地铁站D西南口步行270米),西城区,116.371785,39.888665,3.3,49.0,,,"[{""title"": ""套餐（评论提及）"", ""price_hint"": """", ""mentions"": ""5"", ""source"": ""review_text""}, {""title"": ""团购（评论提及）"", ""price_hint"": """", ""mentions"": ""4"", ""source"": ""review_text""}, {""title"": ""欢唱时长（评论提及）"", ""price_hint"": """", ""mentions"": ""2"", ""source"": ""review_text""}, {""title"": ""酒水相关（评论提及）"", ""price_hint"": """", ""mentions"": ""4"", ""source"": ""review_text""}, {""title"": ""包厢相关（评论提及）"", ""price_hint"": """", ""mentions"": ""7"", ""source"": ""review_text""}]",5.0,,,"{""category"": """", ""region"": """", ""shop_region"": ""北京 / 广内大街 / 量贩式KTV"", ""amap_best_name"": ""金麦圣量贩KTV"", ""amap_best_score"": ""0.4000"", ""amap_min_score_applied"": ""0.00"", ""review_rows"": ""52""}",search+review_api+offline_enriched,2026-02-14 23:47:23
k60MFQ94QEz7Wphx,爱畅KTV音箱(公主坟店),复兴路33号翠微百货A座5F层,海淀区,116.303043,39.9083,4.7,6.0,,,,,,,"{""category"": """", ""region"": """", ""shop_region"": ""北京 / 公主坟/万寿路 / 数码产品"", ""amap_best_name"": ""魅KTV·AI辅唱(公主坟翠微店)"", ""amap_best_score"": ""0.5217"", ""amap_min_score_applied"": ""0.00"", ""review_rows"": ""6""}",search+review_api+offline_enriched,2026-02-14 23:47:23
G4rbTq5cHCf877nN,柒号汇量贩,北四环保福寺桥东南角辽宁大厦4层,海淀区,116.336982,39.984905,0.0,,,,,,,,"{""category"": """", ""region"": """", ""shop_region"": """", ""amap_best_name"": ""华丽汇"", ""amap_best_score"": ""0.3333"", ""amap_min_score_applied"": ""0.00""}",search+review_api+offline_enriched,2026-02-14 23:47:23
G8cvZwaweuylDn2b,宝乐汇量贩KTV(三环新城店),马家堡东路106号院1号楼B1层,丰台区,116.38708,39.842751,3.4,294.0,,,"[{""title"": ""套餐（评论提及）"", ""price_hint"": """", ""mentions"": ""6"", ""source"": ""review_text""}, {""title"": ""团购（评论提及）"", ""price_hint"": """", ""mentions"": ""8"", ""source"": ""review_text""}, {""title"": ""欢唱时长（评论提及）"", ""price_hint"": """", ""mentions"": ""10"", ""source"": ""review_text""}, {""title"": ""酒水相关（评论提及）"", ""price_hint"": """", ""mentions"": ""4"", ""source"": ""review_text""}, {""title"": ""包厢相关（评论提及）"", ""price_hint"": """", ""mentions"": ""8"", ""source"": ""review_text""}]",5.0,,,"{""category"": """", ""region"": """", ""shop_region"": ""北京 / 夏家胡同/纪家庙 / 量贩式KTV"", ""amap_best_name"": ""宝乐汇量贩式KTV(大红门店)"", ""amap_best_score"": ""0.6316"", ""amap_min_score_applied"": ""0.00"", ""review_rows"": ""100""}",search+review_api+offline_enriched,2026-02-14 23:47:25
H2edFpSUEwNtHnvQ,玺BISTRO·音乐餐吧·KTV·生日·团建聚会,北京城区双燕街3号院10号等22幢,密云区,116.817488,40.370796,4.4,242.0,,,"[{""title"": ""套餐（评论提及）"", ""price_hint"": """", ""mentions"": ""16"", ""source"": ""review_text""}, {""title"": ""团购（评论提及）"", ""price_hint"": """", ""mentions"": ""2"", ""source"": ""review_text""}, {""title"": ""欢唱时长（评论提及）"", ""price_hint"": """", ""mentions"": ""5"", ""source"": ""review_text""}, {""title"": ""酒水相关（评论提及）"", ""price_hint"": """", ""mentions"": ""2"", ""source"": ""review_text""}, {""title"": ""包厢相关（评论提及）"", ""price_hint"": """", ""mentions"": ""3"", ""source"": ""review_text""}]",5.0,,,"{""category"": """", ""region"": """", ""shop_region"": ""北京 / 建外大街 / 特色菜"", ""amap_best_name"": ""拾光音乐餐厅酒吧"", ""amap_best_score"": ""0.3200"", ""amap_min_score_applied"": ""0.00"", ""review_rows"": ""100""}",search+review_api+offline_enriched,2026-02-14 23:47:26
l1LM6Ih4yIwc39qv,盛年欢歌,顺沙路与高白路交叉口西120米,顺义区,116.500361,40.169944,0.0,1.0,,,,,,,"{""category"": """", ""region"": """", ""shop_region"": ""北京 / 洋桥/木樨园 / KTV"", ""amap_best_name"": ""畅歌量贩KTV"", ""amap_best_score"": ""0.3333"", ""amap_min_score_applied"": ""0.00"", ""review_rows"": ""1""}",search+review_api+offline_enriched,2026-02-14 23:47:26
H3S77XoWUXxx4Yq5,爱畅KTV音箱(甘家口店),北京城区三里河路17号5层504,海淀区,116.33349,39.927264,3.6,1.0,,,,,,,"{""category"": """", ""region"": """", ""shop_region"": ""北京 / 航天桥 / 数码产品"", ""amap_best_name"": ""唱吧麦颂KTV(甘家口大厦店)"", ""amap_best_score"": ""0.5455"", ""amap_min_score_applied"": ""0.00"", ""review_rows"": ""1""}",search+review_api+offline_enriched,2026-02-14 23:47:27
H9X8qcAB4swuITIa,畅歌量贩式KTV(国泰谊宾店),建国门外大街甲6号华熙国际中心C座B1层,朝阳区,116.456884,39.907086,3.8,62.0,,,"[{""title"": ""套餐（评论提及）"", ""price_hint"": ""78"", ""mentions"": ""4"", ""source"": ""review_text""}, {""title"": ""团购（评论提及）"", ""price_hint"": ""78"", ""mentions"": ""2"", ""source"": ""review_text""}, {""title"": ""欢唱时长（评论提及）"", ""price_hint"": ""78"", ""mentions"": ""3"", ""source"": ""review_text""}, {""title"": ""包厢相关（评论提及）"", ""price_hint"": ""78"", ""mentions"": ""6"", ""source"": ""review_text""}]",4.0,,,"{""category"": """", ""region"": """", ""shop_region"": ""北京 / 顺义城区 / 量贩式KTV"", ""amap_best_name"": ""温莎KTV(北京国贸店)"", ""amap_best_score"": ""0.5000"", ""amap_min_score_applied"": ""0.00"", ""review_rows"": ""100""}",search+review_api+offline_enriched,2026-02-14 23:47:28
HaeGqOoNx3Uy6gIg,蓝色港湾,渤海镇渡水山庄,怀柔区,116.529169,40.391994,3.6,4.0,,,"[{""title"": ""欢唱时长（评论提及）"", ""price_hint"": """", ""mentions"": ""1"", ""source"": ""review_text""}]",1.0,,,"{""category"": """", ""region"": """", ""shop_region"": ""怀柔区 / 怀柔区 / KTV"", ""amap_best_name"": ""蓝色港湾"", ""amap_best_score"": ""1.0000"", ""amap_min_score_applied"": ""0.00"", ""review_rows"": ""7""}",search+review_api+offline_enriched,2026-02-14 23:47:28
k442FNqYlmHuVp1Z,金地宝来KTV,八里桥通惠北路18号,通州区,116.642857,39.915485,3.6,21.0,,,"[{""title"": ""套餐（评论提及）"", ""price_hint"": ""20,10"", ""mentions"": ""1"", ""source"": ""review_text""}, {""title"": ""团购（评论提及）"", ""price_hint"": ""20,10"", ""mentions"": ""1"", ""source"": ""review_text""}, {""title"": ""欢唱时长（评论提及）"", ""price_hint"": ""20,10"", ""mentions"": ""4"", ""source"": ""review_text""}, {""title"": ""酒水相关（评论提及）"", ""price_hint"": ""20,10"", ""mentions"": ""3"", ""source"": ""review_text""}]",4.0,,,"{""category"": """", ""region"": """", ""shop_region"": ""密云区 / 密云县县城 / 量贩式KTV"", ""amap_best_name"": ""金宝来KTV"", ""amap_best_score"": ""0.8571"", ""amap_min_score_applied"": ""0.00"", ""review_rows"": ""100""}",search+review_api+offline_enriched,2026-02-14 23:47:28
l5cqzeg1EriFaDxx,星梦KTV,良锦路一号院一号楼二层202,房山区,116.1348,39.680831,0.0,7.0,,,"[{""title"": ""欢唱时长（评论提及）"", ""price_hint"": """", ""mentions"": ""1"", ""source"": ""review_text""}]",1.0,,,"{""category"": """", ""region"": """", ""shop_region"": ""北京 / 昌平镇 / 停车场"", ""amap_best_name"": ""星河量贩KTV"", ""amap_best_score"": ""0.5000"", ""amap_min_score_applied"": ""0.00"", ""review_rows"": ""7""}",search+review_api+offline_enriched,2026-02-14 23:47:29
G92uiLjLaJ8gUDij,KTV,西单北大街109号三层(灵境胡同地铁站D西南口步行280米),西城区,116.37309,39.913888,0.0,,,,,,,,"{""category"": """", ""region"": """", ""shop_region"": """", ""amap_best_name"": ""魅KTV(西单店)"", ""amap_best_score"": ""0.0000"", ""amap_min_score_applied"": ""0.00""}",search+review_api+offline_enriched,2026-02-14 23:47:29
G2dV07oawPwfHMQa,时代世纪会KTV,新南路39号,密云区,116.868411,40.376998,0.0,1.0,,,,,,,"{""category"": """", ""region"": """", ""shop_region"": ""北京 / 中关村商圈 / KTV"", ""amap_best_name"": ""世纪丰泰KTV"", ""amap_best_score"": ""0.4444"", ""amap_min_score_applied"": ""0.00"", ""review_rows"": ""1""}",search+review_api+offline_enriched,2026-02-14 23:47:29
l2U0YrhdGsl6VDFH,友唱(清河万象汇店),清河中街68号,海淀区,116.335984,40.030149,0.0,1.0,,,,,,,"{""category"": """", ""region"": """", ""shop_region"": ""北京 / 清河商圈 / KTV"", ""amap_best_name"": ""M-ONE KTV(清河万象汇店)"", ""amap_best_score"": ""0.7273"", ""amap_min_score_applied"": ""0.00"", ""review_rows"": ""1""}",search+review_api+offline_enriched,2026-02-14 23:47:30
k7cGaCbqUCDKHaKp,北遇量贩式KTV,北三环中路67号中视云投大厦,海淀区,116.367594,39.969484,3.4,76.0,,,"[{""title"": ""套餐（评论提及）"", ""price_hint"": ""38,40,100"", ""mentions"": ""9"", ""source"": ""review_text""}, {""title"": ""团购（评论提及）"", ""price_hint"": ""38,40,100"", ""mentions"": ""3"", ""source"": ""review_text""}, {""title"": ""欢唱时长（评论提及）"", ""price_hint"": ""38,40,100"", ""mentions"": ""17"", ""source"": ""review_text""}, {""title"": ""酒水相关（评论提及）"", ""price_hint"": ""38,40,100"", ""mentions"": ""6"", ""source"": ""review_text""}, {""title"": ""包厢相关（评论提及）"", ""price_hint"": ""38,40,100"", ""mentions"": ""3"", ""source"": ""review_text""}]",5.0,,,"{""category"": """", ""region"": """", ""shop_region"": ""北京 / 次渠 / 量贩式KTV"", ""amap_best_name"": ""北三环音乐厅"", ""amap_best_score"": ""0.2500"", ""amap_min_score_applied"": ""0.00"", ""review_rows"": ""100""}",search+review_api+offline_enriched,2026-02-14 23:47:30
H6HOaaXdzvqr7AhO,唱吧麦颂KTV·派对(东坝店),北京城区东中街九号东环广场A座b1,东城区,116.43616,39.937828,3.6,1016.0,,,"[{""title"": ""套餐（评论提及）"", ""price_hint"": """", ""mentions"": ""1"", ""source"": ""review_text""}, {""title"": ""团购（评论提及）"", ""price_hint"": """", ""mentions"": ""6"", ""source"": ""review_text""}, {""title"": ""欢唱时长（评论提及）"", ""price_hint"": """", ""mentions"": ""12"", ""source"": ""review_text""}, {""title"": ""酒水相关（评论提及）"", ""price_hint"": """", ""mentions"": ""5"", ""source"": ""review_text""}, {""title"": ""包厢相关（评论提及）"", ""price_hint"": """", ""mentions"": ""5"", ""source"": ""review_text""}]",5.0,,,"{""category"": """", ""region"": """", ""shop_region"": ""北京 / 东坝 / 量贩式KTV"", ""amap_best_name"": ""唱吧麦颂KTV(东环广场店)"", ""amap_best_score"": ""0.7273"", ""amap_min_score_applied"": ""0.00"", ""review_rows"": ""100""}",search+review_api+offline_enriched,2026-02-14 23:47:31
H4ZIWt3xGi7HHKOv,嘉年华量贩式KTV,北四环保福寺桥东南角辽宁大厦4层,海淀区,116.336982,39.984905,3.3,10.0,,,"[{""title"": ""套餐（评论提及）"", ""price_hint"": """", ""mentions"": ""1"", ""source"": ""review_text""}, {""title"": ""团购（评论提及）"", ""price_hint"": """", ""mentions"": ""2"", ""source"": ""review_text""}, {""title"": ""欢唱时长（评论提及）"", ""price_hint"": """", ""mentions"": ""2"", ""source"": ""review_text""}, {""title"": ""酒水相关（评论提及）"", ""price_hint"": """", ""mentions"": ""1"", ""source"": ""review_text""}]",4.0,,,"{""category"": """", ""region"": """", ""shop_region"": ""北京 / 马坡牛栏山镇 / 量贩式KTV"", ""amap_best_name"": ""华丽汇"", ""amap_best_score"": ""0.3333"", ""amap_min_score_applied"": ""0.00"", ""review_rows"": ""24""}",search+review_api+offline_enriched,2026-02-14 23:47:32
H2Hr0DmXUnmIU8VF,唱刻(凯德MALL大峡谷店),广顺北大街33号院215号楼06层601内06-01号,朝阳区,116.467841,39.993649,0.0,4.0,,,,,,,"{""category"": """", ""region"": """", ""shop_region"": ""北京 / 马家堡/角门 / KTV"", ""amap_best_name"": ""魅KTV(望京凯德MALL店)"", ""amap_best_score"": ""0.6923"", ""amap_min_score_applied"": ""0.00"", ""review_rows"": ""4""}",search+review_api+offline_enriched,2026-02-14 23:47:32
k1gtSdLPrZRzP71s,唱吧麦颂KTV(东环广场店),北京城区东中街九号东环广场A座b1,东城区,116.43616,39.937828,3.3,535.0,,,"[{""title"": ""套餐（评论提及）"", ""price_hint"": ""50,120,88"", ""mentions"": ""8"", ""source"": ""review_text""}, {""title"": ""团购（评论提及）"", ""price_hint"": ""50,120,88"", ""mentions"": ""20"", ""source"": ""review_text""}, {""title"": ""欢唱时长（评论提及）"", ""price_hint"": ""50,120,88"", ""mentions"": ""38"", ""source"": ""review_text""}, {""title"": ""酒水相关（评论提及）"", ""price_hint"": ""50,120,88"", ""mentions"": ""2"", ""source"": ""review_text""}, {""title"": ""包厢相关（评论提及）"", ""price_hint"": ""50,120,88"", ""mentions"": ""12"", ""source"": ""review_text""}]",5.0,,,"{""category"": """", ""region"": """", ""shop_region"": ""北京 / 东直门商圈 / 量贩式KTV"", ""amap_best_name"": ""唱吧麦颂KTV(东环广场店)"", ""amap_best_score"": ""1.0000"", ""amap_min_score_applied"": ""0.00"", ""review_rows"": ""100""}",search+review_api+offline_enriched,2026-02-14 23:47:33
l9AyhcHzSoFXxG9J,唱吧麦颂KTV(宋家庄地铁站店),垡头街道双合北街10号楼合憬荟购物中心,朝阳区,116.526842,39.858845,3.8,1371.0,,,"[{""title"": ""套餐（评论提及）"", ""price_hint"": ""268,98"", ""mentions"": ""6"", ""source"": ""review_text""}, {""title"": ""团购（评论提及）"", ""price_hint"": ""268,98"", ""mentions"": ""8"", ""source"": ""review_text""}, {""title"": ""欢唱时长（评论提及）"", ""price_hint"": ""268,98"", ""mentions"": ""10"", ""source"": ""review_text""}, {""title"": ""酒水相关（评论提及）"", ""price_hint"": ""268,98"", ""mentions"": ""3"", ""source"": ""review_text""}, {""title"": ""包厢相关（评论提及）"", ""price_hint"": ""268,98"", ""mentions"": ""3"", ""source"": ""review_text""}]",5.0,,,"{""category"": """", ""region"": """", ""shop_region"": ""北京 / 刘家窑/宋家庄 / 量贩式KTV"", ""amap_best_name"": ""唱吧麦颂KTV(双合地铁站店)"", ""amap_best_score"": ""0.8000"", ""amap_min_score_applied"": ""0.00"", ""review_rows"": ""100""}",search+review_api+offline_enriched,2026-02-14 23:47:34
k7YJA1DMPZSR5zwI,久度音符DJ音乐水吧,兴谷路14-1,平谷区,117.132643,40.153343,3.6,14.0,,,"[{""title"": ""欢唱时长（评论提及）"", ""price_hint"": """", ""mentions"": ""5"", ""source"": ""review_text""}, {""title"": ""酒水相关（评论提及）"", ""price_hint"": """", ""mentions"": ""2"", ""source"": ""review_text""}, {""title"": ""包厢相关（评论提及）"", ""price_hint"": """", ""mentions"": ""3"", ""source"": ""review_text""}]",3.0,,,"{""category"": """", ""region"": """", ""shop_region"": ""密云区 / 密云县县城 / 量贩式KTV"", ""amap_best_name"": ""拾肆号音乐串吧"", ""amap_best_score"": ""0.3529"", ""amap_min_score_applied"": ""0.00"", ""review_rows"": ""23""}",search+review_api+offline_enriched,2026-02-14 23:47:34
G74bl1HvKDh1O6uW,万都金港量贩式KTV(长城环岛旗舰店),北京城区新发地中央粮油批发市场西5门E厅1021,丰台区,116.336375,39.819775,3.9,177.0,,,"[{""title"": ""套餐（评论提及）"", ""price_hint"": ""28,88,369"", ""mentions"": ""18"", ""source"": ""review_text""}, {""title"": ""团购（评论提及）"", ""price_hint"": ""28,88,369"", ""mentions"": ""11"", ""source"": ""review_text""}, {""title"": ""欢唱时长（评论提及）"", ""price_hint"": ""28,88,369"", ""mentions"": ""13"", ""source"": ""review_text""}, {""title"": ""酒水相关（评论提及）"", ""price_hint"": ""28,88,369"", ""mentions"": ""10"", ""source"": ""review_text""}, {""title"": ""包厢相关（评论提及）"", ""price_hint"": ""28,88,369"", ""mentions"": ""2"", ""source"": ""review_text""}]",5.0,,,"{""category"": """", ""region"": """", ""shop_region"": ""密云区 / 长城环岛 / 量贩式KTV"", ""amap_best_name"": ""京特糖果(北京旗舰店)"", ""amap_best_score"": ""0.4545"", ""amap_min_score_applied"": ""0.00"", ""review_rows"": ""100""}",search+review_api+offline_enriched,2026-02-14 23:47:35
k7v3VYF5hauDN8Uw,唱吧麦颂KTV(四元桥花家地店),曙光西里街甲6号院9号楼1至2层,朝阳区,116.448836,39.964038,4.0,150.0,,,"[{""title"": ""套餐（评论提及）"", ""price_hint"": ""15,28"", ""mentions"": ""7"", ""source"": ""review_text""}, {""title"": ""团购（评论提及）"", ""price_hint"": ""15,28"", ""mentions"": ""8"", ""source"": ""review_text""}, {""title"": ""欢唱时长（评论提及）"", ""price_hint"": ""15,28"", ""mentions"": ""11"", ""source"": ""review_text""}, {""title"": ""酒水相关（评论提及）"", ""price_hint"": ""15,28"", ""mentions"": ""15"", ""source"": ""review_text""}, {""title"": ""包厢相关（评论提及）"", ""price_hint"": ""15,28"", ""mentions"": ""9"", ""source"": ""review_text""}]",5.0,,,"{""category"": """", ""region"": """", ""shop_region"": ""北京 / 望京 / 量贩式KTV"", ""amap_best_name"": ""唱吧麦颂KTV(三元桥店)"", ""amap_best_score"": ""0.7826"", ""amap_min_score_applied"": ""0.00"", ""review_rows"": ""100""}",search+review_api+offline_enriched,2026-02-14 23:47:35
H9puU7TPRhJPoJOl,爱畅KTV音箱(三里屯店),北京城区工人体育场北路甲6号楼3层301等,朝阳区,116.456435,39.93264,3.8,1.0,,,,,,,"{""category"": """", ""region"": """", ""shop_region"": ""北京 / 三里屯/工体 / 数码产品"", ""amap_best_name"": ""唱吧麦颂KTV(三里屯店)"", ""amap_best_score"": ""0.6000"", ""amap_min_score_applied"": ""0.00"", ""review_rows"": ""1""}",search+review_api+offline_enriched,2026-02-14 23:47:35
H2P6x5Ennm1hmDo7,友乐汇量贩式KTV(熙旺中心店),双峪路35号西贸国际A座B1层,门头沟区,116.113196,39.935295,4.7,713.0,,,"[{""title"": ""套餐（评论提及）"", ""price_hint"": ""78,71"", ""mentions"": ""3"", ""source"": ""review_text""}, {""title"": ""团购（评论提及）"", ""price_hint"": ""78,71"", ""mentions"": ""8"", ""source"": ""review_text""}, {""title"": ""欢唱时长（评论提及）"", ""price_hint"": ""78,71"", ""mentions"": ""12"", ""source"": ""review_text""}, {""title"": ""酒水相关（评论提及）"", ""price_hint"": ""78,71"", ""mentions"": ""3"", ""source"": ""review_text""}, {""title"": ""包厢相关（评论提及）"", ""price_hint"": ""78,71"", ""mentions"": ""14"", ""source"": ""review_text""}]",5.0,,,"{""category"": """", ""region"": """", ""shop_region"": ""门头沟区 / 门头沟城区 / 量贩式KTV"", ""amap_best_name"": ""友乐汇量贩式KTV(熙旺中心店)"", ""amap_best_score"": ""1.0000"", ""amap_min_score_applied"": ""0.00"", ""review_rows"": ""100""}",search+review_api+offline_enriched,2026-02-14 23:47:36
jncCjyqrVQPAk0wx,景晨轩量贩式KTV,定泗路与立汤路交叉口东220米,昌平区,116.414624,40.117071,3.2,94.0,,,"[{""title"": ""套餐（评论提及）"", ""price_hint"": ""100,300,388"", ""mentions"": ""6"", ""source"": ""review_text""}, {""title"": ""团购（评论提及）"", ""price_hint"": ""100,300,388"", ""mentions"": ""11"", ""source"": ""review_text""}, {""title"": ""欢唱时长（评论提及）"", ""price_hint"": ""100,300,388"", ""mentions"": ""25"", ""source"": ""review_text""}, {""title"": ""酒水相关（评论提及）"", ""price_hint"": ""100,300,388"", ""mentions"": ""6"", ""source"": ""review_text""}, {""title"": ""包厢相关（评论提及）"", ""price_hint"": ""100,300,388"", ""mentions"": ""6"", ""source"": ""review_text""}]",5.0,,,"{""category"": """", ""region"": """", ""shop_region"": ""北京 / 上地商圈 / 量贩式KTV"", ""amap_best_name"": ""冠鼎轩量贩式KTV"", ""amap_best_score"": ""0.3333"", ""amap_min_score_applied"": ""0.00"", ""review_rows"": ""100""}",search+review_api+offline_enriched,2026-02-14 23:47:36
l4f4Y2dQFhwLI4pw,七品鑫柜(通州店),黄船埠街2号院2号楼6层601-A602A603,通州区,116.658257,39.923785,3.7,966.0,,,"[{""title"": ""套餐（评论提及）"", ""price_hint"": ""80,88,238"", ""mentions"": ""13"", ""source"": ""review_text""}, {""title"": ""团购（评论提及）"", ""price_hint"": ""80,88,238"", ""mentions"": ""13"", ""source"": ""review_text""}, {""title"": ""欢唱时长（评论提及）"", ""price_hint"": ""80,88,238"", ""mentions"": ""16"", ""source"": ""review_text""}, {""title"": ""酒水相关（评论提及）"", ""price_hint"": ""80,88,238"", ""mentions"": ""5"", ""source"": ""review_text""}, {""title"": ""包厢相关（评论提及）"", ""price_hint"": ""80,88,238"", ""mentions"": ""3"", ""source"": ""review_text""}]",5.0,,,"{""category"": """", ""region"": """", ""shop_region"": ""北京 / 新华大街 / 量贩式KTV"", ""amap_best_name"": ""魅KTV(通州乐堤港店)"", ""amap_best_score"": ""0.5556"", ""amap_min_score_applied"": ""0.00"", ""review_rows"": ""100""}",search+review_api+offline_enriched,2026-02-14 23:47:37
l2KQJJInltB0Vgg3,舞夜亮点KTV,黄村西大街兴华南路1号(黄村西大街地铁站D西南口步行80米),大兴区,116.332091,39.730461,0.0,3.0,,,"[{""title"": ""欢唱时长（评论提及）"", ""price_hint"": """", ""mentions"": ""1"", ""source"": ""review_text""}]",1.0,,,"{""category"": """", ""region"": """", ""shop_region"": ""北京 / 卢沟桥商圈 / 休闲娱乐"", ""amap_best_name"": ""夜之宴量贩KTV"", ""amap_best_score"": ""0.2857"", ""amap_min_score_applied"": ""0.00"", ""review_rows"": ""3""}",search+review_api+offline_enriched,2026-02-14 23:47:37
H8eMvfGDsF2fLSrN,唱吧麦颂KTV(环球新意店),妫水北街29号延庆大厦三层唱吧麦颂(口福居三楼),延庆区,115.97726,40.462031,4.7,447.0,,,"[{""title"": ""套餐（评论提及）"", ""price_hint"": ""88"", ""mentions"": ""3"", ""source"": ""review_text""}, {""title"": ""团购（评论提及）"", ""price_hint"": ""88"", ""mentions"": ""6"", ""source"": ""review_text""}, {""title"": ""欢唱时长（评论提及）"", ""price_hint"": ""88"", ""mentions"": ""6"", ""source"": ""review_text""}, {""title"": ""酒水相关（评论提及）"", ""price_hint"": ""88"", ""mentions"": ""2"", ""source"": ""review_text""}, {""title"": ""包厢相关（评论提及）"", ""price_hint"": ""88"", ""mentions"": ""4"", ""source"": ""review_text""}]",5.0,,,"{""category"": """", ""region"": """", ""shop_region"": ""延庆区 / 延庆城区 / 量贩式KTV"", ""amap_best_name"": ""唱吧麦颂KTV(延庆环球新意店)"", ""amap_best_score"": ""0.9167"", ""amap_min_score_applied"": ""0.00"", ""review_rows"": ""100""}",search+review_api+offline_enriched,2026-02-14 23:47:38
l5LgWsVpuKTy5YIQ,迎宾轩KTV洗浴(西贯市村商业步行街店),永定镇冯村商业街建行左侧出入口三楼,门头沟区,116.111409,39.91063,0.0,4.0,,,,,,,"{""category"": """", ""region"": """", ""shop_region"": ""北京 / 昌平区 / KTV"", ""amap_best_name"": ""纯咖KTV(冯村商业街店)"", ""amap_best_score"": ""0.5185"", ""amap_min_score_applied"": ""0.00"", ""review_rows"": ""4""}",search+review_api+offline_enriched,2026-02-14 23:47:39
Gav8FwtPkNGe0HfF,纯咖KTV(冯村商业街店),永定镇冯村商业街建行左侧出入口三楼,门头沟区,116.111409,39.91063,4.7,293.0,,,"[{""title"": ""套餐（评论提及）"", ""price_hint"": ""500,118"", ""mentions"": ""7"", ""source"": ""review_text""}, {""title"": ""团购（评论提及）"", ""price_hint"": ""500,118"", ""mentions"": ""7"", ""source"": ""review_text""}, {""title"": ""欢唱时长（评论提及）"", ""price_hint"": ""500,118"", ""mentions"": ""6"", ""source"": ""review_text""}, {""title"": ""酒水相关（评论提及）"", ""price_hint"": ""500,118"", ""mentions"": ""5"", ""source"": ""review_text""}, {""title"": ""包厢相关（评论提及）"", ""price_hint"": ""500,118"", ""mentions"": ""4"", ""source"": ""review_text""}]",5.0,,,"{""category"": """", ""region"": """", ""shop_region"": ""门头沟区 / 门头沟城区 / 量贩式KTV"", ""amap_best_name"": ""纯咖KTV(冯村商业街店)"", ""amap_best_score"": ""1.0000"", ""amap_min_score_applied"": ""0.00"", ""review_rows"": ""100""}",search+review_api+offline_enriched,2026-02-14 23:47:39
l3fzcErKydnIIMQ7,唛乐汇量贩式KTV,黄村镇狼垡一村长丰园3区14号楼1层,大兴区,116.293802,39.779611,3.2,27.0,,,"[{""title"": ""套餐（评论提及）"", ""price_hint"": ""49,50"", ""mentions"": ""2"", ""source"": ""review_text""}, {""title"": ""团购（评论提及）"", ""price_hint"": ""49,50"", ""mentions"": ""1"", ""source"": ""review_text""}, {""title"": ""欢唱时长（评论提及）"", ""price_hint"": ""49,50"", ""mentions"": ""9"", ""source"": ""review_text""}, {""title"": ""酒水相关（评论提及）"", ""price_hint"": ""49,50"", ""mentions"": ""4"", ""source"": ""review_text""}, {""title"": ""包厢相关（评论提及）"", ""price_hint"": ""49,50"", ""mentions"": ""17"", ""source"": ""review_text""}]",5.0,,,"{""category"": """", ""region"": """", ""shop_region"": ""北京 / 大兴区 / 量贩式KTV"", ""amap_best_name"": ""唛乐汇量贩式KTV"", ""amap_best_score"": ""1.0000"", ""amap_min_score_applied"": ""0.00"", ""review_rows"": ""87""}",search+review_api+offline_enriched,2026-02-14 23:47:40
H5JCwIKKu523qb8s,唱吧麦颂KTV(回龙观港龙中心店),回龙观西大街18号港龙商业中心2段B1层,昌平区,116.332551,40.078729,3.8,1120.0,,,"[{""title"": ""套餐（评论提及）"", ""price_hint"": ""98,58,980"", ""mentions"": ""5"", ""source"": ""review_text""}, {""title"": ""团购（评论提及）"", ""price_hint"": ""98,58,980"", ""mentions"": ""4"", ""source"": ""review_text""}, {""title"": ""欢唱时长（评论提及）"", ""price_hint"": ""98,58,980"", ""mentions"": ""9"", ""source"": ""review_text""}, {""title"": ""酒水相关（评论提及）"", ""price_hint"": ""98,58,980"", ""mentions"": ""3"", ""source"": ""review_text""}, {""title"": ""包厢相关（评论提及）"", ""price_hint"": ""98,58,980"", ""mentions"": ""6"", ""source"": ""review_text""}]",5.0,,,"{""category"": """", ""region"": """", ""shop_region"": ""北京 / 回龙观商圈 / 量贩式KTV"", ""amap_best_name"": ""唱吧麦颂KTV(港龙中心店)"", ""amap_best_score"": ""0.8800"", ""amap_min_score_applied"": ""0.00"", ""review_rows"": ""100""}",search+review_api+offline_enriched,2026-02-14 23:47:41
ka2tzc5n2XATXKPl,唱吧麦颂KTV(月坛南街京饮华天商厦店),月坛南街30号京饮华天商场F4层,西城区,116.340885,39.913781,3.5,1156.0,,,"[{""title"": ""团购（评论提及）"", ""price_hint"": ""418,248"", ""mentions"": ""5"", ""source"": ""review_text""}, {""title"": ""欢唱时长（评论提及）"", ""price_hint"": ""418,248"", ""mentions"": ""7"", ""source"": ""review_text""}, {""title"": ""酒水相关（评论提及）"", ""price_hint"": ""418,248"", ""mentions"": ""7"", ""source"": ""review_text""}, {""title"": ""包厢相关（评论提及）"", ""price_hint"": ""418,248"", ""mentions"": ""9"", ""source"": ""review_text""}]",4.0,,,"{""category"": """", ""region"": """", ""shop_region"": ""北京 / 月坛商圈 / 量贩式KTV"", ""amap_best_name"": ""唱吧麦颂KTV(月坛南街京饮华天商厦店)(暂停营业)"", ""amap_best_score"": ""0.9300"", ""amap_min_score_applied"": ""0.00"", ""review_rows"": ""100""}",search+review_api+offline_enriched,2026-02-14 23:47:42
kamJ555DYLdOk8Gr,欢乐颂量贩式KTV,永定路与正大南路交叉口东南160米,海淀区,116.265275,39.908825,0.0,,,,,,,,"{""category"": """", ""region"": """", ""shop_region"": """", ""amap_best_name"": ""欢乐颂量贩式KTV"", ""amap_best_score"": ""1.0000"", ""amap_min_score_applied"": ""0.00""}",search+review_api+offline_enriched,2026-02-14 23:47:42
H5I1iCcBOOPkPAyC,火狐狸轰趴·KTV桌游PS5(青年路店),西大望路15号外企大厦C座5层,朝阳区,116.477132,39.894205,4.1,77.0,,,"[{""title"": ""欢唱时长（评论提及）"", ""price_hint"": """", ""mentions"": ""17"", ""source"": ""review_text""}, {""title"": ""酒水相关（评论提及）"", ""price_hint"": """", ""mentions"": ""1"", ""source"": ""review_text""}, {""title"": ""包厢相关（评论提及）"", ""price_hint"": """", ""mentions"": ""3"", ""source"": ""review_text""}]",3.0,,,"{""category"": """", ""region"": """", ""shop_region"": ""北京 / 朝阳大悦城 / 轰趴馆"", ""amap_best_name"": ""魅KTV(大望路店)"", ""amap_best_score"": ""0.3478"", ""amap_min_score_applied"": ""0.00"", ""review_rows"": ""88""}",search+review_api+offline_enriched,2026-02-14 23:47:42
k17LZswniq0mevup,宝乐汇量贩式KTV(宋家庄店),丰台区双庙村125号院1号楼,丰台区,116.428753,39.838319,3.0,62.0,,,"[{""title"": ""套餐（评论提及）"", ""price_hint"": ""400,150,30"", ""mentions"": ""1"", ""source"": ""review_text""}, {""title"": ""团购（评论提及）"", ""price_hint"": ""400,150,30"", ""mentions"": ""6"", ""source"": ""review_text""}, {""title"": ""欢唱时长（评论提及）"", ""price_hint"": ""400,150,30"", ""mentions"": ""4"", ""source"": ""review_text""}, {""title"": ""酒水相关（评论提及）"", ""price_hint"": ""400,150,30"", ""mentions"": ""7"", ""source"": ""review_text""}, {""title"": ""包厢相关（评论提及）"", ""price_hint"": ""400,150,30"", ""mentions"": ""5"", ""source"": ""review_text""}]",5.0,,,"{""category"": """", ""region"": """", ""shop_region"": ""北京 / 刘家窑/宋家庄 / 量贩式KTV"", ""amap_best_name"": ""宝乐汇量贩式KTV(宋家庄店)"", ""amap_best_score"": ""1.0000"", ""amap_min_score_applied"": ""0.00"", ""review_rows"": ""100""}",search+review_api+offline_enriched,2026-02-14 23:47:43
k1sRsOg00iyNHAMT,爱畅KTV音箱(SKP店),八里庄街道建国路89号院17号楼1-B1层,朝阳区,116.482051,39.911138,0.0,,,,,,,,"{""category"": """", ""region"": """", ""shop_region"": """", ""amap_best_name"": ""星聚会KTV(X Party北京SKP店)"", ""amap_best_score"": ""0.4800"", ""amap_min_score_applied"": ""0.00""}",search+review_api+offline_enriched,2026-02-14 23:47:43
G6eT8h31jylPaYWS,春风时叁量贩唱吧(北京供销农资大厦店),黄寺大街路15号佰隆大厦2层,朝阳区,116.388577,39.963499,0.0,5.0,,,,,,,"{""category"": """", ""region"": """", ""shop_region"": ""北京 / 北大地/万丰路 / 量贩式KTV"", ""amap_best_name"": ""唱吧麦颂KTV(佰隆大厦店)"", ""amap_best_score"": ""0.5385"", ""amap_min_score_applied"": ""0.00"", ""review_rows"": ""6""}",search+review_api+offline_enriched,2026-02-14 23:47:44
G4jCgaQVgjag7dYg,爱畅KTV音箱（金源mall店）,广顺北大街33号院215号楼06层601内06-01号,朝阳区,116.467841,39.993649,4.1,2.0,,,,,,,"{""category"": """", ""region"": """", ""shop_region"": ""北京 / 远大路 / 数码产品"", ""amap_best_name"": ""魅KTV(望京凯德MALL店)"", ""amap_best_score"": ""0.5600"", ""amap_min_score_applied"": ""0.00"", ""review_rows"": ""2""}",search+review_api+offline_enriched,2026-02-14 23:47:44
G9dIdn0fbc9RIN0M,天贵唱吧量贩式KTV,西单北大街130号华威潮铺街5层,西城区,116.374545,39.911608,3.4,184.0,,,"[{""title"": ""套餐（评论提及）"", ""price_hint"": ""80,20,99"", ""mentions"": ""3"", ""source"": ""review_text""}, {""title"": ""团购（评论提及）"", ""price_hint"": ""80,20,99"", ""mentions"": ""8"", ""source"": ""review_text""}, {""title"": ""欢唱时长（评论提及）"", ""price_hint"": ""80,20,99"", ""mentions"": ""22"", ""source"": ""review_text""}, {""title"": ""酒水相关（评论提及）"", ""price_hint"": ""80,20,99"", ""mentions"": ""8"", ""source"": ""review_text""}, {""title"": ""包厢相关（评论提及）"", ""price_hint"": ""80,20,99"", ""mentions"": ""5"", ""source"": ""review_text""}]",5.0,,,"{""category"": """", ""region"": """", ""shop_region"": ""北京 / 北大地/万丰路 / 量贩式KTV"", ""amap_best_name"": ""唱吧麦颂量贩KTV(西单店)"", ""amap_best_score"": ""0.3077"", ""amap_min_score_applied"": ""0.00"", ""review_rows"": ""100""}",search+review_api+offline_enriched,2026-02-14 23:47:44
k2YXiFJfv6zmbXmA,梦知时歌厅,金顶西街与铸造村小街交叉口东40米,石景山区,116.160527,39.92833,0.0,,,,,,,,"{""category"": """", ""region"": """", ""shop_region"": """", ""amap_best_name"": ""玉鼎歌舞厅"", ""amap_best_score"": ""0.4000"", ""amap_min_score_applied"": ""0.00""}",search+review_api+offline_enriched,2026-02-14 23:47:45
k8sHQKBpiWUBAsn4,首座KTV,文化北街11号北京市平谷区经济和信息化委员会附近,平谷区,117.117826,40.154,3.3,14.0,,,"[{""title"": ""欢唱时长（评论提及）"", ""price_hint"": ""25,20"", ""mentions"": ""6"", ""source"": ""review_text""}]",1.0,,,"{""category"": """", ""region"": """", ""shop_region"": ""北京 / 芍药居 / KTV"", ""amap_best_name"": ""鑫座KTV量贩歌城"", ""amap_best_score"": ""0.3333"", ""amap_min_score_applied"": ""0.00"", ""review_rows"": ""14""}",search+review_api+offline_enriched,2026-02-14 23:47:45
k12rEmACS5PjRQL5,大田轰趴馆·团建·桌游·KTV,苏州街18号院长远天地大厦A座F2层,海淀区,116.30656,39.977386,4.5,106.0,,,"[{""title"": ""套餐（评论提及）"", ""price_hint"": ""280"", ""mentions"": ""1"", ""source"": ""review_text""}, {""title"": ""欢唱时长（评论提及）"", ""price_hint"": ""280"", ""mentions"": ""3"", ""source"": ""review_text""}, {""title"": ""酒水相关（评论提及）"", ""price_hint"": ""280"", ""mentions"": ""4"", ""source"": ""review_text""}]",3.0,,,"{""category"": """", ""region"": """", ""shop_region"": ""北京 / 旧宫 / 轰趴馆"", ""amap_best_name"": ""相遇轰趴·桌游·团建·KTV"", ""amap_best_score"": ""0.4706"", ""amap_min_score_applied"": ""0.00"", ""review_rows"": ""100""}",search+review_api+offline_enriched,2026-02-14 23:47:46
G7KDAd8SXDymGSDO,泰山量贩式KTV,新南路39号,密云区,116.868411,40.376998,3.4,17.0,,,"[{""title"": ""团购（评论提及）"", ""price_hint"": ""100,80"", ""mentions"": ""4"", ""source"": ""review_text""}, {""title"": ""欢唱时长（评论提及）"", ""price_hint"": ""100,80"", ""mentions"": ""4"", ""source"": ""review_text""}, {""title"": ""酒水相关（评论提及）"", ""price_hint"": ""100,80"", ""mentions"": ""5"", ""source"": ""review_text""}, {""title"": ""包厢相关（评论提及）"", ""price_hint"": ""100,80"", ""mentions"": ""1"", ""source"": ""review_text""}]",4.0,,,"{""category"": """", ""region"": """", ""shop_region"": ""北京 / 清河商圈 / 量贩式KTV"", ""amap_best_name"": ""世纪丰泰KTV"", ""amap_best_score"": ""0.3333"", ""amap_min_score_applied"": ""0.00"", ""review_rows"": ""100""}",search+review_api+offline_enriched,2026-02-14 23:47:46
jFlTBA56THvhjhAh,派对空间主题量贩KTV(怀柔店),毛家湾胡同4号(北京站地铁站C东南出口步行260米),东城区,116.430701,39.904396,4.0,365.0,,,"[{""title"": ""套餐（评论提及）"", ""price_hint"": ""10"", ""mentions"": ""16"", ""source"": ""review_text""}, {""title"": ""团购（评论提及）"", ""price_hint"": ""10"", ""mentions"": ""6"", ""source"": ""review_text""}, {""title"": ""欢唱时长（评论提及）"", ""price_hint"": ""10"", ""mentions"": ""5"", ""source"": ""review_text""}, {""title"": ""酒水相关（评论提及）"", ""price_hint"": ""10"", ""mentions"": ""12"", ""source"": ""review_text""}, {""title"": ""包厢相关（评论提及）"", ""price_hint"": ""10"", ""mentions"": ""6"", ""source"": ""review_text""}]",5.0,,,"{""category"": """", ""region"": """", ""shop_region"": ""怀柔区 / 怀柔城区 / 量贩式KTV"", ""amap_best_name"": ""蓝调量贩式主题KTV(北京站店)"", ""amap_best_score"": ""0.5263"", ""amap_min_score_applied"": ""0.00"", ""review_rows"": ""100""}",search+review_api+offline_enriched,2026-02-14 23:47:47
G7Zq7np67yldm0mA,夜宴99KTV(平谷店),谷丰东路31号院3层3F-2室,平谷区,117.121338,40.160036,3.6,79.0,,,"[{""title"": ""套餐（评论提及）"", ""price_hint"": ""386,80,10"", ""mentions"": ""2"", ""source"": ""review_text""}, {""title"": ""团购（评论提及）"", ""price_hint"": ""386,80,10"", ""mentions"": ""8"", ""source"": ""review_text""}, {""title"": ""欢唱时长（评论提及）"", ""price_hint"": ""386,80,10"", ""mentions"": ""11"", ""source"": ""review_text""}, {""title"": ""酒水相关（评论提及）"", ""price_hint"": ""386,80,10"", ""mentions"": ""1"", ""source"": ""review_text""}, {""title"": ""包厢相关（评论提及）"", ""price_hint"": ""386,80,10"", ""mentions"": ""4"", ""source"": ""review_text""}]",5.0,,,"{""category"": """", ""region"": """", ""shop_region"": ""平谷区 / 平谷城区 / KTV"", ""amap_best_name"": ""魅KTV(北京平谷万达广场店)"", ""amap_best_score"": ""0.5263"", ""amap_min_score_applied"": ""0.00"", ""review_rows"": ""100""}",search+review_api+offline_enriched,2026-02-14 23:47:47
l4LDWyenzLjsOrgc,友唱自助唱吧(探鱼左侧),西单北大街130号华威潮铺街5层,西城区,116.374545,39.911608,0.0,6.0,,,"[{""title"": ""欢唱时长（评论提及）"", ""price_hint"": """", ""mentions"": ""1"", ""source"": ""review_text""}]",1.0,,,"{""category"": """", ""region"": """", ""shop_region"": ""北京 / 大望路 / KTV"", ""amap_best_name"": ""唱吧麦颂量贩KTV(西单店)"", ""amap_best_score"": ""0.3810"", ""amap_min_score_applied"": ""0.00"", ""review_rows"": ""7""}",search+review_api+offline_enriched,2026-02-14 23:47:47
kaWdz9nfZNhaP8F4,音乐主题KTV(冯村商业街店),永定镇冯村商业街建行左侧出入口三楼,门头沟区,116.111409,39.91063,4.5,111.0,,,"[{""title"": ""套餐（评论提及）"", ""price_hint"": ""48"", ""mentions"": ""3"", ""source"": ""review_text""}, {""title"": ""团购（评论提及）"", ""price_hint"": ""48"", ""mentions"": ""3"", ""source"": ""review_text""}, {""title"": ""欢唱时长（评论提及）"", ""price_hint"": ""48"", ""mentions"": ""9"", ""source"": ""review_text""}, {""title"": ""酒水相关（评论提及）"", ""price_hint"": ""48"", ""mentions"": ""2"", ""source"": ""review_text""}, {""title"": ""包厢相关（评论提及）"", ""price_hint"": ""48"", ""mentions"": ""6"", ""source"": ""review_text""}]",5.0,,,"{""category"": """", ""region"": """", ""shop_region"": ""门头沟区 / 门头沟城区 / 量贩式KTV"", ""amap_best_name"": ""纯咖KTV(冯村商业街店)"", ""amap_best_score"": ""0.7273"", ""amap_min_score_applied"": ""0.00"", ""review_rows"": ""100""}",search+review_api+offline_enriched,2026-02-14 23:47:48
EBG2RDgD9FI7W27X,人正红烤肉·K歌·团建(安宁庄店),方庄镇蒲芳路1-6方庄方城园美食街比格比萨地下室,丰台区,116.436567,39.866249,4.1,264.0,,,"[{""title"": ""套餐（评论提及）"", ""price_hint"": ""158,660"", ""mentions"": ""23"", ""source"": ""review_text""}, {""title"": ""团购（评论提及）"", ""price_hint"": ""158,660"", ""mentions"": ""5"", ""source"": ""review_text""}, {""title"": ""欢唱时长（评论提及）"", ""price_hint"": ""158,660"", ""mentions"": ""6"", ""source"": ""review_text""}, {""title"": ""包厢相关（评论提及）"", ""price_hint"": ""158,660"", ""mentions"": ""5"", ""source"": ""review_text""}]",4.0,,,"{""category"": """", ""region"": """", ""shop_region"": ""北京 / 清河商圈 / 融合烤肉"", ""amap_best_name"": ""魅KTV(方庄店)"", ""amap_best_score"": ""0.4211"", ""amap_min_score_applied"": ""0.00"", ""review_rows"": ""100""}",search+review_api+offline_enriched,2026-02-14 23:47:48
G56olcL36E1OMKR6,景山汇量贩式KTV,北京城区中国张仪村路甲7-8号,丰台区,116.231911,39.872324,3.4,13.0,,,"[{""title"": ""套餐（评论提及）"", ""price_hint"": ""128"", ""mentions"": ""2"", ""source"": ""review_text""}, {""title"": ""团购（评论提及）"", ""price_hint"": ""128"", ""mentions"": ""2"", ""source"": ""review_text""}, {""title"": ""包厢相关（评论提及）"", ""price_hint"": ""128"", ""mentions"": ""1"", ""source"": ""review_text""}]",3.0,,,"{""category"": """", ""region"": """", ""shop_region"": ""北京 / 古城/八角 / 量贩式KTV"", ""amap_best_name"": ""鑫山角娱乐汇"", ""amap_best_score"": ""0.4444"", ""amap_min_score_applied"": ""0.00"", ""review_rows"": ""38""}",search+review_api+offline_enriched,2026-02-14 23:47:49
H4LF0RbFNSpwBdjL,唱吧麦颂KTV(平谷国泰百货店),北京城区滨河街道文化北街13号6,平谷区,117.111047,40.140766,4.9,184.0,,,"[{""title"": ""套餐（评论提及）"", ""price_hint"": """", ""mentions"": ""1"", ""source"": ""review_text""}, {""title"": ""团购（评论提及）"", ""price_hint"": """", ""mentions"": ""5"", ""source"": ""review_text""}, {""title"": ""欢唱时长（评论提及）"", ""price_hint"": """", ""mentions"": ""5"", ""source"": ""review_text""}, {""title"": ""酒水相关（评论提及）"", ""price_hint"": """", ""mentions"": ""1"", ""source"": ""review_text""}, {""title"": ""包厢相关（评论提及）"", ""price_hint"": """", ""mentions"": ""3"", ""source"": ""review_text""}]",5.0,,,"{""category"": """", ""region"": """", ""shop_region"": ""平谷区 / 平谷城区 / 量贩式KTV"", ""amap_best_name"": ""唱吧麦颂KTV(北京平谷国泰百货店)"", ""amap_best_score"": ""1.0000"", ""amap_min_score_applied"": ""0.00"", ""review_rows"": ""100""}",search+review_api+offline_enriched,2026-02-14 23:47:49
k9oMxkCwqiFjLfcA,亚东KTV,城关南大街44号,房山区,115.984542,39.700262,0.0,1.0,,,,,,,"{""category"": """", ""region"": """", ""shop_region"": ""北京 / 上庄 / KTV"", ""amap_best_name"": ""东方纯量贩式KTV"", ""amap_best_score"": ""0.4000"", ""amap_min_score_applied"": ""0.00"", ""review_rows"": ""2""}",search+review_api+offline_enriched,2026-02-14 23:47:50
G6KcZebDGwPARDqq,南山烤肉·K歌团建·羊蝎子火锅(上地店),上地西路19号,海淀区,116.310797,40.030487,4.4,1143.0,,,"[{""title"": ""套餐（评论提及）"", ""price_hint"": """", ""mentions"": ""9"", ""source"": ""review_text""}, {""title"": ""团购（评论提及）"", ""price_hint"": """", ""mentions"": ""4"", ""source"": ""review_text""}, {""title"": ""酒水相关（评论提及）"", ""price_hint"": """", ""mentions"": ""3"", ""source"": ""review_text""}, {""title"": ""包厢相关（评论提及）"", ""price_hint"": """", ""mentions"": ""4"", ""source"": ""review_text""}]",4.0,,,"{""category"": """", ""region"": """", ""shop_region"": ""北京 / 上地商圈 / 韩式料理"", ""amap_best_name"": ""魅KTV(上地店)"", ""amap_best_score"": ""0.4545"", ""amap_min_score_applied"": ""0.00"", ""review_rows"": ""100""}",search+review_api+offline_enriched,2026-02-14 23:47:51
k837h5LOSoBROGSS,J9量贩式KTV俱乐部(府前西街店),,昌平区,116.221968,40.224114,3.8,933.0,,,"[{""title"": ""套餐（评论提及）"", ""price_hint"": ""15,77,18"", ""mentions"": ""1"", ""source"": ""review_text""}, {""title"": ""团购（评论提及）"", ""price_hint"": ""15,77,18"", ""mentions"": ""6"", ""source"": ""review_text""}, {""title"": ""欢唱时长（评论提及）"", ""price_hint"": ""15,77,18"", ""mentions"": ""18"", ""source"": ""review_text""}, {""title"": ""酒水相关（评论提及）"", ""price_hint"": ""15,77,18"", ""mentions"": ""12"", ""source"": ""review_text""}, {""title"": ""包厢相关（评论提及）"", ""price_hint"": ""15,77,18"", ""mentions"": ""4"", ""source"": ""review_text""}]",5.0,,,"{""category"": """", ""region"": """", ""shop_region"": ""北京 / 顺义城区 / 量贩式KTV"", ""amap_best_name"": ""乐音洋洋音乐俱乐部(西关商贸楼店)"", ""amap_best_score"": ""0.4828"", ""amap_min_score_applied"": ""0.00"", ""review_rows"": ""100""}",search+review_api+offline_enriched,2026-02-14 23:47:51
kakuTsgnj5H3qpGr,星秀汇量贩KTV,首创新大都东门旁(二里沟地铁站C口步行440米),西城区,116.336741,39.932992,4.0,23.0,,,"[{""title"": ""套餐（评论提及）"", ""price_hint"": """", ""mentions"": ""1"", ""source"": ""review_text""}, {""title"": ""团购（评论提及）"", ""price_hint"": """", ""mentions"": ""1"", ""source"": ""review_text""}, {""title"": ""欢唱时长（评论提及）"", ""price_hint"": """", ""mentions"": ""4"", ""source"": ""review_text""}, {""title"": ""酒水相关（评论提及）"", ""price_hint"": """", ""mentions"": ""1"", ""source"": ""review_text""}, {""title"": ""包厢相关（评论提及）"", ""price_hint"": """", ""mentions"": ""4"", ""source"": ""review_text""}]",5.0,,,"{""category"": """", ""region"": """", ""shop_region"": ""平谷区 / 平谷城区 / 量贩式KTV"", ""amap_best_name"": ""星樂汇量贩式KTV"", ""amap_best_score"": ""0.6667"", ""amap_min_score_applied"": ""0.00"", ""review_rows"": ""66""}",search+review_api+offline_enriched,2026-02-14 23:47:51
G9VSTmbmJ6SgGtDg,莱森米KTV量贩(六里桥店),方庄芳城园三区17号楼(方庄地铁站A西北口步行410米),丰台区,116.435291,39.866247,0.0,1.0,,,,,,,"{""category"": """", ""region"": """", ""shop_region"": """", ""amap_best_name"": ""莱森米量贩式KTV(方庄店)"", ""amap_best_score"": ""0.7059"", ""amap_min_score_applied"": ""0.00"", ""review_rows"": ""1""}",search+review_api+offline_enriched,2026-02-14 23:47:54
H1AZBhRxbfXy4OFQ,友唱(悦荟店),兴丰大街金星西路5号及5号院兴悦汇B1层,大兴区,116.332092,39.764387,0.0,1.0,,,,,,,"{""category"": """", ""region"": """", ""shop_region"": ""北京 / 昌平镇 / KTV"", ""amap_best_name"": ""唱吧麦颂KTV(兴悦汇店)"", ""amap_best_score"": ""0.5882"", ""amap_min_score_applied"": ""0.00"", ""review_rows"": ""1""}",search+review_api+offline_enriched,2026-02-14 23:47:54
l38DS1PWcq9MT2TF,新濠汇量贩式KTV(四惠店),高碑店盛世龙源0号楼,朝阳区,116.509362,39.905647,3.3,42.0,,,"[{""title"": ""套餐（评论提及）"", ""price_hint"": ""100"", ""mentions"": ""3"", ""source"": ""review_text""}, {""title"": ""团购（评论提及）"", ""price_hint"": ""100"", ""mentions"": ""4"", ""source"": ""review_text""}, {""title"": ""欢唱时长（评论提及）"", ""price_hint"": ""100"", ""mentions"": ""10"", ""source"": ""review_text""}, {""title"": ""酒水相关（评论提及）"", ""price_hint"": ""100"", ""mentions"": ""7"", ""source"": ""review_text""}]",4.0,,,"{""category"": """", ""region"": """", ""shop_region"": ""北京 / 朝阳区 / 量贩式KTV"", ""amap_best_name"": ""新濠汇(四惠店)"", ""amap_best_score"": ""1.0000"", ""amap_min_score_applied"": ""0.00"", ""review_rows"": ""67""}",search+review_api+offline_enriched,2026-02-14 23:47:54
G5tMjg4k9yu50dgC,同乐迪智慧KTV(望京南湖店),望京南湖街道南湖中园211号楼3层,朝阳区,116.461629,40.000637,4.4,363.0,,,"[{""title"": ""套餐（评论提及）"", ""price_hint"": ""38,200"", ""mentions"": ""11"", ""source"": ""review_text""}, {""title"": ""团购（评论提及）"", ""price_hint"": ""38,200"", ""mentions"": ""3"", ""source"": ""review_text""}, {""title"": ""欢唱时长（评论提及）"", ""price_hint"": ""38,200"", ""mentions"": ""5"", ""source"": ""review_text""}, {""title"": ""酒水相关（评论提及）"", ""price_hint"": ""38,200"", ""mentions"": ""1"", ""source"": ""review_text""}, {""title"": ""包厢相关（评论提及）"", ""price_hint"": ""38,200"", ""mentions"": ""6"", ""source"": ""review_text""}]",5.0,,,"{""category"": """", ""region"": """", ""shop_region"": ""北京 / 望京 / 量贩式KTV"", ""amap_best_name"": ""同乐迪音乐火锅(望京南湖店)"", ""amap_best_score"": ""0.7692"", ""amap_min_score_applied"": ""0.00"", ""review_rows"": ""84""}",search+review_api+offline_enriched,2026-02-14 23:47:55
l8FulAZ0Jlhc6Pil,锦瑟轰趴馆·KTV(伟业商厦店),台湖镇科创九街定海园二里15号楼4层,通州区,116.565694,39.799005,0.0,3.0,,,,,,,"{""category"": """", ""region"": """", ""shop_region"": ""北京 / 良乡 / 量贩式KTV"", ""amap_best_name"": ""魅KTV(新城商厦店)"", ""amap_best_score"": ""0.5000"", ""amap_min_score_applied"": ""0.00"", ""review_rows"": ""4""}",search+review_api+offline_enriched,2026-02-14 23:47:56
H2N4lP9R5y7qYjN7,乐巢量贩式KTV唱吧(南顶路店),南顶路甲23号三层、四层、五层,丰台区,116.411094,39.842424,3.9,129.0,,,"[{""title"": ""套餐（评论提及）"", ""price_hint"": """", ""mentions"": ""2"", ""source"": ""review_text""}, {""title"": ""团购（评论提及）"", ""price_hint"": """", ""mentions"": ""3"", ""source"": ""review_text""}, {""title"": ""欢唱时长（评论提及）"", ""price_hint"": """", ""mentions"": ""2"", ""source"": ""review_text""}, {""title"": ""酒水相关（评论提及）"", ""price_hint"": """", ""mentions"": ""3"", ""source"": ""review_text""}, {""title"": ""包厢相关（评论提及）"", ""price_hint"": """", ""mentions"": ""5"", ""source"": ""review_text""}]",5.0,,,"{""category"": """", ""region"": """", ""shop_region"": ""北京 / 刘家窑/宋家庄 / 量贩式KTV"", ""amap_best_name"": ""乐巢量贩式KTV(南顶路店)"", ""amap_best_score"": ""0.8889"", ""amap_min_score_applied"": ""0.00"", ""review_rows"": ""84""}",search+review_api+offline_enriched,2026-02-14 23:47:56
k36hUe7CbLpiw6Es,元泉量贩式KTV(团结湖路店),北京城区团结湖东里3-5号中里6号4号楼地下一层F06室,朝阳区,116.469725,39.929125,3.3,439.0,,,"[{""title"": ""套餐（评论提及）"", ""price_hint"": """", ""mentions"": ""5"", ""source"": ""review_text""}, {""title"": ""团购（评论提及）"", ""price_hint"": """", ""mentions"": ""6"", ""source"": ""review_text""}, {""title"": ""欢唱时长（评论提及）"", ""price_hint"": """", ""mentions"": ""9"", ""source"": ""review_text""}, {""title"": ""酒水相关（评论提及）"", ""price_hint"": """", ""mentions"": ""4"", ""source"": ""review_text""}, {""title"": ""包厢相关（评论提及）"", ""price_hint"": """", ""mentions"": ""4"", ""source"": ""review_text""}]",5.0,,,"{""category"": """", ""region"": """", ""shop_region"": ""北京 / 三里屯/工体 / 量贩式KTV"", ""amap_best_name"": ""酷秀KTV(团结湖店)"", ""amap_best_score"": ""0.7059"", ""amap_min_score_applied"": ""0.00"", ""review_rows"": ""84""}",search+review_api+offline_enriched,2026-02-14 23:47:57
iNoFcFYIt2pMiSv4,北青轰趴团建聚会桌游KTV主题馆(中关村店),苏州街18号院长远天地大厦B1座4楼3A02室(苏州街与丹棱街交口),海淀区,116.306588,39.978587,4.7,250.0,,,"[{""title"": ""欢唱时长（评论提及）"", ""price_hint"": """", ""mentions"": ""6"", ""source"": ""review_text""}, {""title"": ""酒水相关（评论提及）"", ""price_hint"": """", ""mentions"": ""4"", ""source"": ""review_text""}, {""title"": ""包厢相关（评论提及）"", ""price_hint"": """", ""mentions"": ""3"", ""source"": ""review_text""}]",3.0,,,"{""category"": """", ""region"": """", ""shop_region"": ""北京 / 上地商圈 / 团建拓展"", ""amap_best_name"": ""聚宝轰趴馆·KTV棋牌·团建聚会(中关村店)"", ""amap_best_score"": ""0.6667"", ""amap_min_score_applied"": ""0.00"", ""review_rows"": ""100""}",search+review_api+offline_enriched,2026-02-14 23:47:57
k7iUXMDcGwuJCXaD,长虹烤鱼烧烤大排档•包房团建K歌,苏州街18号院长远天地大厦A座F2层,海淀区,116.30656,39.977386,3.7,320.0,,,"[{""title"": ""套餐（评论提及）"", ""price_hint"": ""90"", ""mentions"": ""15"", ""source"": ""review_text""}, {""title"": ""团购（评论提及）"", ""price_hint"": ""90"", ""mentions"": ""9"", ""source"": ""review_text""}, {""title"": ""欢唱时长（评论提及）"", ""price_hint"": ""90"", ""mentions"": ""3"", ""source"": ""review_text""}, {""title"": ""包厢相关（评论提及）"", ""price_hint"": ""90"", ""mentions"": ""4"", ""source"": ""review_text""}]",4.0,,,"{""category"": """", ""region"": """", ""shop_region"": ""北京 / 良乡 / 烤串"", ""amap_best_name"": ""相遇轰趴·桌游·团建·KTV"", ""amap_best_score"": ""0.1905"", ""amap_min_score_applied"": ""0.00"", ""review_rows"": ""100""}",search+review_api+offline_enriched,2026-02-14 23:47:58
l6KsrfDXi3TOsmq0,汇聚自助音乐餐吧,北京城区双燕街3号院10号等22幢,密云区,116.817488,40.370796,3.4,12.0,,,,,,,"{""category"": """", ""region"": """", ""shop_region"": ""北京 / 北大地/万丰路 / 量贩式KTV"", ""amap_best_name"": ""拾光音乐餐厅酒吧"", ""amap_best_score"": ""0.5000"", ""amap_min_score_applied"": ""0.00"", ""review_rows"": ""13""}",search+review_api+offline_enriched,2026-02-14 23:47:58
l80BewAeUYI0aa2R,万紫千红KTV(新平东路店),新平东路8-6号,平谷区,117.123746,40.143888,3.5,35.0,,,"[{""title"": ""套餐（评论提及）"", ""price_hint"": ""200"", ""mentions"": ""3"", ""source"": ""review_text""}, {""title"": ""欢唱时长（评论提及）"", ""price_hint"": ""200"", ""mentions"": ""6"", ""source"": ""review_text""}, {""title"": ""酒水相关（评论提及）"", ""price_hint"": ""200"", ""mentions"": ""1"", ""source"": ""review_text""}, {""title"": ""包厢相关（评论提及）"", ""price_hint"": ""200"", ""mentions"": ""1"", ""source"": ""review_text""}]",4.0,,,"{""category"": """", ""region"": """", ""shop_region"": ""平谷区 / 平谷城区 / 量贩式KTV"", ""amap_best_name"": ""万紫千红KTV(新平东路店)"", ""amap_best_score"": ""1.0000"", ""amap_min_score_applied"": ""0.00"", ""review_rows"": ""40""}",search+review_api+offline_enriched,2026-02-14 23:47:59
H3J6V5f9CWK3oMhO,奥加时代KTV,北京城区阜成路101号永兴花园饭店B1层,海淀区,116.286538,39.925225,3.2,154.0,,,"[{""title"": ""套餐（评论提及）"", ""price_hint"": ""60,50"", ""mentions"": ""1"", ""source"": ""review_text""}, {""title"": ""团购（评论提及）"", ""price_hint"": ""60,50"", ""mentions"": ""3"", ""source"": ""review_text""}, {""title"": ""欢唱时长（评论提及）"", ""price_hint"": ""60,50"", ""mentions"": ""8"", ""source"": ""review_text""}, {""title"": ""酒水相关（评论提及）"", ""price_hint"": ""60,50"", ""mentions"": ""1"", ""source"": ""review_text""}, {""title"": ""包厢相关（评论提及）"", ""price_hint"": ""60,50"", ""mentions"": ""3"", ""source"": ""review_text""}]",5.0,,,"{""category"": """", ""region"": """", ""shop_region"": ""北京 / 五棵松 / KTV"", ""amap_best_name"": ""北京达人时代俱乐部"", ""amap_best_score"": ""0.3636"", ""amap_min_score_applied"": ""0.00"", ""review_rows"": ""100""}",search+review_api+offline_enriched,2026-02-14 23:47:59
k7rIjDqL9HGHQW8n,欣悦汇量贩式,黄亦路与金大路交叉口西60米,大兴区,116.385297,39.764761,0.0,2.0,,,,,,,"{""category"": """", ""region"": """", ""shop_region"": ""北京 / 黄村 / 量贩式KTV"", ""amap_best_name"": ""欣悦汇量贩式"", ""amap_best_score"": ""1.0000"", ""amap_min_score_applied"": ""0.00"", ""review_rows"": ""2""}",search+review_api+offline_enriched,2026-02-14 23:47:59
k7Zk8pctXZUEeYoL,新云南皇冠假日酒店皇冠名媛ktv(七圣中街店),东直门内大街9号NAGA上院南门,东城区,116.427671,39.941261,3.6,7.0,,,,,,,"{""category"": """", ""region"": """", ""shop_region"": ""北京 / 对外经贸 / 其他分类"", ""amap_best_name"": ""魅KTV(簋街店)"", ""amap_best_score"": ""0.3077"", ""amap_min_score_applied"": ""0.00"", ""review_rows"": ""7""}",search+review_api+offline_enriched,2026-02-14 23:48:00
l10X1OqyNU5gPIvy,肯迪漫量贩式KTV(黑龙潭路店),卢沟桥街道万丰路312号,丰台区,116.29337,39.87371,0.0,4.0,,,,,,,"{""category"": """", ""region"": """", ""shop_region"": ""北京 / 百望山森林公园/309医院 / 量贩式KTV"", ""amap_best_name"": ""宝乐迪量贩式KTV(万丰路店)"", ""amap_best_score"": ""0.5263"", ""amap_min_score_applied"": ""0.00"", ""review_rows"": ""26""}",search+review_api+offline_enriched,2026-02-14 23:48:01
k1Nc6SpTcU4HsPQP,北京酒吧 KTV咨询,安宁庄后街与安宁佳园东路交叉口东南200米,海淀区,116.329943,40.048846,0.0,,,,,,,,"{""category"": """", ""region"": """", ""shop_region"": """", ""amap_best_name"": ""蓝调酒吧音乐餐厅"", ""amap_best_score"": ""0.3333"", ""amap_min_score_applied"": ""0.00""}",search+review_api+offline_enriched,2026-02-14 23:48:02
k8zDq3HdmWEdDDLX,京乐汇量贩KTV,北京城区马家堡东路108号院九号楼一层,丰台区,116.390298,39.840011,3.6,45.0,,,"[{""title"": ""套餐（评论提及）"", ""price_hint"": """", ""mentions"": ""1"", ""source"": ""review_text""}, {""title"": ""团购（评论提及）"", ""price_hint"": """", ""mentions"": ""3"", ""source"": ""review_text""}, {""title"": ""欢唱时长（评论提及）"", ""price_hint"": """", ""mentions"": ""5"", ""source"": ""review_text""}, {""title"": ""酒水相关（评论提及）"", ""price_hint"": """", ""mentions"": ""2"", ""source"": ""review_text""}, {""title"": ""包厢相关（评论提及）"", ""price_hint"": """", ""mentions"": ""5"", ""source"": ""review_text""}]",5.0,,,"{""category"": """", ""region"": """", ""shop_region"": ""北京 / 定福庄 / 量贩式KTV"", ""amap_best_name"": ""欢乐汇"", ""amap_best_score"": ""0.6667"", ""amap_min_score_applied"": ""0.00"", ""review_rows"": ""70""}",search+review_api+offline_enriched,2026-02-14 23:48:02
l7A84pTFMgInkMgI,金彩汇KTV,北京城区中国松林西路5号,房山区,116.158052,39.75812,0.0,1.0,,,,,,,"{""category"": """", ""region"": """", ""shop_region"": ""北京 / 三里屯/工体 / KTV"", ""amap_best_name"": ""金海阁娱乐汇"", ""amap_best_score"": ""0.4444"", ""amap_min_score_applied"": ""0.00"", ""review_rows"": ""1""}",search+review_api+offline_enriched,2026-02-14 23:48:04
H94lTKvkTnUie4F6,麦乐潮量贩式KTV(望京悠乐汇店),北京城区望京东园四区3号楼嘉瑞文化中心B1层(望京阿里对面),朝阳区,116.490263,40.001221,3.4,114.0,,,"[{""title"": ""套餐（评论提及）"", ""price_hint"": ""35,58,68"", ""mentions"": ""7"", ""source"": ""review_text""}, {""title"": ""团购（评论提及）"", ""price_hint"": ""35,58,68"", ""mentions"": ""4"", ""source"": ""review_text""}, {""title"": ""欢唱时长（评论提及）"", ""price_hint"": ""35,58,68"", ""mentions"": ""20"", ""source"": ""review_text""}, {""title"": ""酒水相关（评论提及）"", ""price_hint"": ""35,58,68"", ""mentions"": ""6"", ""source"": ""review_text""}, {""title"": ""包厢相关（评论提及）"", ""price_hint"": ""35,58,68"", ""mentions"": ""3"", ""source"": ""review_text""}]",5.0,,,"{""category"": """", ""region"": """", ""shop_region"": ""北京 / 望京 / 量贩式KTV"", ""amap_best_name"": ""纯K(望京店)"", ""amap_best_score"": ""0.5556"", ""amap_min_score_applied"": ""0.00"", ""review_rows"": ""98""}",search+review_api+offline_enriched,2026-02-14 23:48:04
HaJNEyU8FiE0Hw6u,上水阁量贩式KTV,王府街10号院东门南170米,昌平区,116.412112,40.09732,3.4,13.0,,,"[{""title"": ""套餐（评论提及）"", ""price_hint"": """", ""mentions"": ""3"", ""source"": ""review_text""}, {""title"": ""团购（评论提及）"", ""price_hint"": """", ""mentions"": ""2"", ""source"": ""review_text""}, {""title"": ""欢唱时长（评论提及）"", ""price_hint"": """", ""mentions"": ""5"", ""source"": ""review_text""}, {""title"": ""酒水相关（评论提及）"", ""price_hint"": """", ""mentions"": ""4"", ""source"": ""review_text""}, {""title"": ""包厢相关（评论提及）"", ""price_hint"": """", ""mentions"": ""6"", ""source"": ""review_text""}]",5.0,,,"{""category"": """", ""region"": """", ""shop_region"": ""北京 / 北七家商圈 / 量贩式KTV"", ""amap_best_name"": ""上水阁KTV"", ""amap_best_score"": ""1.0000"", ""amap_min_score_applied"": ""0.00"", ""review_rows"": ""64""}",search+review_api+offline_enriched,2026-02-14 23:48:05
k5AT46luRf5mAmlh,E,北京城区工人体育场北路8号院1号楼3层,朝阳区,116.452937,39.933128,3.4,19.0,,,"[{""title"": ""套餐（评论提及）"", ""price_hint"": """", ""mentions"": ""2"", ""source"": ""review_text""}, {""title"": ""酒水相关（评论提及）"", ""price_hint"": """", ""mentions"": ""9"", ""source"": ""review_text""}]",2.0,,,"{""category"": """", ""region"": """", ""shop_region"": ""北京 / 旧宫 / 量贩式KTV"", ""amap_best_name"": ""METAK·元宇宙KTV"", ""amap_best_score"": ""0.3022"", ""amap_min_score_applied"": ""0.00"", ""review_rows"": ""42""}",search+review_api+offline_enriched,2026-02-14 23:48:06
l24TEaH0YiU9Ve1o,友唱(领展购物广场·中关村店),北京城区海淀大街3号B座地下一层14,海淀区,116.314411,39.983475,3.3,68.0,,,"[{""title"": ""欢唱时长（评论提及）"", ""price_hint"": ""25,87"", ""mentions"": ""13"", ""source"": ""review_text""}, {""title"": ""包厢相关（评论提及）"", ""price_hint"": ""25,87"", ""mentions"": ""4"", ""source"": ""review_text""}]",2.0,,,"{""category"": """", ""region"": """", ""shop_region"": ""北京 / 中关村商圈 / KTV"", ""amap_best_name"": ""唱吧麦颂KTV(中关村店)"", ""amap_best_score"": ""0.5833"", ""amap_min_score_applied"": ""0.00"", ""review_rows"": ""70""}",search+review_api+offline_enriched,2026-02-14 23:48:07
l54f96YMnby4K72i,魅影梦空间KTV(密云永昌大厦店),西大望路15号外企大厦C座5层,朝阳区,116.477132,39.894205,0.0,4.0,,,,,,,"{""category"": """", ""region"": """", ""shop_region"": ""密云区 / 密云县县城 / 量贩式KTV"", ""amap_best_name"": ""魅KTV(大望路店)"", ""amap_best_score"": ""0.4762"", ""amap_min_score_applied"": ""0.00"", ""review_rows"": ""10""}",search+review_api+offline_enriched,2026-02-14 23:48:10
l16QJUag7xjg05I2,鑫座KTV量贩歌城,文化北街11号北京市平谷区经济和信息化委员会附近,平谷区,117.117826,40.154,3.5,26.0,,,"[{""title"": ""团购（评论提及）"", ""price_hint"": ""88"", ""mentions"": ""1"", ""source"": ""review_text""}, {""title"": ""欢唱时长（评论提及）"", ""price_hint"": ""88"", ""mentions"": ""4"", ""source"": ""review_text""}, {""title"": ""酒水相关（评论提及）"", ""price_hint"": ""88"", ""mentions"": ""1"", ""source"": ""review_text""}, {""title"": ""包厢相关（评论提及）"", ""price_hint"": ""88"", ""mentions"": ""7"", ""source"": ""review_text""}]",4.0,,,"{""category"": """", ""region"": """", ""shop_region"": ""平谷区 / 平谷城区 / 量贩式KTV"", ""amap_best_name"": ""鑫座KTV量贩歌城"", ""amap_best_score"": ""1.0000"", ""amap_min_score_applied"": ""0.00"", ""review_rows"": ""86""}",search+review_api+offline_enriched,2026-02-14 23:48:10
H9kQqjgtPpFQxso2,爱畅KTV音箱(领展店),北京城区丹棱街甲1号6层601-03号,海淀区,116.314805,39.979257,4.4,4.0,,,,,,,"{""category"": """", ""region"": """", ""shop_region"": ""北京 / 中关村商圈 / 数码产品"", ""amap_best_name"": ""星聚会ktv(中关村领展店)"", ""amap_best_score"": ""0.5000"", ""amap_min_score_applied"": ""0.00"", ""review_rows"": ""4""}",search+review_api+offline_enriched,2026-02-14 23:48:11
l7ZokrdFZlinfK4y,宝乐迪量贩式KTV(右安门店),右安门外大街56号院2号楼(景风门地铁站D口步行290米),丰台区,116.364988,39.860437,0.0,6.0,,,"[{""title"": ""团购（评论提及）"", ""price_hint"": """", ""mentions"": ""2"", ""source"": ""review_text""}]",1.0,,,"{""category"": """", ""region"": """", ""shop_region"": ""北京 / 北京南站/开阳里 / 量贩式KTV"", ""amap_best_name"": ""宝乐迪量贩式KTV(右安门店)"", ""amap_best_score"": ""1.0000"", ""amap_min_score_applied"": ""0.00"", ""review_rows"": ""6""}",search+review_api+offline_enriched,2026-02-14 23:48:12
H5LaVWvXntwd9Gin,宝山量贩式KTV,方庄芳城园三区17号楼(方庄地铁站A西北口步行390米),丰台区,116.435291,39.866247,3.3,51.0,,,"[{""title"": ""套餐（评论提及）"", ""price_hint"": ""500,20,30"", ""mentions"": ""4"", ""source"": ""review_text""}, {""title"": ""团购（评论提及）"", ""price_hint"": ""500,20,30"", ""mentions"": ""3"", ""source"": ""review_text""}, {""title"": ""欢唱时长（评论提及）"", ""price_hint"": ""500,20,30"", ""mentions"": ""6"", ""source"": ""review_text""}, {""title"": ""酒水相关（评论提及）"", ""price_hint"": ""500,20,30"", ""mentions"": ""5"", ""source"": ""review_text""}]",4.0,,,"{""category"": """", ""region"": """", ""shop_region"": ""北京 / 方庄/蒲黄榆 / 量贩式KTV"", ""amap_best_name"": ""宝山商务俱乐部"", ""amap_best_score"": ""0.5244"", ""amap_min_score_applied"": ""0.00"", ""review_rows"": ""97""}",search+review_api+offline_enriched,2026-02-14 23:48:12
G2vrGV7v8p2jYHRK,盛煌钱潮美食K歌轰趴(总部基地店),良乡凯旋大街11号,房山区,116.134911,39.719076,3.9,116.0,,,"[{""title"": ""套餐（评论提及）"", ""price_hint"": """", ""mentions"": ""9"", ""source"": ""review_text""}, {""title"": ""团购（评论提及）"", ""price_hint"": """", ""mentions"": ""5"", ""source"": ""review_text""}, {""title"": ""包厢相关（评论提及）"", ""price_hint"": """", ""mentions"": ""3"", ""source"": ""review_text""}]",3.0,,,"{""category"": """", ""region"": """", ""shop_region"": ""北京 / 总部基地 / 饮品"", ""amap_best_name"": ""盛世辉煌KTV(房山店)"", ""amap_best_score"": ""0.4167"", ""amap_min_score_applied"": ""0.00"", ""review_rows"": ""84""}",search+review_api+offline_enriched,2026-02-14 23:48:13
H9HhaT6BjrLkD76i,麦乐迪KTV北京安定门店,安定门外大街198号一二层,东城区,116.408725,39.953775,0.0,2.0,,,,,,,"{""category"": """", ""region"": """", ""shop_region"": ""北京 / 安定门商圈 / 停车场"", ""amap_best_name"": ""麦乐迪KTV(安定门店)"", ""amap_best_score"": ""0.8750"", ""amap_min_score_applied"": ""0.00"", ""review_rows"": ""2""}",search+review_api+offline_enriched,2026-02-14 23:48:14
k9HAZekZySXtppRw,咏歌汇量贩KTV(三元桥店),美里食光商场(北京西站地铁站1东北入口步行370米),海淀区,116.322825,39.897475,3.8,104.0,,,"[{""title"": ""套餐（评论提及）"", ""price_hint"": """", ""mentions"": ""6"", ""source"": ""review_text""}, {""title"": ""团购（评论提及）"", ""price_hint"": """", ""mentions"": ""7"", ""source"": ""review_text""}, {""title"": ""欢唱时长（评论提及）"", ""price_hint"": """", ""mentions"": ""7"", ""source"": ""review_text""}, {""title"": ""酒水相关（评论提及）"", ""price_hint"": """", ""mentions"": ""5"", ""source"": ""review_text""}, {""title"": ""包厢相关（评论提及）"", ""price_hint"": """", ""mentions"": ""6"", ""source"": ""review_text""}]",5.0,,,"{""category"": """", ""region"": """", ""shop_region"": ""北京 / 亮马桥/三元桥 / 量贩式KTV"", ""amap_best_name"": ""咏歌汇量贩式KTV(北京西站店)"", ""amap_best_score"": ""0.7059"", ""amap_min_score_applied"": ""0.00"", ""review_rows"": ""100""}",search+review_api+offline_enriched,2026-02-14 23:48:14
jaY67j48XFOM6hl0,尚野自助烧烤团建定制生日趴户外钓鱼KTV(上庄水库晋风庄园店),地盛西路6号院BDA国际·广场B座F3层,大兴区,116.499306,39.785646,4.6,1325.0,,,"[{""title"": ""套餐（评论提及）"", ""price_hint"": ""198"", ""mentions"": ""7"", ""source"": ""review_text""}, {""title"": ""欢唱时长（评论提及）"", ""price_hint"": ""198"", ""mentions"": ""6"", ""source"": ""review_text""}, {""title"": ""酒水相关（评论提及）"", ""price_hint"": ""198"", ""mentions"": ""4"", ""source"": ""review_text""}]",3.0,,,"{""category"": """", ""region"": """", ""shop_region"": ""北京 / 上庄 / 融合烤肉"", ""amap_best_name"": ""乐派轰趴馆·KTV团建生日聚会(BDA国际·广场B座店)"", ""amap_best_score"": ""0.2745"", ""amap_min_score_applied"": ""0.00"", ""review_rows"": ""100""}",search+review_api+offline_enriched,2026-02-14 23:48:15
G7XALTcYvS3tfoG6,音想时光KTV(昌平店),永安路与南环路交叉口南200米,昌平区,116.234133,40.210693,3.5,173.0,,,"[{""title"": ""套餐（评论提及）"", ""price_hint"": """", ""mentions"": ""3"", ""source"": ""review_text""}, {""title"": ""团购（评论提及）"", ""price_hint"": """", ""mentions"": ""1"", ""source"": ""review_text""}, {""title"": ""欢唱时长（评论提及）"", ""price_hint"": """", ""mentions"": ""4"", ""source"": ""review_text""}, {""title"": ""酒水相关（评论提及）"", ""price_hint"": """", ""mentions"": ""4"", ""source"": ""review_text""}, {""title"": ""包厢相关（评论提及）"", ""price_hint"": """", ""mentions"": ""11"", ""source"": ""review_text""}]",5.0,,,"{""category"": """", ""region"": """", ""shop_region"": ""北京 / 沙河 / 量贩式KTV"", ""amap_best_name"": ""欢乐颂KTV(昌平店)"", ""amap_best_score"": ""0.5882"", ""amap_min_score_applied"": ""0.00"", ""review_rows"": ""84""}",search+review_api+offline_enriched,2026-02-14 23:48:16
k6paGlEi8DCA4Kl2,友唱(五道口购物中心店),中关村大街19号新中关购物中心L2层KF2-01,海淀区,116.315934,39.978375,3.4,75.0,,,"[{""title"": ""套餐（评论提及）"", ""price_hint"": ""30,57,12"", ""mentions"": ""3"", ""source"": ""review_text""}, {""title"": ""欢唱时长（评论提及）"", ""price_hint"": ""30,57,12"", ""mentions"": ""22"", ""source"": ""review_text""}, {""title"": ""包厢相关（评论提及）"", ""price_hint"": ""30,57,12"", ""mentions"": ""6"", ""source"": ""review_text""}]",3.0,,,"{""category"": """", ""region"": """", ""shop_region"": ""北京 / 五道口 / KTV"", ""amap_best_name"": ""友唱·全民K歌(新中关购物中心店)"", ""amap_best_score"": ""0.6923"", ""amap_min_score_applied"": ""0.00"", ""review_rows"": ""75""}",search+review_api+offline_enriched,2026-02-14 23:48:16
G9LGmvxPXkRseHhj,友唱(惠多港购物中心店),中关村大街19号新中关购物中心L2层KF2-01,海淀区,116.315934,39.978375,0.0,3.0,,,"[{""title"": ""欢唱时长（评论提及）"", ""price_hint"": """", ""mentions"": ""1"", ""source"": ""review_text""}]",1.0,,,"{""category"": """", ""region"": """", ""shop_region"": ""北京 / 富力又一城 / KTV"", ""amap_best_name"": ""友唱·全民K歌(新中关购物中心店)"", ""amap_best_score"": ""0.6923"", ""amap_min_score_applied"": ""0.00"", ""review_rows"": ""4""}",search+review_api+offline_enriched,2026-02-14 23:48:17
k2lCD3hkIIpagwbS,友唱(悦茂购物中心店),中关村大街19号新中关购物中心L2层KF2-01,海淀区,116.315934,39.978375,0.0,5.0,,,"[{""title"": ""欢唱时长（评论提及）"", ""price_hint"": ""87,30"", ""mentions"": ""2"", ""source"": ""review_text""}]",1.0,,,"{""category"": """", ""region"": """", ""shop_region"": ""北京 / 清河商圈 / KTV"", ""amap_best_name"": ""友唱·全民K歌(新中关购物中心店)"", ""amap_best_score"": ""0.7200"", ""amap_min_score_applied"": ""0.00"", ""review_rows"": ""5""}",search+review_api+offline_enriched,2026-02-14 23:48:18
H3pP3boKDvSjiGgw,炫影•影咖•KTV•电玩(大悦城店),朝阳北路雅成一里19号世丰国际大厦B1层,朝阳区,116.52163,39.924023,4.1,20.0,,,"[{""title"": ""团购（评论提及）"", ""price_hint"": """", ""mentions"": ""1"", ""source"": ""review_text""}, {""title"": ""包厢相关（评论提及）"", ""price_hint"": """", ""mentions"": ""1"", ""source"": ""review_text""}]",2.0,,,"{""category"": """", ""region"": """", ""shop_region"": ""北京 / 朝阳大悦城 / 私人影院"", ""amap_best_name"": ""魅KTV(朝阳大悦城店)"", ""amap_best_score"": ""0.5714"", ""amap_min_score_applied"": ""0.00"", ""review_rows"": ""44""}",search+review_api+offline_enriched,2026-02-14 23:48:18
Fbpulc9Wkq96SZWs,圣乐嘉华KTV,马家堡路180号蓝光云鼎大厦加油站北100米,丰台区,116.379398,39.834848,0.0,1.0,,,,,,,"{""category"": """", ""region"": """", ""shop_region"": ""北京 / 昌平镇 / 停车场"", ""amap_best_name"": ""圣瑞华汗蒸洗浴"", ""amap_best_score"": ""0.3636"", ""amap_min_score_applied"": ""0.00"", ""review_rows"": ""1""}",search+review_api+offline_enriched,2026-02-14 23:48:19
l4YFCFseNgKY96eH,黑佳林KTV,北京汇佳职业学院附近,昌平区,116.247763,40.194237,0.0,,,,,,,,"{""category"": """", ""region"": """", ""shop_region"": """", ""amap_best_name"": ""北京市私立汇佳学校音乐厅"", ""amap_best_score"": ""0.1538"", ""amap_min_score_applied"": ""0.00""}",search+review_api+offline_enriched,2026-02-14 23:48:19
H5nSes6tLp2bASnr,iU爱唱量贩式KTV(六里桥店),北三环东路33号苏宁易购西侧4层,东城区,116.409872,39.969401,3.4,248.0,,,"[{""title"": ""套餐（评论提及）"", ""price_hint"": """", ""mentions"": ""4"", ""source"": ""review_text""}, {""title"": ""团购（评论提及）"", ""price_hint"": """", ""mentions"": ""2"", ""source"": ""review_text""}, {""title"": ""欢唱时长（评论提及）"", ""price_hint"": """", ""mentions"": ""10"", ""source"": ""review_text""}, {""title"": ""酒水相关（评论提及）"", ""price_hint"": """", ""mentions"": ""4"", ""source"": ""review_text""}, {""title"": ""包厢相关（评论提及）"", ""price_hint"": """", ""mentions"": ""2"", ""source"": ""review_text""}]",5.0,,,"{""category"": """", ""region"": """", ""shop_region"": ""北京 / 六里桥/丽泽桥 / 量贩式KTV"", ""amap_best_name"": ""魅KTV·AI辅唱(安贞桥店)"", ""amap_best_score"": ""0.5714"", ""amap_min_score_applied"": ""0.00"", ""review_rows"": ""70""}",search+review_api+offline_enriched,2026-02-14 23:48:20
k3LqiLxDEUJIEhYv,星樂汇量贩KTV,首创新大都东门旁(二里沟地铁站C口步行440米),西城区,116.336741,39.932992,3.7,33.0,,,"[{""title"": ""套餐（评论提及）"", ""price_hint"": """", ""mentions"": ""2"", ""source"": ""review_text""}, {""title"": ""团购（评论提及）"", ""price_hint"": """", ""mentions"": ""2"", ""source"": ""review_text""}, {""title"": ""欢唱时长（评论提及）"", ""price_hint"": """", ""mentions"": ""2"", ""source"": ""review_text""}, {""title"": ""酒水相关（评论提及）"", ""price_hint"": """", ""mentions"": ""4"", ""source"": ""review_text""}, {""title"": ""包厢相关（评论提及）"", ""price_hint"": """", ""mentions"": ""8"", ""source"": ""review_text""}]",5.0,,,"{""category"": """", ""region"": """", ""shop_region"": ""北京 / 西直门/动物园 / 量贩式KTV"", ""amap_best_name"": ""星樂汇量贩式KTV"", ""amap_best_score"": ""1.0000"", ""amap_min_score_applied"": ""0.00"", ""review_rows"": ""82""}",search+review_api+offline_enriched,2026-02-14 23:48:21
l23tcYquZ64svjeZ,唱吧麦颂KTV(延庆万达店),延庆镇庆园街59号1号,延庆区,115.984398,40.474631,4.8,173.0,,,"[{""title"": ""套餐（评论提及）"", ""price_hint"": ""58,47"", ""mentions"": ""4"", ""source"": ""review_text""}, {""title"": ""团购（评论提及）"", ""price_hint"": ""58,47"", ""mentions"": ""5"", ""source"": ""review_text""}, {""title"": ""欢唱时长（评论提及）"", ""price_hint"": ""58,47"", ""mentions"": ""11"", ""source"": ""review_text""}, {""title"": ""包厢相关（评论提及）"", ""price_hint"": ""58,47"", ""mentions"": ""15"", ""source"": ""review_text""}]",4.0,,,"{""category"": """", ""region"": """", ""shop_region"": ""延庆区 / 延庆城区 / 量贩式KTV"", ""amap_best_name"": ""唱吧麦颂KTV(延庆万达店)"", ""amap_best_score"": ""1.0000"", ""amap_min_score_applied"": ""0.00"", ""review_rows"": ""100""}",search+review_api+offline_enriched,2026-02-14 23:48:21
l7yJyR9Ye1a1QbR0,量贩式,西单北大街109号三层(灵境胡同地铁站D西南口步行280米),西城区,116.37309,39.913888,0.0,,,,,,,,"{""category"": """", ""region"": """", ""shop_region"": """", ""amap_best_name"": ""魅KTV(西单店)"", ""amap_best_score"": ""0.0000"", ""amap_min_score_applied"": ""0.00""}",search+review_api+offline_enriched,2026-02-14 23:48:22
k3n0qV2g87er5uIg,聚财地·新潮k歌沐足·颜系SPA,八里庄街道建国路89号院17号楼1-B1层,朝阳区,116.482051,39.911138,3.5,36.0,,,"[{""title"": ""团购（评论提及）"", ""price_hint"": """", ""mentions"": ""1"", ""source"": ""review_text""}]",1.0,,,"{""category"": """", ""region"": """", ""shop_region"": ""北京 / 百子湾 / 休闲按摩足浴"", ""amap_best_name"": ""星聚会KTV(X Party北京SKP店)"", ""amap_best_score"": ""0.2222"", ""amap_min_score_applied"": ""0.00"", ""review_rows"": ""100""}",search+review_api+offline_enriched,2026-02-14 23:48:25
FhuufswlA1QzbxTm,唱吧麦颂KTV(怀柔商业街店),北京城区怀柔区商业街3号1幢315室,怀柔区,116.636265,40.314972,4.8,646.0,,,"[{""title"": ""套餐（评论提及）"", ""price_hint"": """", ""mentions"": ""5"", ""source"": ""review_text""}, {""title"": ""欢唱时长（评论提及）"", ""price_hint"": """", ""mentions"": ""5"", ""source"": ""review_text""}, {""title"": ""酒水相关（评论提及）"", ""price_hint"": """", ""mentions"": ""4"", ""source"": ""review_text""}, {""title"": ""包厢相关（评论提及）"", ""price_hint"": """", ""mentions"": ""6"", ""source"": ""review_text""}]",4.0,,,"{""category"": """", ""region"": """", ""shop_region"": ""怀柔区 / 怀柔城区 / 量贩式KTV"", ""amap_best_name"": ""唱吧麦颂KTV(怀柔商业街店)"", ""amap_best_score"": ""1.0000"", ""amap_min_score_applied"": ""0.00"", ""review_rows"": ""100""}",search+review_api+offline_enriched,2026-02-14 23:48:27
iTQahwm8Xwun4hxa,红石KTV,马家堡东路106号院1号楼B1层,丰台区,116.38708,39.842751,0.0,,,,,,,,"{""category"": """", ""region"": """", ""shop_region"": """", ""amap_best_name"": ""宝乐汇量贩式KTV(大红门店)"", ""amap_best_score"": ""0.1818"", ""amap_min_score_applied"": ""0.00""}",search+review_api+offline_enriched,2026-02-14 23:48:27
k892Dxxtdj9o8KZ0,维度DIM·K(草房地铁站店),垡头街道双合北街10号楼合憬荟购物中心,朝阳区,116.526842,39.858845,3.4,86.0,,,"[{""title"": ""套餐（评论提及）"", ""price_hint"": """", ""mentions"": ""1"", ""source"": ""review_text""}, {""title"": ""团购（评论提及）"", ""price_hint"": """", ""mentions"": ""8"", ""source"": ""review_text""}, {""title"": ""欢唱时长（评论提及）"", ""price_hint"": """", ""mentions"": ""5"", ""source"": ""review_text""}, {""title"": ""酒水相关（评论提及）"", ""price_hint"": """", ""mentions"": ""3"", ""source"": ""review_text""}, {""title"": ""包厢相关（评论提及）"", ""price_hint"": """", ""mentions"": ""7"", ""source"": ""review_text""}]",5.0,,,"{""category"": """", ""region"": """", ""shop_region"": ""北京 / 草房 / 量贩式KTV"", ""amap_best_name"": ""唱吧麦颂KTV(双合地铁站店)"", ""amap_best_score"": ""0.4615"", ""amap_min_score_applied"": ""0.00"", ""review_rows"": ""100""}",search+review_api+offline_enriched,2026-02-14 23:48:27
H1StYrIuV8X6qt9i,盛博源量贩式KTV(赢秋苑综合服务楼店),东三环北路38号院4号楼2层商业L201号(麦当劳旁商场西门入口),朝阳区,116.463268,39.921691,3.3,31.0,,,"[{""title"": ""套餐（评论提及）"", ""price_hint"": ""100"", ""mentions"": ""2"", ""source"": ""review_text""}, {""title"": ""团购（评论提及）"", ""price_hint"": ""100"", ""mentions"": ""4"", ""source"": ""review_text""}, {""title"": ""欢唱时长（评论提及）"", ""price_hint"": ""100"", ""mentions"": ""6"", ""source"": ""review_text""}, {""title"": ""酒水相关（评论提及）"", ""price_hint"": ""100"", ""mentions"": ""2"", ""source"": ""review_text""}, {""title"": ""包厢相关（评论提及）"", ""price_hint"": ""100"", ""mentions"": ""3"", ""source"": ""review_text""}]",5.0,,,"{""category"": """", ""region"": """", ""shop_region"": ""北京 / 北苑家园 / 量贩式KTV"", ""amap_best_name"": ""魅KTV(国贸呼家楼店)"", ""amap_best_score"": ""0.3478"", ""amap_min_score_applied"": ""0.00"", ""review_rows"": ""74""}",search+review_api+offline_enriched,2026-02-14 23:48:28
G3KUlOeA2ryLOwmt,钱慰量贩式KTV,开放路西金台园1号108,怀柔区,116.644388,40.326177,4.6,682.0,,,"[{""title"": ""套餐（评论提及）"", ""price_hint"": ""58"", ""mentions"": ""6"", ""source"": ""review_text""}, {""title"": ""团购（评论提及）"", ""price_hint"": ""58"", ""mentions"": ""2"", ""source"": ""review_text""}, {""title"": ""欢唱时长（评论提及）"", ""price_hint"": ""58"", ""mentions"": ""2"", ""source"": ""review_text""}, {""title"": ""酒水相关（评论提及）"", ""price_hint"": ""58"", ""mentions"": ""3"", ""source"": ""review_text""}, {""title"": ""包厢相关（评论提及）"", ""price_hint"": ""58"", ""mentions"": ""6"", ""source"": ""review_text""}]",5.0,,,"{""category"": """", ""region"": """", ""shop_region"": ""怀柔区 / 怀柔城区 / 量贩式KTV"", ""amap_best_name"": ""钱慰量贩式KTV"", ""amap_best_score"": ""1.0000"", ""amap_min_score_applied"": ""0.00"", ""review_rows"": ""100""}",search+review_api+offline_enriched,2026-02-14 23:48:30
H2cgranOc6Ouv0VH,冠鼎轩量贩式KTV,定泗路与立汤路交叉口东220米,昌平区,116.414624,40.117071,3.4,60.0,,,"[{""title"": ""套餐（评论提及）"", ""price_hint"": ""152,160"", ""mentions"": ""5"", ""source"": ""review_text""}, {""title"": ""团购（评论提及）"", ""price_hint"": ""152,160"", ""mentions"": ""6"", ""source"": ""review_text""}, {""title"": ""欢唱时长（评论提及）"", ""price_hint"": ""152,160"", ""mentions"": ""12"", ""source"": ""review_text""}, {""title"": ""酒水相关（评论提及）"", ""price_hint"": ""152,160"", ""mentions"": ""8"", ""source"": ""review_text""}, {""title"": ""包厢相关（评论提及）"", ""price_hint"": ""152,160"", ""mentions"": ""3"", ""source"": ""review_text""}]",5.0,,,"{""category"": """", ""region"": """", ""shop_region"": ""北京 / 北七家商圈 / 量贩式KTV"", ""amap_best_name"": ""冠鼎轩量贩式KTV"", ""amap_best_score"": ""1.0000"", ""amap_min_score_applied"": ""0.00"", ""review_rows"": ""100""}",search+review_api+offline_enriched,2026-02-14 23:48:32
H8NHZqcRT54Sed4d,玉明珠KTV,金顶西街与铸造村小街交叉口东40米,石景山区,116.160527,39.92833,0.0,5.0,,,,,,,"{""category"": """", ""region"": """", ""shop_region"": ""北京 / 朝阳区 / KTV"", ""amap_best_name"": ""玉鼎歌舞厅"", ""amap_best_score"": ""0.2500"", ""amap_min_score_applied"": ""0.00"", ""review_rows"": ""6""}",search+review_api+offline_enriched,2026-02-14 23:48:33
l1hKqkv7XivaNBr9,友唱AI智慧歌咏亭·KTV(小时代邻里中心店),北京城区门头沟路11号院1号楼小时代邻里中心,门头沟区,116.096725,39.944075,4.0,34.0,,,"[{""title"": ""套餐（评论提及）"", ""price_hint"": """", ""mentions"": ""1"", ""source"": ""review_text""}, {""title"": ""欢唱时长（评论提及）"", ""price_hint"": """", ""mentions"": ""4"", ""source"": ""review_text""}, {""title"": ""酒水相关（评论提及）"", ""price_hint"": """", ""mentions"": ""6"", ""source"": ""review_text""}, {""title"": ""包厢相关（评论提及）"", ""price_hint"": """", ""mentions"": ""13"", ""source"": ""review_text""}]",4.0,,,"{""category"": """", ""region"": """", ""shop_region"": ""门头沟区 / 门头沟城区 / 自助KTV"", ""amap_best_name"": ""友唱AI智慧歌咏亭(小时代邻里中心店)"", ""amap_best_score"": ""1.0000"", ""amap_min_score_applied"": ""0.00"", ""review_rows"": ""100""}",search+review_api+offline_enriched,2026-02-14 23:48:33
k3jwdyiezp8OQmop,宝乐迪量贩KTV(广安路店),卢沟桥街道万丰路312号,丰台区,116.29337,39.87371,0.0,7.0,,,,,,,"{""category"": """", ""region"": """", ""shop_region"": """", ""amap_best_name"": ""宝乐迪量贩式KTV(万丰路店)"", ""amap_best_score"": ""0.7778"", ""amap_min_score_applied"": ""0.00"", ""review_rows"": ""7""}",search+review_api+offline_enriched,2026-02-14 23:48:34
k6NzRlQqbP0GVtLX,DL量贩式KTV,安居路7号院7号楼2层206,昌平区,116.315106,40.103736,3.7,7.0,,,"[{""title"": ""酒水相关（评论提及）"", ""price_hint"": ""88"", ""mentions"": ""2"", ""source"": ""review_text""}, {""title"": ""包厢相关（评论提及）"", ""price_hint"": ""88"", ""mentions"": ""1"", ""source"": ""review_text""}]",2.0,,,"{""category"": """", ""region"": """", ""shop_region"": ""密云区 / 密云县县城 / 量贩式KTV"", ""amap_best_name"": ""魅KTV(TBD万科店)"", ""amap_best_score"": ""0.1818"", ""amap_min_score_applied"": ""0.00"", ""review_rows"": ""10""}",search+review_api+offline_enriched,2026-02-14 23:48:35
k6QOMtKDsuoo2KnR,巴比伦量贩式ktv(庄盛奥特莱斯回龙观店),三合庄园9号楼北侧1号庄盛奥特莱斯F1层,昌平区,116.319675,40.08364,3.4,87.0,,,"[{""title"": ""套餐（评论提及）"", ""price_hint"": ""15,188"", ""mentions"": ""8"", ""source"": ""review_text""}, {""title"": ""团购（评论提及）"", ""price_hint"": ""15,188"", ""mentions"": ""3"", ""source"": ""review_text""}, {""title"": ""欢唱时长（评论提及）"", ""price_hint"": ""15,188"", ""mentions"": ""6"", ""source"": ""review_text""}, {""title"": ""酒水相关（评论提及）"", ""price_hint"": ""15,188"", ""mentions"": ""6"", ""source"": ""review_text""}, {""title"": ""包厢相关（评论提及）"", ""price_hint"": ""15,188"", ""mentions"": ""1"", ""source"": ""review_text""}]",5.0,,,"{""category"": """", ""region"": """", ""shop_region"": ""北京 / 回龙观商圈 / 量贩式KTV"", ""amap_best_name"": ""巴比伦量贩式KTV(庄盛奥特莱斯回龙观店)"", ""amap_best_score"": ""1.0000"", ""amap_min_score_applied"": ""0.00"", ""review_rows"": ""100""}",search+review_api+offline_enriched,2026-02-14 23:48:35
iywMR42afWxty5uE,中康国际KTV,六里桥北里弘利苑大厦2层,丰台区,116.305309,39.883202,3.4,29.0,,,"[{""title"": ""酒水相关（评论提及）"", ""price_hint"": """", ""mentions"": ""2"", ""source"": ""review_text""}]",1.0,,,"{""category"": """", ""region"": """", ""shop_region"": ""北京 / 朝阳公园/团结湖 / 量贩式KTV"", ""amap_best_name"": ""爱沙国际量贩KTV"", ""amap_best_score"": ""0.5000"", ""amap_min_score_applied"": ""0.00"", ""review_rows"": ""30""}",search+review_api+offline_enriched,2026-02-14 23:48:36
l1JLqICEWx2NBadQ,齐趴Club团建KTV轰趴馆·五道口店,北京城区成府路28号五道口购物中心4层,海淀区,116.339566,39.991506,4.6,317.0,,,"[{""title"": ""套餐（评论提及）"", ""price_hint"": """", ""mentions"": ""1"", ""source"": ""review_text""}, {""title"": ""欢唱时长（评论提及）"", ""price_hint"": """", ""mentions"": ""9"", ""source"": ""review_text""}, {""title"": ""酒水相关（评论提及）"", ""price_hint"": """", ""mentions"": ""2"", ""source"": ""review_text""}, {""title"": ""包厢相关（评论提及）"", ""price_hint"": """", ""mentions"": ""3"", ""source"": ""review_text""}]",4.0,,,"{""category"": """", ""region"": """", ""shop_region"": ""北京 / 中关村商圈 / 轰趴馆"", ""amap_best_name"": ""酷秀KTV·派对(五道口店)"", ""amap_best_score"": ""0.3200"", ""amap_min_score_applied"": ""0.00"", ""review_rows"": ""100""}",search+review_api+offline_enriched,2026-02-14 23:48:36
kaCWsvVsjgd3Po5o,顺玮阁量贩式KTV(北清路店),北清路北七家镇王府街32号(顺玮阁大酒店B1层),昌平区,116.383054,40.101503,3.1,69.0,,,"[{""title"": ""套餐（评论提及）"", ""price_hint"": """", ""mentions"": ""3"", ""source"": ""review_text""}, {""title"": ""团购（评论提及）"", ""price_hint"": """", ""mentions"": ""3"", ""source"": ""review_text""}, {""title"": ""欢唱时长（评论提及）"", ""price_hint"": """", ""mentions"": ""5"", ""source"": ""review_text""}, {""title"": ""酒水相关（评论提及）"", ""price_hint"": """", ""mentions"": ""3"", ""source"": ""review_text""}, {""title"": ""包厢相关（评论提及）"", ""price_hint"": """", ""mentions"": ""3"", ""source"": ""review_text""}]",5.0,,,"{""category"": """", ""region"": """", ""shop_region"": ""北京 / 昌平区 / 量贩式KTV"", ""amap_best_name"": ""顺玮阁量贩式KTV(北清路店)"", ""amap_best_score"": ""1.0000"", ""amap_min_score_applied"": ""0.00"", ""review_rows"": ""84""}",search+review_api+offline_enriched,2026-02-14 23:48:37
l7T0VVlie4cOHb27,弥新KTV,花乡青旅科创园A7(纪家庙地铁站D西南口步行300米),丰台区,116.332606,39.841575,3.7,8.0,,,"[{""title"": ""套餐（评论提及）"", ""price_hint"": """", ""mentions"": ""1"", ""source"": ""review_text""}, {""title"": ""欢唱时长（评论提及）"", ""price_hint"": """", ""mentions"": ""1"", ""source"": ""review_text""}]",2.0,,,"{""category"": """", ""region"": """", ""shop_region"": ""怀柔区 / 怀柔城区 / KTV"", ""amap_best_name"": ""新古典音乐厅"", ""amap_best_score"": ""0.2500"", ""amap_min_score_applied"": ""0.00"", ""review_rows"": ""14""}",search+review_api+offline_enriched,2026-02-14 23:48:37
G225A3zQMIoeIBBN,正兴量贩式KTV(慈云寺店),北京城区八里庄东里樱辉财富广场4楼401,朝阳区,116.496022,39.916014,3.2,225.0,,,"[{""title"": ""套餐（评论提及）"", ""price_hint"": ""100,96,172"", ""mentions"": ""7"", ""source"": ""review_text""}, {""title"": ""团购（评论提及）"", ""price_hint"": ""100,96,172"", ""mentions"": ""13"", ""source"": ""review_text""}, {""title"": ""欢唱时长（评论提及）"", ""price_hint"": ""100,96,172"", ""mentions"": ""11"", ""source"": ""review_text""}, {""title"": ""酒水相关（评论提及）"", ""price_hint"": ""100,96,172"", ""mentions"": ""9"", ""source"": ""review_text""}, {""title"": ""包厢相关（评论提及）"", ""price_hint"": ""100,96,172"", ""mentions"": ""7"", ""source"": ""review_text""}]",5.0,,,"{""category"": """", ""region"": """", ""shop_region"": ""北京 / 慈云寺/八里庄 / 量贩式KTV"", ""amap_best_name"": ""酷秀KTV·派对(慈云寺店)"", ""amap_best_score"": ""0.6667"", ""amap_min_score_applied"": ""0.00"", ""review_rows"": ""100""}",search+review_api+offline_enriched,2026-02-14 23:48:39
H8sSz19YCxK93HH5,鑫麦KTV(首都宾馆店),通顺路27号,顺义区,116.660456,40.099574,3.8,1208.0,,,"[{""title"": ""套餐（评论提及）"", ""price_hint"": ""88"", ""mentions"": ""6"", ""source"": ""review_text""}, {""title"": ""团购（评论提及）"", ""price_hint"": ""88"", ""mentions"": ""6"", ""source"": ""review_text""}, {""title"": ""欢唱时长（评论提及）"", ""price_hint"": ""88"", ""mentions"": ""10"", ""source"": ""review_text""}, {""title"": ""酒水相关（评论提及）"", ""price_hint"": ""88"", ""mentions"": ""9"", ""source"": ""review_text""}, {""title"": ""包厢相关（评论提及）"", ""price_hint"": ""88"", ""mentions"": ""7"", ""source"": ""review_text""}]",5.0,,,"{""category"": """", ""region"": """", ""shop_region"": ""北京 / 前门商圈 / 量贩式KTV"", ""amap_best_name"": ""食音汇量贩式KTV(首都机场店)"", ""amap_best_score"": ""0.5263"", ""amap_min_score_applied"": ""0.00"", ""review_rows"": ""100""}",search+review_api+offline_enriched,2026-02-14 23:48:39
k3GnagwN3dAsfM4D,蓝山海港国际俱乐部,火沙路32号院,顺义区,116.544195,40.099378,3.2,218.0,,,"[{""title"": ""套餐（评论提及）"", ""price_hint"": ""10,168,69"", ""mentions"": ""5"", ""source"": ""review_text""}, {""title"": ""团购（评论提及）"", ""price_hint"": ""10,168,69"", ""mentions"": ""17"", ""source"": ""review_text""}, {""title"": ""欢唱时长（评论提及）"", ""price_hint"": ""10,168,69"", ""mentions"": ""18"", ""source"": ""review_text""}, {""title"": ""酒水相关（评论提及）"", ""price_hint"": ""10,168,69"", ""mentions"": ""6"", ""source"": ""review_text""}, {""title"": ""包厢相关（评论提及）"", ""price_hint"": ""10,168,69"", ""mentions"": ""6"", ""source"": ""review_text""}]",5.0,,,"{""category"": """", ""region"": """", ""shop_region"": ""北京 / 后沙峪 / 量贩式KTV"", ""amap_best_name"": ""蓝山国际商务俱乐部(K歌)"", ""amap_best_score"": ""0.7000"", ""amap_min_score_applied"": ""0.00"", ""review_rows"": ""100""}",search+review_api+offline_enriched,2026-02-14 23:48:40
H83svBGqRsfBsxIA,音皇乐友汇量贩式KTV,北京城区马家堡东路108号院九号楼一层,丰台区,116.390298,39.840011,3.4,331.0,,,"[{""title"": ""套餐（评论提及）"", ""price_hint"": ""40,190"", ""mentions"": ""5"", ""source"": ""review_text""}, {""title"": ""团购（评论提及）"", ""price_hint"": ""40,190"", ""mentions"": ""10"", ""source"": ""review_text""}, {""title"": ""欢唱时长（评论提及）"", ""price_hint"": ""40,190"", ""mentions"": ""13"", ""source"": ""review_text""}, {""title"": ""酒水相关（评论提及）"", ""price_hint"": ""40,190"", ""mentions"": ""2"", ""source"": ""review_text""}, {""title"": ""包厢相关（评论提及）"", ""price_hint"": ""40,190"", ""mentions"": ""6"", ""source"": ""review_text""}]",5.0,,,"{""category"": """", ""region"": """", ""shop_region"": ""北京 / 刘家窑/宋家庄 / 量贩式KTV"", ""amap_best_name"": ""欢乐汇"", ""amap_best_score"": ""0.5000"", ""amap_min_score_applied"": ""0.00"", ""review_rows"": ""98""}",search+review_api+offline_enriched,2026-02-14 23:48:40
k7ZDMdaxV0xmNLUE,春风时叁量贩唱吧(丰体店),西单北大街130号华威潮铺街5层,西城区,116.374545,39.911608,0.0,,,,,,,,"{""category"": """", ""region"": """", ""shop_region"": """", ""amap_best_name"": ""唱吧麦颂量贩KTV(西单店)"", ""amap_best_score"": ""0.5000"", ""amap_min_score_applied"": ""0.00""}",search+review_api+offline_enriched,2026-02-14 23:48:41
FXc57BbsEouFVQBJ,唱吧麦颂KTV(密云西大桥店),新南路2号,密云区,116.83306,40.367303,4.8,460.0,,,"[{""title"": ""套餐（评论提及）"", ""price_hint"": """", ""mentions"": ""2"", ""source"": ""review_text""}, {""title"": ""团购（评论提及）"", ""price_hint"": """", ""mentions"": ""2"", ""source"": ""review_text""}, {""title"": ""欢唱时长（评论提及）"", ""price_hint"": """", ""mentions"": ""3"", ""source"": ""review_text""}, {""title"": ""酒水相关（评论提及）"", ""price_hint"": """", ""mentions"": ""4"", ""source"": ""review_text""}, {""title"": ""包厢相关（评论提及）"", ""price_hint"": """", ""mentions"": ""3"", ""source"": ""review_text""}]",5.0,,,"{""category"": """", ""region"": """", ""shop_region"": ""密云区 / 密云县县城 / 量贩式KTV"", ""amap_best_name"": ""唱吧麦颂KTV(北京密云西大桥店)"", ""amap_best_score"": ""1.0000"", ""amap_min_score_applied"": ""0.00"", ""review_rows"": ""100""}",search+review_api+offline_enriched,2026-02-14 23:48:42
l1x10BOW5UJ4MNsS,麦乐汇KTV·AI智慧(怀柔万达店),石景山路乙18号万达广场(北京石景山店)1F层,石景山区,116.225559,39.905822,4.8,725.0,,,"[{""title"": ""套餐（评论提及）"", ""price_hint"": """", ""mentions"": ""4"", ""source"": ""review_text""}, {""title"": ""团购（评论提及）"", ""price_hint"": """", ""mentions"": ""6"", ""source"": ""review_text""}, {""title"": ""欢唱时长（评论提及）"", ""price_hint"": """", ""mentions"": ""6"", ""source"": ""review_text""}, {""title"": ""酒水相关（评论提及）"", ""price_hint"": """", ""mentions"": ""10"", ""source"": ""review_text""}, {""title"": ""包厢相关（评论提及）"", ""price_hint"": """", ""mentions"": ""3"", ""source"": ""review_text""}]",5.0,,,"{""category"": """", ""region"": """", ""shop_region"": ""怀柔区 / 怀柔城区 / 量贩式KTV"", ""amap_best_name"": ""麦乐汇KTV(石景山万达广场店)"", ""amap_best_score"": ""0.5926"", ""amap_min_score_applied"": ""0.00"", ""review_rows"": ""100""}",search+review_api+offline_enriched,2026-02-14 23:48:42
l1Xx8LCRTnkvy8fJ,相遇轰趴·桌游·团建·KTV(苏州街旗舰店),苏州街18号院长远天地大厦A座F2层,海淀区,116.30656,39.977386,4.4,190.0,,,"[{""title"": ""团购（评论提及）"", ""price_hint"": """", ""mentions"": ""1"", ""source"": ""review_text""}, {""title"": ""欢唱时长（评论提及）"", ""price_hint"": """", ""mentions"": ""5"", ""source"": ""review_text""}, {""title"": ""酒水相关（评论提及）"", ""price_hint"": """", ""mentions"": ""1"", ""source"": ""review_text""}, {""title"": ""包厢相关（评论提及）"", ""price_hint"": """", ""mentions"": ""3"", ""source"": ""review_text""}]",4.0,,,"{""category"": """", ""region"": """", ""shop_region"": ""北京 / 中关村商圈 / 轰趴馆"", ""amap_best_name"": ""相遇轰趴·桌游·团建·KTV"", ""amap_best_score"": ""0.7467"", ""amap_min_score_applied"": ""0.00"", ""review_rows"": ""100""}",search+review_api+offline_enriched,2026-02-14 23:48:44
k5Vo8BXepzT8RXMO,恒·CLUB 量贩式KTV,金汇路中骏世界城D座B1-06,朝阳区,116.451876,39.917594,0.0,4.0,,,"[{""title"": ""欢唱时长（评论提及）"", ""price_hint"": """", ""mentions"": ""1"", ""source"": ""review_text""}]",1.0,,,"{""category"": """", ""region"": """", ""shop_region"": ""北京 / 劲松/潘家园 / 量贩式KTV"", ""amap_best_name"": ""温莎KTV(CBD世界城店)"", ""amap_best_score"": ""0.2500"", ""amap_min_score_applied"": ""0.00"", ""review_rows"": ""6""}",search+review_api+offline_enriched,2026-02-14 23:48:44
H5OSq0bBdeM5A0CY,时光星河 Time Galaxy Party,八里庄街道建国路89号院17号楼1-B1层,朝阳区,116.482051,39.911138,0.0,2.0,,,,,,,"{""category"": """", ""region"": """", ""shop_region"": ""北京 / 三元桥/霄云路 / 量贩式KTV"", ""amap_best_name"": ""星聚会KTV(X Party北京SKP店)"", ""amap_best_score"": ""0.4118"", ""amap_min_score_applied"": ""0.00"", ""review_rows"": ""2""}",search+review_api+offline_enriched,2026-02-14 23:48:45
l7BUabLd6HPXNafq,唱吧麦颂KTV(平谷华联店),北京城区迎宾街1号院22号楼四层f4-01,平谷区,117.093631,40.14634,4.6,591.0,,,"[{""title"": ""套餐（评论提及）"", ""price_hint"": ""60,178"", ""mentions"": ""10"", ""source"": ""review_text""}, {""title"": ""团购（评论提及）"", ""price_hint"": ""60,178"", ""mentions"": ""1"", ""source"": ""review_text""}, {""title"": ""欢唱时长（评论提及）"", ""price_hint"": ""60,178"", ""mentions"": ""9"", ""source"": ""review_text""}, {""title"": ""酒水相关（评论提及）"", ""price_hint"": ""60,178"", ""mentions"": ""2"", ""source"": ""review_text""}, {""title"": ""包厢相关（评论提及）"", ""price_hint"": ""60,178"", ""mentions"": ""8"", ""source"": ""review_text""}]",5.0,,,"{""category"": """", ""region"": """", ""shop_region"": ""平谷区 / 平谷城区 / 量贩式KTV"", ""amap_best_name"": ""唱吧麦颂KTV(北京平谷华联店)"", ""amap_best_score"": ""1.0000"", ""amap_min_score_applied"": ""0.00"", ""review_rows"": ""100""}",search+review_api+offline_enriched,2026-02-14 23:48:45
H1QggHqzRGF4y7cn,魅KTV,西单北大街109号三层(灵境胡同地铁站D西南口步行280米),西城区,116.37309,39.913888,0.0,,,,,,,,"{""category"": """", ""region"": """", ""shop_region"": """", ""amap_best_name"": ""魅KTV(西单店)"", ""amap_best_score"": ""0.3657"", ""amap_min_score_applied"": ""0.00""}",search+review_api+offline_enriched,2026-02-14 23:48:46
G9VpolO1fZNFf621,影爱唱k量贩式KTV(超级合生汇店),北京城区北清路1号院15号楼地上2层10-L2-01,昌平区,116.293007,40.098309,3.4,281.0,,,"[{""title"": ""套餐（评论提及）"", ""price_hint"": ""48"", ""mentions"": ""15"", ""source"": ""review_text""}, {""title"": ""团购（评论提及）"", ""price_hint"": ""48"", ""mentions"": ""9"", ""source"": ""review_text""}, {""title"": ""欢唱时长（评论提及）"", ""price_hint"": ""48"", ""mentions"": ""11"", ""source"": ""review_text""}, {""title"": ""酒水相关（评论提及）"", ""price_hint"": ""48"", ""mentions"": ""7"", ""source"": ""review_text""}, {""title"": ""包厢相关（评论提及）"", ""price_hint"": ""48"", ""mentions"": ""6"", ""source"": ""review_text""}]",5.0,,,"{""category"": """", ""region"": """", ""shop_region"": ""北京 / 回龙观商圈 / 量贩式KTV"", ""amap_best_name"": ""星聚会KTV(北京超极合生汇店)"", ""amap_best_score"": ""0.6087"", ""amap_min_score_applied"": ""0.00"", ""review_rows"": ""100""}",search+review_api+offline_enriched,2026-02-14 23:48:46
H6nONA76eJDIdgAi,尚K主题量贩式KTV(蒲黄榆店),毛家湾胡同4号(北京站地铁站C东南出口步行260米),东城区,116.430701,39.904396,0.0,,,,,,,,"{""category"": """", ""region"": """", ""shop_region"": """", ""amap_best_name"": ""蓝调量贩式主题KTV(北京站店)"", ""amap_best_score"": ""0.5556"", ""amap_min_score_applied"": ""0.00""}",search+review_api+offline_enriched,2026-02-14 23:48:47
l63UUTVig61FJPZE,野先生·齐齐哈尔炭火烤肉·夜宵·KTV包房(超级蜂巢店),北京城区北清路1号院15号楼地上2层10-L2-01,昌平区,116.293007,40.098309,3.9,1794.0,,,"[{""title"": ""套餐（评论提及）"", ""price_hint"": ""10,19"", ""mentions"": ""10"", ""source"": ""review_text""}, {""title"": ""团购（评论提及）"", ""price_hint"": ""10,19"", ""mentions"": ""11"", ""source"": ""review_text""}, {""title"": ""酒水相关（评论提及）"", ""price_hint"": ""10,19"", ""mentions"": ""1"", ""source"": ""review_text""}, {""title"": ""包厢相关（评论提及）"", ""price_hint"": ""10,19"", ""mentions"": ""1"", ""source"": ""review_text""}]",4.0,,,"{""category"": """", ""region"": """", ""shop_region"": ""北京 / 高碑店 / 融合烤肉"", ""amap_best_name"": ""星聚会KTV(北京超极合生汇店)"", ""amap_best_score"": ""0.2424"", ""amap_min_score_applied"": ""0.00"", ""review_rows"": ""100""}",search+review_api+offline_enriched,2026-02-14 23:48:48
G3YtGA1z8QkivEud,麦顺KTV,马连道东街15号院一号楼商业B1层,西城区,116.331851,39.884419,0.0,,,,,,,,"{""category"": """", ""region"": """", ""shop_region"": """", ""amap_best_name"": ""麦K量贩式KTV"", ""amap_best_score"": ""0.5000"", ""amap_min_score_applied"": ""0.00""}",search+review_api+offline_enriched,2026-02-14 23:48:49
k5KEg567dpGSy8d1,嗨音秀量贩式ktv,建材城西一里西南3门东190米,海淀区,116.353025,40.061725,0.0,,,,,,,,"{""category"": """", ""region"": """", ""shop_region"": """", ""amap_best_name"": ""嗨音秀量贩式"", ""amap_best_score"": ""1.0000"", ""amap_min_score_applied"": ""0.00""}",search+review_api+offline_enriched,2026-02-14 23:48:50
H8UXEJwvpDW0bm0m,红河湾量贩式KTV,良锦路一号院一号楼二层202,房山区,116.1348,39.680831,0.0,2.0,,,,,,,"{""category"": """", ""region"": """", ""shop_region"": """", ""amap_best_name"": ""星河量贩KTV"", ""amap_best_score"": ""0.4000"", ""amap_min_score_applied"": ""0.00"", ""review_rows"": ""2""}",search+review_api+offline_enriched,2026-02-14 23:48:52
k2dTcDBRVPuMgpBB,唱吧麦颂KTV(朝阳大悦城店),北京城区雅成一里19号楼-1层-101南侧,朝阳区,116.521598,39.924055,4.1,3932.0,68.0,,"[{""title"": ""仅售188元，价值200元「狂欢价」【北京专属】百威纯生12瓶"", ""url"": ""http://t.dianping.com/deal/1181072974"", ""deal_id"": ""1181072974""}, {""title"": ""套餐（评论提及）"", ""price_hint"": ""180,26"", ""mentions"": ""1"", ""source"": ""review_text""}, {""title"": ""团购（评论提及）"", ""price_hint"": ""180,26"", ""mentions"": ""2"", ""source"": ""review_text""}, {""title"": ""欢唱时长（评论提及）"", ""price_hint"": ""180,26"", ""mentions"": ""8"", ""source"": ""review_text""}, {""title"": ""酒水相关（评论提及）"", ""price_hint"": ""180,26"", ""mentions"": ""2"", ""source"": ""review_text""}, {""title"": ""包厢相关（评论提及）"", ""price_hint"": ""180,26"", ""mentions"": ""6"", ""source"": ""review_text""}]",6.0,,,"{""category"": ""量贩式KTV"", ""region"": ""青年路"", ""shop_region"": ""北京 / 青年路 / 量贩式KTV"", ""amap_best_name"": ""唱吧麦颂KTV(北京大悦城店)"", ""amap_best_score"": ""0.9091"", ""amap_min_score_applied"": ""0.00"", ""review_rows"": ""100""}",search+review_api+offline_enriched,2026-02-14 23:49:07
la6ZhEonIjwWlnNx,纯K(工体店),北京城区工人体育场西路6号(工人体育场西门南侧200米),朝阳区,116.444276,39.929376,4.8,7865.0,88.0,,"[{""title"": ""套餐（评论提及）"", ""price_hint"": ""180,26"", ""mentions"": ""1"", ""source"": ""review_text""}, {""title"": ""团购（评论提及）"", ""price_hint"": ""180,26"", ""mentions"": ""2"", ""source"": ""review_text""}, {""title"": ""欢唱时长（评论提及）"", ""price_hint"": ""180,26"", ""mentions"": ""8"", ""source"": ""review_text""}, {""title"": ""酒水相关（评论提及）"", ""price_hint"": ""180,26"", ""mentions"": ""2"", ""source"": ""review_text""}, {""title"": ""包厢相关（评论提及）"", ""price_hint"": ""180,26"", ""mentions"": ""6"", ""source"": ""review_text""}]",5.0,,,"{""category"": ""量贩式KTV"", ""region"": ""三里屯/工体"", ""shop_region"": ""北京 / 三里屯/工体 / 量贩式KTV"", ""amap_best_name"": ""纯K(工体店)"", ""amap_best_score"": ""1.0000"", ""amap_min_score_applied"": ""0.00"", ""review_rows"": ""100""}",search+review_api+offline_enriched,2026-02-14 23:49:08
k8YtG5gDhUzUgcw7,唱吧麦颂KTV(朝阳姚家园活力东方店),北京城区姚家园路甲1号活力东方购物广场一层西馆唱吧麦颂,朝阳区,116.521174,39.940288,4.7,3151.0,31.0,,"[{""title"": ""仅售188元，价值200元「狂欢价」【北京专属】百威纯生12瓶"", ""url"": ""http://t.dianping.com/deal/1181072974"", ""deal_id"": ""1181072974""}, {""title"": ""套餐（评论提及）"", ""price_hint"": ""180,26"", ""mentions"": ""1"", ""source"": ""review_text""}, {""title"": ""团购（评论提及）"", ""price_hint"": ""180,26"", ""mentions"": ""2"", ""source"": ""review_text""}, {""title"": ""欢唱时长（评论提及）"", ""price_hint"": ""180,26"", ""mentions"": ""8"", ""source"": ""review_text""}, {""title"": ""酒水相关（评论提及）"", ""price_hint"": ""180,26"", ""mentions"": ""2"", ""source"": ""review_text""}, {""title"": ""包厢相关（评论提及）"", ""price_hint"": ""180,26"", ""mentions"": ""6"", ""source"": ""review_text""}]",6.0,,,"{""category"": ""量贩式KTV"", ""region"": ""姚家园"", ""shop_region"": ""北京 / 姚家园 / 量贩式KTV"", ""amap_best_name"": ""唱吧麦颂KTV(姚家园活力东方店)"", ""amap_best_score"": ""0.9333"", ""amap_min_score_applied"": ""0.00"", ""review_rows"": ""100""}",search+review_api+offline_enriched,2026-02-14 23:49:08
H5TXyOZkHc0XeH7O,温莎KTV(花园店),北京城区西三环北路87号国际财经中心B1层,海淀区,116.309539,39.934921,4.5,16061.0,78.0,,"[{""title"": ""仅售298元，价值1268元【新春欢唱预售】啤酒1打或鸡尾酒1桶｜加上包房K歌"", ""url"": ""http://t.dianping.com/deal/1601021641"", ""deal_id"": ""1601021641""}, {""title"": ""套餐（评论提及）"", ""price_hint"": ""180,26"", ""mentions"": ""1"", ""source"": ""review_text""}, {""title"": ""团购（评论提及）"", ""price_hint"": ""180,26"", ""mentions"": ""2"", ""source"": ""review_text""}, {""title"": ""欢唱时长（评论提及）"", ""price_hint"": ""180,26"", ""mentions"": ""8"", ""source"": ""review_text""}, {""title"": ""酒水相关（评论提及）"", ""price_hint"": ""180,26"", ""mentions"": ""2"", ""source"": ""review_text""}, {""title"": ""包厢相关（评论提及）"", ""price_hint"": ""180,26"", ""mentions"": ""6"", ""source"": ""review_text""}]",6.0,,,"{""category"": ""量贩式KTV"", ""region"": ""紫竹桥"", ""shop_region"": ""北京 / 紫竹桥 / 量贩式KTV"", ""amap_best_name"": ""温莎KTV(花园店)"", ""amap_best_score"": ""1.0000"", ""amap_min_score_applied"": ""0.00"", ""review_rows"": ""100""}",search+review_api+offline_enriched,2026-02-14 23:49:09
k7bYAjdYCqYNmska,INLOVE·KTV(荟聚店),站前街3号院锦荟港F5层,顺义区,116.647761,40.126183,4.0,3979.0,,,"[{""title"": ""套餐（评论提及）"", ""price_hint"": ""180,26"", ""mentions"": ""1"", ""source"": ""review_text""}, {""title"": ""团购（评论提及）"", ""price_hint"": ""180,26"", ""mentions"": ""2"", ""source"": ""review_text""}, {""title"": ""欢唱时长（评论提及）"", ""price_hint"": ""180,26"", ""mentions"": ""8"", ""source"": ""review_text""}, {""title"": ""酒水相关（评论提及）"", ""price_hint"": ""180,26"", ""mentions"": ""2"", ""source"": ""review_text""}, {""title"": ""包厢相关（评论提及）"", ""price_hint"": ""180,26"", ""mentions"": ""6"", ""source"": ""review_text""}]",5.0,,,"{""category"": """", ""region"": """", ""shop_region"": ""北京 / 西红门 / 量贩式KTV"", ""amap_best_name"": ""魅KTV(锦荟港店)"", ""amap_best_score"": ""0.4444"", ""amap_min_score_applied"": ""0.00"", ""review_rows"": ""100""}",search+review_api+offline_enriched,2026-02-14 23:49:09
k6aQY2tewtsPzc5D,麦颂KTV(常营华联店),北京城区朝阳北路17号楼,朝阳区,116.596186,39.926212,4.5,999.0,,,"[{""title"": ""套餐（评论提及）"", ""price_hint"": ""180,26"", ""mentions"": ""1"", ""source"": ""review_text""}, {""title"": ""团购（评论提及）"", ""price_hint"": ""180,26"", ""mentions"": ""2"", ""source"": ""review_text""}, {""title"": ""欢唱时长（评论提及）"", ""price_hint"": ""180,26"", ""mentions"": ""8"", ""source"": ""review_text""}, {""title"": ""酒水相关（评论提及）"", ""price_hint"": ""180,26"", ""mentions"": ""2"", ""source"": ""review_text""}, {""title"": ""包厢相关（评论提及）"", ""price_hint"": ""180,26"", ""mentions"": ""6"", ""source"": ""review_text""}]",5.0,,,"{""category"": """", ""region"": """", ""shop_region"": ""北京 / 常营 / 量贩式KTV"", ""amap_best_name"": ""唱吧麦颂KTV(常营华联店)"", ""amap_best_score"": ""0.9800"", ""amap_min_score_applied"": ""0.00"", ""review_rows"": ""100""}",search+review_api+offline_enriched,2026-02-14 23:49:10
